fecha,sku,tipo_movimiento,cantidad,documento,bodega,responsable
2024-07-01,MP-0019,salida,57.2,CONS-101376,BOD-02,OP-03
2024-07-01,MP-0022,salida,69.8,CONS-101383,BOD-03,OP-03
2024-07-01,MP-0094,salida,27.1,CONS-101390,BOD-02,OP-06
2024-07-01,MP-0074,salida,28.1,CONS-101397,BOD-03,OP-03
2024-07-01,MP-0370,salida,9.1,CONS-101404,BOD-01,OP-02
2024-07-01,MP-0299,salida,35.2,CONS-101411,BOD-03,OP-04
2024-07-01,MP-0309,salida,31.9,CONS-101418,BOD-03,OP-02
2024-07-01,MP-0418,salida,29.6,CONS-101425,BOD-02,OP-04
2024-07-01,MP-0008,salida,122.8,CONS-101432,BOD-03,OP-06
2024-07-01,MP-0005,salida,95.7,CONS-101439,BOD-02,OP-05
2024-07-01,MP-0133,salida,130.9,CONS-101446,BOD-02,OP-01
2024-07-01,MP-0101,salida,115.0,CONS-101453,BOD-03,OP-05
2024-07-01,MP-0149,salida,135.7,CONS-101460,BOD-01,OP-05
2024-07-01,MP-0254,salida,135.4,CONS-101474,BOD-03,OP-02
2024-07-01,MP-0161,salida,50.5,CONS-101481,BOD-03,OP-01
2024-07-01,MP-0197,salida,122.5,CONS-101488,BOD-03,OP-03
2024-07-01,MP-0037,salida,69.0,CONS-101495,BOD-03,OP-02
2024-07-01,MP-0018,salida,11.5,CONS-101502,BOD-02,OP-02
2024-07-01,MP-0073,salida,83.3,CONS-101516,BOD-03,OP-05
2024-07-01,MP-0199,salida,70.9,CONS-101530,BOD-02,OP-03
2024-07-01,MP-0232,salida,63.4,CONS-101537,BOD-01,OP-01
2024-07-01,MP-0027,salida,9.6,CONS-101544,BOD-03,OP-06
2024-07-01,MP-0116,salida,28.9,CONS-101551,BOD-03,OP-04
2024-07-01,MP-0108,salida,51.8,CONS-101558,BOD-02,OP-03
2024-07-01,MP-0239,salida,24.1,CONS-101572,BOD-01,OP-01
2024-07-01,MP-0016,salida,77.7,CONS-101579,BOD-01,OP-02
2024-07-01,MP-0030,salida,7.3,CONS-101586,BOD-03,OP-03
2024-07-01,MP-0120,salida,34.9,CONS-101593,BOD-03,OP-05
2024-07-01,MP-0043,salida,-20.2,CONS-101600,BOD-02,OP-06
2024-07-01,MP-0182,salida,43.5,CONS-101607,BOD-01,OP-06
2024-07-01,MP-0369,salida,40.6,CONS-101614,BOD-01,OP-03
2024-07-01,MP-0157,salida,71.2,CONS-101621,BOD-02,OP-05
2024-07-01,MP-0001,salida,25.6,CONS-101628,BOD-03,OP-03
2024-07-01,MP-0014,salida,20.8,CONS-101635,BOD-02,OP-02
2024-07-01,MP-0128,salida,91.8,CONS-101642,BOD-02,OP-04
2024-07-01,MP-0047,salida,11.0,CONS-101649,BOD-01,OP-01
2024-07-01,MP-0244,salida,12.4,CONS-101656,BOD-01,OP-03
2024-07-01,MP-0122,salida,50.8,CONS-101663,BOD-01,OP-05
2024-07-01,MP-0132,salida,84.3,CONS-101670,BOD-03,OP-01
2024-07-01,MP-0131,salida,31.2,CONS-101677,BOD-03,OP-03
2024-07-01,MP-0216,salida,65.1,CONS-101684,BOD-02,OP-03
2024-07-01,MP-0272,salida,8.3,CONS-101691,BOD-01,OP-03
2024-07-01,MP-0010,salida,54.8,CONS-101698,BOD-03,OP-01
2024-07-01,MP-0002,salida,31.1,CONS-101705,BOD-01,OP-01
2024-07-01,MP-0150,salida,43.5,CONS-101712,BOD-02,OP-05
2024-07-01,MP-0085,salida,58.8,CONS-101719,BOD-01,OP-02
2024-07-01,MP-0153,salida,30.7,CONS-101733,BOD-03,OP-06
2024-07-01,MP-0178,salida,14.5,CONS-101740,BOD-02,OP-05
2024-07-01,MP-0229,salida,68.4,CONS-101747,BOD-01,OP-06
2024-07-01,MP-0013,salida,71.0,CONS-101754,BOD-03,OP-05
2024-07-01,MP-0020,salida,-68.6,CONS-101761,BOD-02,OP-04
2024-07-01,MP-0106,salida,46.7,CONS-101768,BOD-01,OP-02
2024-07-01,MP-0051,salida,144.1,CONS-101775,BOD-02,OP-06
2024-07-01,MP-0411,salida,70.4,CONS-101782,BOD-03,OP-03
2024-07-01,MP-0238,salida,66.3,CONS-101789,BOD-03,OP-01
2024-07-01,MP-0004,salida,53.9,CONS-101796,BOD-03,OP-04
2024-07-01,MP-0033,salida,47.7,CONS-101803,BOD-02,OP-03
2024-07-01,MP-0045,salida,30.2,CONS-101810,BOD-01,OP-05
2024-07-01,MP-0386,salida,66.9,CONS-101817,BOD-01,OP-03
2024-07-01,MP-0393,salida,21.5,CONS-101824,BOD-01,OP-05
2024-07-01,MP-0373,salida,125.5,CONS-101831,BOD-01,OP-03
2024-07-01,MP-0015,salida,26.0,CONS-101838,BOD-02,OP-03
2024-07-01,MP-0012,salida,39.3,CONS-101845,BOD-03,OP-06
2024-07-01,MP-0142,salida,39.5,CONS-101852,BOD-01,OP-01
2024-07-01,MP-0102,salida,48.2,CONS-101859,BOD-02,OP-06
2024-07-01,MP-0114,salida,11.5,CONS-101866,BOD-03,OP-05
2024-07-01,MP-0325,salida,31.0,CONS-101873,BOD-03,OP-03
2024-07-01,MP-0193,salida,27.9,CONS-101880,BOD-03,OP-01
2024-07-01,MP-0330,salida,12.9,CONS-101887,BOD-02,OP-01
2024-07-01,MP-0024,salida,103.7,CONS-101894,BOD-02,OP-05
2024-07-01,MP-0060,salida,31.8,CONS-101908,BOD-03,OP-02
2024-07-01,MP-0357,salida,39.1,CONS-101915,BOD-01,OP-02
2024-07-01,MP-0162,salida,6.0,CONS-101922,BOD-03,OP-06
2024-07-01,MP-0009,salida,43.4,CONS-101929,BOD-01,OP-05
2024-07-01,MP-0076,salida,60.0,CONS-101936,BOD-02,OP-06
2024-07-01,MP-0077,salida,63.2,CONS-101943,BOD-02,OP-06
2024-07-01,MP-0273,salida,67.4,CONS-101950,BOD-02,OP-01
2024-07-01,MP-0026,salida,69.0,CONS-101957,BOD-02,OP-01
2024-07-01,MP-0071,salida,84.1,CONS-101971,BOD-02,OP-04
2024-07-01,MP-0388,salida,81.0,CONS-101978,BOD-01,OP-03
2024-07-01,MP-0227,salida,48.6,CONS-101985,BOD-02,OP-06
2024-07-01,MP-0088,salida,-62.5,CONS-101992,BOD-02,OP-03
2024-07-01,MP-0143,salida,69.8,CONS-101999,BOD-03,OP-02
2024-07-01,MP-0181,salida,58.7,CONS-102006,BOD-01,OP-05
2024-07-01,MP-0385,salida,17.2,CONS-102013,BOD-02,OP-06
2024-07-01,MP-0321,salida,31.7,CONS-102020,BOD-02,OP-02
2024-07-01,MP-0343,salida,70.3,CONS-102027,BOD-03,OP-06
2024-07-01,MP-0036,salida,42.0,CONS-102034,BOD-03,OP-05
2024-07-01,MP-0080,salida,46.4,CONS-102041,BOD-01,OP-04
2024-07-01,MP-0139,salida,85.4,CONS-102048,BOD-01,OP-02
2024-07-01,MP-0356,salida,54.7,CONS-102055,BOD-01,OP-02
2024-07-01,MP-0339,salida,18.2,CONS-102062,BOD-03,OP-03
2024-07-01,MP-0078,salida,51.3,CONS-102069,BOD-02,OP-06
2024-07-01,MP-0059,salida,31.6,CONS-102076,BOD-03,OP-02
2024-07-01,MP-0211,salida,24.8,CONS-102083,BOD-03,OP-06
2024-07-01,MP-0340,salida,24.8,CONS-102090,BOD-02,OP-05
2024-07-01,MP-0390,salida,17.8,CONS-102097,BOD-01,OP-06
2024-07-01,MP-0039,salida,7.3,CONS-102111,BOD-01,OP-05
2024-07-01,MP-0032,salida,14.3,CONS-102118,BOD-01,OP-04
2024-07-01,MP-0129,salida,48.6,CONS-102125,BOD-03,OP-01
2024-07-01,MP-0217,salida,36.9,CONS-102139,BOD-02,OP-01
2024-07-01,MP-0344,salida,-61.2,CONS-102146,BOD-03,OP-06
2024-07-05,MP-0019,salida,57.2,CONS-101377,BOD-01,OP-03
2024-07-05,MP-0022,salida,69.8,CONS-101384,BOD-02,OP-06
2024-07-05,MP-0094,salida,27.1,CONS-101391,BOD-02,OP-01
2024-07-05,MP-0074,salida,28.1,CONS-101398,BOD-03,OP-06
2024-07-05,MP-0370,salida,9.1,CONS-101405,BOD-03,OP-02
2024-07-05,MP-0299,salida,35.2,CONS-101412,BOD-01,OP-02
2024-07-05,MP-0309,salida,31.9,CONS-101419,BOD-02,OP-06
2024-07-05,MP-0418,salida,29.6,CONS-101426,BOD-01,OP-03
2024-07-05,MP-0008,salida,122.8,CONS-101433,BOD-01,OP-02
2024-07-05,MP-0005,salida,95.7,CONS-101440,BOD-01,OP-01
2024-07-05,MP-0133,salida,-130.9,CONS-101447,BOD-02,OP-03
2024-07-05,MP-0101,salida,115.0,CONS-101454,BOD-03,OP-03
2024-07-05,MP-0149,salida,135.7,CONS-101461,BOD-02,OP-01
2024-07-05,MP-0189,salida,93.1,CONS-101468,BOD-02,OP-06
2024-07-05,MP-0254,salida,135.4,CONS-101475,BOD-01,OP-01
2024-07-05,MP-0161,salida,50.5,CONS-101482,BOD-02,OP-01
2024-07-05,MP-0037,salida,69.0,CONS-101496,BOD-02,OP-01
2024-07-05,MP-0018,salida,11.5,CONS-101503,BOD-02,OP-02
2024-07-05,MP-0137,salida,57.8,CONS-101510,BOD-02,OP-06
2024-07-05,MP-0073,salida,83.3,CONS-101517,BOD-03,OP-01
2024-07-05,MP-0118,salida,74.9,CONS-101524,BOD-02,OP-05
2024-07-05,MP-0199,salida,70.9,CONS-101531,BOD-03,OP-06
2024-07-05,MP-0232,salida,63.4,CONS-101538,BOD-01,OP-06
2024-07-05,MP-0027,salida,9.6,CONS-101545,BOD-03,OP-06
2024-07-05,MP-0116,salida,28.9,CONS-101552,BOD-03,OP-01
2024-07-05,MP-0108,salida,51.8,CONS-101559,BOD-02,OP-01
2024-07-05,MP-0293,salida,50.7,CONS-101566,BOD-03,OP-03
2024-07-05,MP-0239,salida,24.1,CONS-101573,BOD-02,OP-01
2024-07-05,MP-0016,salida,77.7,CONS-101580,BOD-03,OP-03
2024-07-05,MP-0030,salida,7.3,CONS-101587,BOD-02,OP-01
2024-07-05,MP-0043,salida,20.2,CONS-101601,BOD-02,OP-06
2024-07-05,MP-0182,salida,43.5,CONS-101608,BOD-02,OP-05
2024-07-05,MP-0369,salida,40.6,CONS-101615,BOD-02,OP-05
2024-07-05,MP-0157,salida,71.2,CONS-101622,BOD-03,OP-01
2024-07-05,MP-0014,salida,20.8,CONS-101636,BOD-01,OP-05
2024-07-05,MP-0128,salida,91.8,CONS-101643,BOD-03,OP-02
2024-07-05,MP-0047,salida,11.0,CONS-101650,BOD-02,OP-01
2024-07-05,MP-0122,salida,-50.8,CONS-101664,BOD-02,OP-04
2024-07-05,MP-0132,salida,84.3,CONS-101671,BOD-03,OP-01
2024-07-05,MP-0131,salida,31.2,CONS-101678,BOD-01,OP-02
2024-07-05,MP-0216,salida,65.1,CONS-101685,BOD-01,OP-01
2024-07-05,MP-0272,salida,8.3,CONS-101692,BOD-01,OP-05
2024-07-05,MP-0010,salida,54.8,CONS-101699,BOD-02,OP-04
2024-07-05,MP-0002,salida,31.1,CONS-101706,BOD-01,OP-05
2024-07-05,MP-0150,salida,43.5,CONS-101713,BOD-03,OP-01
2024-07-05,MP-0085,salida,58.8,CONS-101720,BOD-01,OP-03
2024-07-05,MP-0202,salida,66.8,CONS-101727,BOD-01,OP-04
2024-07-05,MP-0153,salida,30.7,CONS-101734,BOD-02,OP-03
2024-07-05,MP-0178,salida,14.5,CONS-101741,BOD-02,OP-02
2024-07-05,MP-0229,salida,68.4,CONS-101748,BOD-02,OP-05
2024-07-05,MP-0013,salida,71.0,CONS-101755,BOD-02,OP-06
2024-07-05,MP-0020,salida,68.6,CONS-101762,BOD-02,OP-04
2024-07-05,MP-0106,salida,46.7,CONS-101769,BOD-03,OP-04
2024-07-05,MP-0411,salida,70.4,CONS-101783,BOD-02,OP-06
2024-07-05,MP-0238,salida,66.3,CONS-101790,BOD-03,OP-03
2024-07-05,MP-0033,salida,47.7,CONS-101804,BOD-02,OP-02
2024-07-05,MP-0045,salida,30.2,CONS-101811,BOD-02,OP-05
2024-07-05,MP-0386,salida,66.9,CONS-101818,BOD-01,OP-01
2024-07-05,MP-0393,salida,21.5,CONS-101825,BOD-02,OP-01
2024-07-05,MP-0373,salida,125.5,CONS-101832,BOD-01,OP-04
2024-07-05,MP-0015,salida,26.0,CONS-101839,BOD-02,OP-04
2024-07-05,MP-0142,salida,39.5,CONS-101853,BOD-01,OP-03
2024-07-05,MP-0102,salida,48.2,CONS-101860,BOD-03,OP-02
2024-07-05,MP-0114,salida,11.5,CONS-101867,BOD-02,OP-03
2024-07-05,MP-0325,salida,31.0,CONS-101874,BOD-03,OP-03
2024-07-05,MP-0193,salida,27.9,CONS-101881,BOD-01,OP-03
2024-07-05,MP-0330,salida,12.9,CONS-101888,BOD-03,OP-05
2024-07-05,MP-0117,salida,35.5,CONS-101902,BOD-03,OP-04
2024-07-05,MP-0060,salida,31.8,CONS-101909,BOD-02,OP-03
2024-07-05,MP-0357,salida,39.1,CONS-101916,BOD-03,OP-05
2024-07-05,MP-0162,salida,6.0,CONS-101923,BOD-03,OP-06
2024-07-05,MP-0009,salida,43.4,CONS-101930,BOD-02,OP-05
2024-07-05,MP-0077,salida,63.2,CONS-101944,BOD-01,OP-04
2024-07-05,MP-0273,salida,67.4,CONS-101951,BOD-03,OP-05
2024-07-05,MP-0111,salida,106.0,CONS-101965,BOD-01,OP-03
2024-07-05,MP-0071,salida,84.1,CONS-101972,BOD-02,OP-01
2024-07-05,MP-0388,salida,81.0,CONS-101979,BOD-02,OP-04
2024-07-05,MP-0227,salida,48.6,CONS-101986,BOD-01,OP-03
2024-07-05,MP-0088,salida,62.5,CONS-101993,BOD-01,OP-05
2024-07-05,MP-0143,salida,69.8,CONS-102000,BOD-01,OP-04
2024-07-05,MP-0181,salida,58.7,CONS-102007,BOD-01,OP-03
2024-07-05,MP-0385,salida,17.2,CONS-102014,BOD-01,OP-05
2024-07-05,MP-0321,salida,-31.7,CONS-102021,BOD-02,OP-04
2024-07-05,MP-0343,salida,70.3,CONS-102028,BOD-02,OP-01
2024-07-05,MP-0036,salida,42.0,CONS-102035,BOD-03,OP-03
2024-07-05,MP-0080,salida,46.4,CONS-102042,BOD-01,OP-06
2024-07-05,MP-0139,salida,85.4,CONS-102049,BOD-02,OP-06
2024-07-05,MP-0356,salida,54.7,CONS-102056,BOD-02,OP-06
2024-07-05,MP-0339,salida,18.2,CONS-102063,BOD-03,OP-05
2024-07-05,MP-0078,salida,51.3,CONS-102070,BOD-03,OP-03
2024-07-05,MP-0059,salida,31.6,CONS-102077,BOD-01,OP-04
2024-07-05,MP-0340,salida,24.8,CONS-102091,BOD-02,OP-01
2024-07-05,MP-0268,salida,16.3,CONS-102105,BOD-01,OP-05
2024-07-05,MP-0039,salida,7.3,CONS-102112,BOD-03,OP-01
2024-07-05,MP-0032,salida,14.3,CONS-102119,BOD-01,OP-01
2024-07-05,MP-0136,salida,41.8,CONS-102133,BOD-01,OP-06
2024-07-05,MP-0217,salida,36.9,CONS-102140,BOD-03,OP-06
2024-07-05,MP-0344,salida,61.2,CONS-102147,BOD-03,OP-06
2024-07-05,MP-0320,ajuste,38,AJU-120083,BOD-02,AUDIT
2024-07-07,MP-0114,ajuste,-4,AJU-120074,BOD-03,AUDIT
2024-07-08,MP-0310,ajuste,-35,AJU-120039,BOD-03,AUDIT
2024-07-09,MP-0019,salida,57.2,CONS-101378,BOD-01,OP-05
2024-07-09,MP-0022,salida,69.8,CONS-101385,BOD-01,OP-01
2024-07-09,MP-0094,salida,27.1,CONS-101392,BOD-03,OP-04
2024-07-09,MP-0370,salida,9.1,CONS-101406,BOD-02,OP-04
2024-07-09,MP-0299,salida,35.2,CONS-101413,BOD-02,OP-02
2024-07-09,MP-0309,salida,31.9,CONS-101420,BOD-02,OP-06
2024-07-09,MP-0418,salida,29.6,CONS-101427,BOD-02,OP-01
2024-07-09,MP-0008,salida,122.8,CONS-101434,BOD-03,OP-02
2024-07-09,MP-0005,salida,95.7,CONS-101441,BOD-01,OP-02
2024-07-09,MP-0133,salida,130.9,CONS-101448,BOD-01,OP-05
2024-07-09,MP-0101,salida,115.0,CONS-101455,BOD-03,OP-02
2024-07-09,MP-0149,salida,135.7,CONS-101462,BOD-03,OP-01
2024-07-09,MP-0189,salida,93.1,CONS-101469,BOD-01,OP-01
2024-07-09,MP-0254,salida,135.4,CONS-101476,BOD-02,OP-02
2024-07-09,MP-0197,salida,122.5,CONS-101490,BOD-01,OP-01
2024-07-09,MP-0037,salida,69.0,CONS-101497,BOD-02,OP-01
2024-07-09,MP-0137,salida,57.8,CONS-101511,BOD-01,OP-05
2024-07-09,MP-0073,salida,83.3,CONS-101518,BOD-01,OP-03
2024-07-09,MP-0118,salida,74.9,CONS-101525,BOD-03,OP-05
2024-07-09,MP-0232,salida,63.4,CONS-101539,BOD-02,OP-05
2024-07-09,MP-0027,salida,9.6,CONS-101546,BOD-01,OP-04
2024-07-09,MP-0116,salida,28.9,CONS-101553,BOD-03,OP-06
2024-07-09,MP-0108,salida,51.8,CONS-101560,BOD-03,OP-05
2024-07-09,MP-0293,salida,50.7,CONS-101567,BOD-02,OP-06
2024-07-09,MP-0239,salida,24.1,CONS-101574,BOD-03,OP-05
2024-07-09,MP-0016,salida,77.7,CONS-101581,BOD-03,OP-05
2024-07-09,MP-0030,salida,7.3,CONS-101588,BOD-01,OP-01
2024-07-09,MP-0043,salida,20.2,CONS-101602,BOD-03,OP-02
2024-07-09,MP-0182,salida,43.5,CONS-101609,BOD-03,OP-05
2024-07-09,MP-0369,salida,40.6,CONS-101616,BOD-01,OP-03
2024-07-09,MP-0157,salida,71.2,CONS-101623,BOD-03,OP-04
2024-07-09,MP-0001,salida,25.6,CONS-101630,BOD-03,OP-03
2024-07-09,MP-0014,salida,20.8,CONS-101637,BOD-01,OP-05
2024-07-09,MP-0128,salida,91.8,CONS-101644,BOD-03,OP-02
2024-07-09,MP-0047,salida,11.0,CONS-101651,BOD-01,OP-05
2024-07-09,MP-0244,salida,12.4,CONS-101658,BOD-03,OP-01
2024-07-09,MP-0122,salida,50.8,CONS-101665,BOD-03,OP-01
2024-07-09,MP-0132,salida,84.3,CONS-101672,BOD-03,OP-06
2024-07-09,MP-0131,salida,31.2,CONS-101679,BOD-02,OP-04
2024-07-09,MP-0216,salida,65.1,CONS-101686,BOD-03,OP-04
2024-07-09,MP-0272,salida,8.3,CONS-101693,BOD-03,OP-05
2024-07-09,MP-0010,salida,54.8,CONS-101700,BOD-03,OP-01
2024-07-09,MP-0150,salida,43.5,CONS-101714,BOD-01,OP-01
2024-07-09,MP-0085,salida,58.8,CONS-101721,BOD-01,OP-01
2024-07-09,MP-0202,salida,66.8,CONS-101728,BOD-02,OP-03
2024-07-09,MP-0153,salida,30.7,CONS-101735,BOD-03,OP-02
2024-07-09,MP-0178,salida,14.5,CONS-101742,BOD-02,OP-05
2024-07-09,MP-0013,salida,71.0,CONS-101756,BOD-02,OP-06
2024-07-09,MP-0020,salida,68.6,CONS-101763,BOD-03,OP-01
2024-07-09,MP-0106,salida,46.7,CONS-101770,BOD-02,OP-02
2024-07-09,MP-0051,salida,144.1,CONS-101777,BOD-02,OP-02
2024-07-09,MP-0411,salida,70.4,CONS-101784,BOD-02,OP-04
2024-07-09,MP-0238,salida,66.3,CONS-101791,BOD-01,OP-06
2024-07-09,MP-0004,salida,53.9,CONS-101798,BOD-01,OP-05
2024-07-09,MP-0033,salida,47.7,CONS-101805,BOD-01,OP-06
2024-07-09,MP-0045,salida,30.2,CONS-101812,BOD-03,OP-05
2024-07-09,MP-0393,salida,21.5,CONS-101826,BOD-02,OP-01
2024-07-09,MP-0373,salida,125.5,CONS-101833,BOD-03,OP-01
2024-07-09,MP-0015,salida,26.0,CONS-101840,BOD-02,OP-02
2024-07-09,MP-0012,salida,39.3,CONS-101847,BOD-01,OP-04
2024-07-09,MP-0142,salida,39.5,CONS-101854,BOD-03,OP-02
2024-07-09,MP-0102,salida,48.2,CONS-101861,BOD-01,OP-02
2024-07-09,MP-0114,salida,11.5,CONS-101868,BOD-01,OP-03
2024-07-09,MP-0325,salida,31.0,CONS-101875,BOD-01,OP-04
2024-07-09,MP-0193,salida,27.9,CONS-101882,BOD-01,OP-01
2024-07-09,MP-0330,salida,12.9,CONS-101889,BOD-02,OP-02
2024-07-09,MP-0024,salida,103.7,CONS-101896,BOD-03,OP-02
2024-07-09,MP-0117,salida,35.5,CONS-101903,BOD-01,OP-04
2024-07-09,MP-0060,salida,31.8,CONS-101910,BOD-02,OP-04
2024-07-09,MP-0357,salida,39.1,CONS-101917,BOD-03,OP-06
2024-07-09,MP-0162,salida,6.0,CONS-101924,BOD-01,OP-04
2024-07-09,MP-0009,salida,43.4,CONS-101931,BOD-01,OP-04
2024-07-09,MP-0076,salida,60.0,CONS-101938,BOD-02,OP-04
2024-07-09,MP-0077,salida,63.2,CONS-101945,BOD-02,OP-06
2024-07-09,MP-0273,salida,67.4,CONS-101952,BOD-01,OP-03
2024-07-09,MP-0026,salida,69.0,CONS-101959,BOD-03,OP-04
2024-07-09,MP-0111,salida,106.0,CONS-101966,BOD-02,OP-01
2024-07-09,MP-0071,salida,84.1,CONS-101973,BOD-02,OP-06
2024-07-09,MP-0388,salida,81.0,CONS-101980,BOD-02,OP-01
2024-07-09,MP-0227,salida,48.6,CONS-101987,BOD-01,OP-04
2024-07-09,MP-0088,salida,62.5,CONS-101994,BOD-01,OP-01
2024-07-09,MP-0143,salida,69.8,CONS-102001,BOD-02,OP-06
2024-07-09,MP-0181,salida,58.7,CONS-102008,BOD-01,OP-06
2024-07-09,MP-0385,salida,17.2,CONS-102015,BOD-01,OP-04
2024-07-09,MP-0321,salida,31.7,CONS-102022,BOD-02,OP-06
2024-07-09,MP-0343,salida,70.3,CONS-102029,BOD-03,OP-06
2024-07-09,MP-0036,salida,42.0,CONS-102036,BOD-03,OP-01
2024-07-09,MP-0080,salida,46.4,CONS-102043,BOD-01,OP-02
2024-07-09,MP-0139,salida,85.4,CONS-102050,BOD-03,OP-05
2024-07-09,MP-0356,salida,54.7,CONS-102057,BOD-02,OP-04
2024-07-09,MP-0339,salida,18.2,CONS-102064,BOD-01,OP-05
2024-07-09,MP-0078,salida,51.3,CONS-102071,BOD-03,OP-04
2024-07-09,MP-0059,salida,31.6,CONS-102078,BOD-01,OP-06
2024-07-09,MP-0211,salida,24.8,CONS-102085,BOD-03,OP-01
2024-07-09,MP-0340,salida,24.8,CONS-102092,BOD-03,OP-03
2024-07-09,MP-0390,salida,17.8,CONS-102099,BOD-02,OP-03
2024-07-09,MP-0268,salida,16.3,CONS-102106,BOD-03,OP-06
2024-07-09,MP-0039,salida,7.3,CONS-102113,BOD-01,OP-06
2024-07-09,MP-0032,salida,14.3,CONS-102120,BOD-02,OP-05
2024-07-09,MP-0129,salida,48.6,CONS-102127,BOD-03,OP-05
2024-07-09,MP-0136,salida,41.8,CONS-102134,BOD-01,OP-02
2024-07-09,MP-0217,salida,36.9,CONS-102141,BOD-03,OP-04
2024-07-09,MP-0344,salida,61.2,CONS-102148,BOD-01,OP-04
2024-07-10,MP-0036,entrada,457,REC-OC-5539,BOD-01,OP-01
2024-07-12,MP-0089,entrada,298,REC-OC-5848,BOD-02,OP-06
2024-07-13,MP-0030,entrada,2153,REC-OC-5418,BOD-03,OP-03
2024-07-13,MP-0019,salida,57.2,CONS-101379,BOD-02,OP-03
2024-07-13,MP-0022,salida,69.8,CONS-101386,BOD-03,OP-06
2024-07-13,MP-0094,salida,27.1,CONS-101393,BOD-01,OP-06
2024-07-13,MP-0074,salida,28.1,CONS-101400,BOD-01,OP-06
2024-07-13,MP-0370,salida,9.1,CONS-101407,BOD-02,OP-03
2024-07-13,MP-0309,salida,31.9,CONS-101421,BOD-01,OP-01
2024-07-13,MP-0418,salida,29.6,CONS-101428,BOD-02,OP-05
2024-07-13,MP-0008,salida,122.8,CONS-101435,BOD-02,OP-06
2024-07-13,MP-0005,salida,95.7,CONS-101442,BOD-03,OP-01
2024-07-13,MP-0133,salida,130.9,CONS-101449,BOD-02,OP-04
2024-07-13,MP-0101,salida,115.0,CONS-101456,BOD-01,OP-04
2024-07-13,MP-0149,salida,135.7,CONS-101463,BOD-03,OP-05
2024-07-13,MP-0189,salida,93.1,CONS-101470,BOD-01,OP-01
2024-07-13,MP-0254,salida,135.4,CONS-101477,BOD-03,OP-03
2024-07-13,MP-0161,salida,50.5,CONS-101484,BOD-01,OP-01
2024-07-13,MP-0197,salida,122.5,CONS-101491,BOD-03,OP-01
2024-07-13,MP-0037,salida,69.0,CONS-101498,BOD-03,OP-05
2024-07-13,MP-0018,salida,11.5,CONS-101505,BOD-01,OP-02
2024-07-13,MP-0137,salida,57.8,CONS-101512,BOD-02,OP-06
2024-07-13,MP-0073,salida,83.3,CONS-101519,BOD-02,OP-01
2024-07-13,MP-0118,salida,74.9,CONS-101526,BOD-03,OP-01
2024-07-13,MP-0199,salida,-70.9,CONS-101533,BOD-03,OP-03
2024-07-13,MP-0232,salida,63.4,CONS-101540,BOD-02,OP-01
2024-07-13,MP-0027,salida,9.6,CONS-101547,BOD-03,OP-01
2024-07-13,MP-0116,salida,28.9,CONS-101554,BOD-02,OP-04
2024-07-13,MP-0108,salida,51.8,CONS-101561,BOD-02,OP-06
2024-07-13,MP-0239,salida,24.1,CONS-101575,BOD-03,OP-05
2024-07-13,MP-0016,salida,77.7,CONS-101582,BOD-03,OP-02
2024-07-13,MP-0030,salida,7.3,CONS-101589,BOD-02,OP-04
2024-07-13,MP-0120,salida,34.9,CONS-101596,BOD-01,OP-01
2024-07-13,MP-0043,salida,20.2,CONS-101603,BOD-03,OP-01
2024-07-13,MP-0182,salida,43.5,CONS-101610,BOD-01,OP-02
2024-07-13,MP-0369,salida,40.6,CONS-101617,BOD-02,OP-02
2024-07-13,MP-0157,salida,71.2,CONS-101624,BOD-01,OP-04
2024-07-13,MP-0001,salida,25.6,CONS-101631,BOD-01,OP-05
2024-07-13,MP-0014,salida,20.8,CONS-101638,BOD-03,OP-01
2024-07-13,MP-0128,salida,91.8,CONS-101645,BOD-03,OP-05
2024-07-13,MP-0047,salida,11.0,CONS-101652,BOD-03,OP-01
2024-07-13,MP-0244,salida,12.4,CONS-101659,BOD-01,OP-02
2024-07-13,MP-0122,salida,50.8,CONS-101666,BOD-03,OP-02
2024-07-13,MP-0132,salida,84.3,CONS-101673,BOD-02,OP-02
2024-07-13,MP-0131,salida,31.2,CONS-101680,BOD-03,OP-04
2024-07-13,MP-0216,salida,65.1,CONS-101687,BOD-03,OP-04
2024-07-13,MP-0272,salida,8.3,CONS-101694,BOD-01,OP-02
2024-07-13,MP-0010,salida,54.8,CONS-101701,BOD-03,OP-01
2024-07-13,MP-0002,salida,31.1,CONS-101708,BOD-01,OP-01
2024-07-13,MP-0150,salida,43.5,CONS-101715,BOD-03,OP-05
2024-07-13,MP-0085,salida,58.8,CONS-101722,BOD-01,OP-06
2024-07-13,MP-0202,salida,66.8,CONS-101729,BOD-03,OP-02
2024-07-13,MP-0153,salida,30.7,CONS-101736,BOD-03,OP-02
2024-07-13,MP-0229,salida,68.4,CONS-101750,BOD-03,OP-06
2024-07-13,MP-0013,salida,71.0,CONS-101757,BOD-01,OP-04
2024-07-13,MP-0020,salida,68.6,CONS-101764,BOD-01,OP-01
2024-07-13,MP-0106,salida,46.7,CONS-101771,BOD-01,OP-04
2024-07-13,MP-0051,salida,144.1,CONS-101778,BOD-01,OP-05
2024-07-13,MP-0411,salida,70.4,CONS-101785,BOD-02,OP-01
2024-07-13,MP-0238,salida,66.3,CONS-101792,BOD-03,OP-02
2024-07-13,MP-0004,salida,53.9,CONS-101799,BOD-02,OP-05
2024-07-13,MP-0033,salida,47.7,CONS-101806,BOD-01,OP-01
2024-07-13,MP-0045,salida,30.2,CONS-101813,BOD-01,OP-06
2024-07-13,MP-0386,salida,66.9,CONS-101820,BOD-01,OP-01
2024-07-13,MP-0393,salida,21.5,CONS-101827,BOD-01,OP-01
2024-07-13,MP-0373,salida,125.5,CONS-101834,BOD-02,OP-05
2024-07-13,MP-0015,salida,26.0,CONS-101841,BOD-01,OP-05
2024-07-13,MP-0012,salida,39.3,CONS-101848,BOD-01,OP-04
2024-07-13,MP-0142,salida,39.5,CONS-101855,BOD-01,OP-05
2024-07-13,MP-0102,salida,48.2,CONS-101862,BOD-03,OP-03
2024-07-13,MP-0114,salida,11.5,CONS-101869,BOD-01,OP-05
2024-07-13,MP-0193,salida,27.9,CONS-101883,BOD-03,OP-05
2024-07-13,MP-0330,salida,12.9,CONS-101890,BOD-01,OP-06
2024-07-13,MP-0117,salida,35.5,CONS-101904,BOD-01,OP-03
2024-07-13,MP-0060,salida,31.8,CONS-101911,BOD-02,OP-01
2024-07-13,MP-0357,salida,39.1,CONS-101918,BOD-02,OP-03
2024-07-13,MP-0162,salida,6.0,CONS-101925,BOD-01,OP-05
2024-07-13,MP-0009,salida,43.4,CONS-101932,BOD-02,OP-02
2024-07-13,MP-0076,salida,60.0,CONS-101939,BOD-02,OP-05
2024-07-13,MP-0077,salida,63.2,CONS-101946,BOD-02,OP-06
2024-07-13,MP-0273,salida,67.4,CONS-101953,BOD-02,OP-01
2024-07-13,MP-0026,salida,69.0,CONS-101960,BOD-02,OP-06
2024-07-13,MP-0111,salida,106.0,CONS-101967,BOD-02,OP-05
2024-07-13,MP-0071,salida,84.1,CONS-101974,BOD-03,OP-04
2024-07-13,MP-0388,salida,81.0,CONS-101981,BOD-02,OP-02
2024-07-13,MP-0088,salida,62.5,CONS-101995,BOD-03,OP-02
2024-07-13,MP-0143,salida,69.8,CONS-102002,BOD-03,OP-06
2024-07-13,MP-0181,salida,58.7,CONS-102009,BOD-02,OP-03
2024-07-13,MP-0385,salida,17.2,CONS-102016,BOD-02,OP-05
2024-07-13,MP-0321,salida,31.7,CONS-102023,BOD-02,OP-04
2024-07-13,MP-0036,salida,42.0,CONS-102037,BOD-02,OP-05
2024-07-13,MP-0080,salida,46.4,CONS-102044,BOD-03,OP-04
2024-07-13,MP-0356,salida,54.7,CONS-102058,BOD-02,OP-01
2024-07-13,MP-0339,salida,18.2,CONS-102065,BOD-03,OP-05
2024-07-13,MP-0078,salida,51.3,CONS-102072,BOD-03,OP-04
2024-07-13,MP-0059,salida,31.6,CONS-102079,BOD-03,OP-06
2024-07-13,MP-0211,salida,24.8,CONS-102086,BOD-03,OP-01
2024-07-13,MP-0390,salida,17.8,CONS-102100,BOD-03,OP-02
2024-07-13,MP-0039,salida,7.3,CONS-102114,BOD-01,OP-04
2024-07-13,MP-0136,salida,41.8,CONS-102135,BOD-03,OP-04
2024-07-13,MP-0344,salida,61.2,CONS-102149,BOD-03,OP-04
2024-07-13,MP-0381,ajuste,6,AJU-120055,BOD-01,AUDIT
2024-07-14,MP-0087,entrada,468,REC-OC-5828,BOD-02,OP-05
2024-07-15,MP-0122,entrada,86,REC-OC-6022,BOD-02,OP-04
2024-07-15,MP-0331,entrada,23,REC-OC-6379,BOD-03,OP-05
2024-07-16,MP-0167,entrada,94,REC-OC-6207,BOD-02,OP-05
2024-07-17,MP-0019,salida,57.2,CONS-101380,BOD-03,OP-01
2024-07-17,MP-0022,salida,69.8,CONS-101387,BOD-03,OP-02
2024-07-17,MP-0094,salida,27.1,CONS-101394,BOD-02,OP-05
2024-07-17,MP-0074,salida,28.1,CONS-101401,BOD-02,OP-02
2024-07-17,MP-0370,salida,9.1,CONS-101408,BOD-03,OP-06
2024-07-17,MP-0299,salida,35.2,CONS-101415,BOD-02,OP-05
2024-07-17,MP-0309,salida,31.9,CONS-101422,BOD-02,OP-03
2024-07-17,MP-0418,salida,29.6,CONS-101429,BOD-03,OP-05
2024-07-17,MP-0008,salida,122.8,CONS-101436,BOD-02,OP-06
2024-07-17,MP-0005,salida,95.7,CONS-101443,BOD-01,OP-02
2024-07-17,MP-0133,salida,130.9,CONS-101450,BOD-01,OP-04
2024-07-17,MP-0101,salida,115.0,CONS-101457,BOD-01,OP-02
2024-07-17,MP-0149,salida,135.7,CONS-101464,BOD-01,OP-03
2024-07-17,MP-0254,salida,135.4,CONS-101478,BOD-02,OP-05
2024-07-17,MP-0161,salida,50.5,CONS-101485,BOD-02,OP-02
2024-07-17,MP-0197,salida,122.5,CONS-101492,BOD-01,OP-03
2024-07-17,MP-0037,salida,69.0,CONS-101499,BOD-02,OP-04
2024-07-17,MP-0018,salida,11.5,CONS-101506,BOD-02,OP-01
2024-07-17,MP-0137,salida,57.8,CONS-101513,BOD-02,OP-02
2024-07-17,MP-0073,salida,83.3,CONS-101520,BOD-03,OP-03
2024-07-17,MP-0118,salida,74.9,CONS-101527,BOD-02,OP-04
2024-07-17,MP-0199,salida,70.9,CONS-101534,BOD-03,OP-01
2024-07-17,MP-0232,salida,63.4,CONS-101541,BOD-01,OP-01
2024-07-17,MP-0027,salida,9.6,CONS-101548,BOD-02,OP-06
2024-07-17,MP-0116,salida,28.9,CONS-101555,BOD-02,OP-06
2024-07-17,MP-0108,salida,51.8,CONS-101562,BOD-03,OP-06
2024-07-17,MP-0293,salida,50.7,CONS-101569,BOD-02,OP-04
2024-07-17,MP-0239,salida,24.1,CONS-101576,BOD-01,OP-03
2024-07-17,MP-0120,salida,34.9,CONS-101597,BOD-02,OP-04
2024-07-17,MP-0043,salida,20.2,CONS-101604,BOD-02,OP-03
2024-07-17,MP-0182,salida,43.5,CONS-101611,BOD-03,OP-01
2024-07-17,MP-0369,salida,40.6,CONS-101618,BOD-02,OP-05
2024-07-17,MP-0157,salida,71.2,CONS-101625,BOD-02,OP-03
2024-07-17,MP-0001,salida,25.6,CONS-101632,BOD-03,OP-04
2024-07-17,MP-0014,salida,20.8,CONS-101639,BOD-01,OP-06
2024-07-17,MP-0128,salida,91.8,CONS-101646,BOD-01,OP-05
2024-07-17,MP-0244,salida,12.4,CONS-101660,BOD-03,OP-01
2024-07-17,MP-0122,salida,50.8,CONS-101667,BOD-01,OP-03
2024-07-17,MP-0132,salida,-84.3,CONS-101674,BOD-02,OP-02
2024-07-17,MP-0131,salida,31.2,CONS-101681,BOD-01,OP-02
2024-07-17,MP-0216,salida,65.1,CONS-101688,BOD-03,OP-03
2024-07-17,MP-0272,salida,8.3,CONS-101695,BOD-02,OP-01
2024-07-17,MP-0010,salida,54.8,CONS-101702,BOD-03,OP-01
2024-07-17,MP-0150,salida,43.5,CONS-101716,BOD-01,OP-04
2024-07-17,MP-0085,salida,58.8,CONS-101723,BOD-01,OP-03
2024-07-17,MP-0202,salida,66.8,CONS-101730,BOD-01,OP-04
2024-07-17,MP-0153,salida,30.7,CONS-101737,BOD-02,OP-01
2024-07-17,MP-0178,salida,14.5,CONS-101744,BOD-01,OP-06
2024-07-17,MP-0013,salida,71.0,CONS-101758,BOD-01,OP-01
2024-07-17,MP-0020,salida,68.6,CONS-101765,BOD-03,OP-05
2024-07-17,MP-0106,salida,46.7,CONS-101772,BOD-02,OP-06
2024-07-17,MP-0051,salida,144.1,CONS-101779,BOD-01,OP-02
2024-07-17,MP-0411,salida,70.4,CONS-101786,BOD-02,OP-06
2024-07-17,MP-0004,salida,53.9,CONS-101800,BOD-01,OP-05
2024-07-17,MP-0033,salida,47.7,CONS-101807,BOD-03,OP-02
2024-07-17,MP-0045,salida,30.2,CONS-101814,BOD-01,OP-01
2024-07-17,MP-0386,salida,66.9,CONS-101821,BOD-03,OP-03
2024-07-17,MP-0393,salida,21.5,CONS-101828,BOD-01,OP-02
2024-07-17,MP-0373,salida,125.5,CONS-101835,BOD-01,OP-02
2024-07-17,MP-0015,salida,26.0,CONS-101842,BOD-02,OP-06
2024-07-17,MP-0012,salida,39.3,CONS-101849,BOD-02,OP-06
2024-07-17,MP-0142,salida,39.5,CONS-101856,BOD-03,OP-04
2024-07-17,MP-0102,salida,48.2,CONS-101863,BOD-02,OP-06
2024-07-17,MP-0114,salida,11.5,CONS-101870,BOD-03,OP-03
2024-07-17,MP-0325,salida,31.0,CONS-101877,BOD-02,OP-06
2024-07-17,MP-0193,salida,27.9,CONS-101884,BOD-01,OP-05
2024-07-17,MP-0330,salida,12.9,CONS-101891,BOD-03,OP-04
2024-07-17,MP-0024,salida,103.7,CONS-101898,BOD-02,OP-02
2024-07-17,MP-0117,salida,35.5,CONS-101905,BOD-03,OP-05
2024-07-17,MP-0060,salida,31.8,CONS-101912,BOD-03,OP-04
2024-07-17,MP-0357,salida,39.1,CONS-101919,BOD-01,OP-04
2024-07-17,MP-0162,salida,6.0,CONS-101926,BOD-02,OP-03
2024-07-17,MP-0009,salida,43.4,CONS-101933,BOD-01,OP-06
2024-07-17,MP-0076,salida,60.0,CONS-101940,BOD-03,OP-06
2024-07-17,MP-0077,salida,63.2,CONS-101947,BOD-02,OP-01
2024-07-17,MP-0273,salida,67.4,CONS-101954,BOD-03,OP-03
2024-07-17,MP-0026,salida,69.0,CONS-101961,BOD-03,OP-02
2024-07-17,MP-0111,salida,106.0,CONS-101968,BOD-03,OP-03
2024-07-17,MP-0071,salida,84.1,CONS-101975,BOD-02,OP-04
2024-07-17,MP-0388,salida,81.0,CONS-101982,BOD-02,OP-03
2024-07-17,MP-0227,salida,48.6,CONS-101989,BOD-02,OP-05
2024-07-17,MP-0088,salida,62.5,CONS-101996,BOD-02,OP-03
2024-07-17,MP-0143,salida,69.8,CONS-102003,BOD-02,OP-04
2024-07-17,MP-0181,salida,58.7,CONS-102010,BOD-03,OP-04
2024-07-17,MP-0385,salida,17.2,CONS-102017,BOD-03,OP-03
2024-07-17,MP-0321,salida,31.7,CONS-102024,BOD-03,OP-05
2024-07-17,MP-0343,salida,70.3,CONS-102031,BOD-02,OP-04
2024-07-17,MP-0036,salida,-42.0,CONS-102038,BOD-01,OP-01
2024-07-17,MP-0080,salida,46.4,CONS-102045,BOD-03,OP-01
2024-07-17,MP-0139,salida,85.4,CONS-102052,BOD-03,OP-03
2024-07-17,MP-0339,salida,-18.2,CONS-102066,BOD-02,OP-01
2024-07-17,MP-0078,salida,51.3,CONS-102073,BOD-01,OP-05
2024-07-17,MP-0059,salida,31.6,CONS-102080,BOD-01,OP-05
2024-07-17,MP-0211,salida,24.8,CONS-102087,BOD-01,OP-01
2024-07-17,MP-0340,salida,24.8,CONS-102094,BOD-02,OP-02
2024-07-17,MP-0390,salida,17.8,CONS-102101,BOD-02,OP-05
2024-07-17,MP-0268,salida,16.3,CONS-102108,BOD-03,OP-05
2024-07-17,MP-0039,salida,7.3,CONS-102115,BOD-03,OP-01
2024-07-17,MP-0032,salida,-14.3,CONS-102122,BOD-02,OP-04
2024-07-17,MP-0129,salida,48.6,CONS-102129,BOD-03,OP-05
2024-07-17,MP-0217,salida,36.9,CONS-102143,BOD-01,OP-04
2024-07-17,MP-0344,salida,61.2,CONS-102150,BOD-03,OP-02
2024-07-20,MP-0380,entrada,58,REC-OC-6429,BOD-03,OP-01
2024-07-20,MP-0335,entrada,33,REC-OC-6383,BOD-03,OP-03
2024-07-20,MP-0404,ajuste,-22,AJU-120067,BOD-01,AUDIT
2024-07-21,MP-0019,salida,57.2,CONS-101381,BOD-03,OP-03
2024-07-21,MP-0022,salida,69.8,CONS-101388,BOD-01,OP-06
2024-07-21,MP-0094,salida,27.1,CONS-101395,BOD-03,OP-06
2024-07-21,MP-0299,salida,35.2,CONS-101416,BOD-01,OP-03
2024-07-21,MP-0309,salida,31.9,CONS-101423,BOD-02,OP-04
2024-07-21,MP-0418,salida,29.6,CONS-101430,BOD-01,OP-04
2024-07-21,MP-0008,salida,122.8,CONS-101437,BOD-02,OP-01
2024-07-21,MP-0005,salida,95.7,CONS-101444,BOD-03,OP-05
2024-07-21,MP-0133,salida,130.9,CONS-101451,BOD-01,OP-01
2024-07-21,MP-0101,salida,115.0,CONS-101458,BOD-03,OP-06
2024-07-21,MP-0189,salida,93.1,CONS-101472,BOD-01,OP-02
2024-07-21,MP-0254,salida,135.4,CONS-101479,BOD-03,OP-05
2024-07-21,MP-0161,salida,50.5,CONS-101486,BOD-02,OP-01
2024-07-21,MP-0197,salida,122.5,CONS-101493,BOD-01,OP-03
2024-07-21,MP-0037,salida,69.0,CONS-101500,BOD-02,OP-02
2024-07-21,MP-0137,salida,57.8,CONS-101514,BOD-03,OP-03
2024-07-21,MP-0073,salida,83.3,CONS-101521,BOD-03,OP-04
2024-07-21,MP-0118,salida,74.9,CONS-101528,BOD-01,OP-03
2024-07-21,MP-0199,salida,70.9,CONS-101535,BOD-01,OP-03
2024-07-21,MP-0232,salida,63.4,CONS-101542,BOD-03,OP-03
2024-07-21,MP-0027,salida,9.6,CONS-101549,BOD-02,OP-02
2024-07-21,MP-0116,salida,28.9,CONS-101556,BOD-01,OP-02
2024-07-21,MP-0108,salida,51.8,CONS-101563,BOD-03,OP-02
2024-07-21,MP-0293,salida,50.7,CONS-101570,BOD-02,OP-02
2024-07-21,MP-0239,salida,24.1,CONS-101577,BOD-02,OP-05
2024-07-21,MP-0016,salida,77.7,CONS-101584,BOD-03,OP-03
2024-07-21,MP-0030,salida,7.3,CONS-101591,BOD-03,OP-06
2024-07-21,MP-0120,salida,34.9,CONS-101598,BOD-02,OP-05
2024-07-21,MP-0043,salida,20.2,CONS-101605,BOD-03,OP-05
2024-07-21,MP-0182,salida,43.5,CONS-101612,BOD-02,OP-01
2024-07-21,MP-0369,salida,40.6,CONS-101619,BOD-03,OP-02
2024-07-21,MP-0157,salida,71.2,CONS-101626,BOD-01,OP-04
2024-07-21,MP-0001,salida,25.6,CONS-101633,BOD-01,OP-05
2024-07-21,MP-0014,salida,20.8,CONS-101640,BOD-03,OP-03
2024-07-21,MP-0128,salida,91.8,CONS-101647,BOD-02,OP-04
2024-07-21,MP-0047,salida,11.0,CONS-101654,BOD-01,OP-05
2024-07-21,MP-0244,salida,12.4,CONS-101661,BOD-01,OP-06
2024-07-21,MP-0132,salida,84.3,CONS-101675,BOD-01,OP-02
2024-07-21,MP-0131,salida,31.2,CONS-101682,BOD-01,OP-05
2024-07-21,MP-0216,salida,65.1,CONS-101689,BOD-03,OP-05
2024-07-21,MP-0272,salida,8.3,CONS-101696,BOD-03,OP-04
2024-07-21,MP-0010,salida,54.8,CONS-101703,BOD-03,OP-02
2024-07-21,MP-0150,salida,43.5,CONS-101717,BOD-01,OP-05
2024-07-21,MP-0153,salida,30.7,CONS-101738,BOD-01,OP-05
2024-07-21,MP-0178,salida,14.5,CONS-101745,BOD-03,OP-03
2024-07-21,MP-0229,salida,68.4,CONS-101752,BOD-01,OP-03
2024-07-21,MP-0020,salida,68.6,CONS-101766,BOD-02,OP-06
2024-07-21,MP-0106,salida,46.7,CONS-101773,BOD-01,OP-05
2024-07-21,MP-0051,salida,144.1,CONS-101780,BOD-03,OP-03
2024-07-21,MP-0411,salida,70.4,CONS-101787,BOD-01,OP-05
2024-07-21,MP-0238,salida,66.3,CONS-101794,BOD-03,OP-05
2024-07-21,MP-0004,salida,53.9,CONS-101801,BOD-02,OP-02
2024-07-21,MP-0033,salida,47.7,CONS-101808,BOD-01,OP-02
2024-07-21,MP-0386,salida,66.9,CONS-101822,BOD-03,OP-06
2024-07-21,MP-0393,salida,21.5,CONS-101829,BOD-02,OP-03
2024-07-21,MP-0373,salida,125.5,CONS-101836,BOD-02,OP-01
2024-07-21,MP-0015,salida,26.0,CONS-101843,BOD-03,OP-05
2024-07-21,MP-0012,salida,39.3,CONS-101850,BOD-03,OP-01
2024-07-21,MP-0142,salida,39.5,CONS-101857,BOD-03,OP-03
2024-07-21,MP-0114,salida,11.5,CONS-101871,BOD-03,OP-03
2024-07-21,MP-0325,salida,-31.0,CONS-101878,BOD-01,OP-03
2024-07-21,MP-0330,salida,12.9,CONS-101892,BOD-01,OP-03
2024-07-21,MP-0024,salida,103.7,CONS-101899,BOD-03,OP-05
2024-07-21,MP-0117,salida,35.5,CONS-101906,BOD-03,OP-06
2024-07-21,MP-0060,salida,31.8,CONS-101913,BOD-01,OP-06
2024-07-21,MP-0357,salida,39.1,CONS-101920,BOD-02,OP-06
2024-07-21,MP-0162,salida,-6.0,CONS-101927,BOD-01,OP-04
2024-07-21,MP-0076,salida,60.0,CONS-101941,BOD-03,OP-01
2024-07-21,MP-0077,salida,63.2,CONS-101948,BOD-03,OP-05
2024-07-21,MP-0026,salida,69.0,CONS-101962,BOD-02,OP-06
2024-07-21,MP-0111,salida,106.0,CONS-101969,BOD-02,OP-01
2024-07-21,MP-0071,salida,84.1,CONS-101976,BOD-01,OP-06
2024-07-21,MP-0388,salida,81.0,CONS-101983,BOD-01,OP-05
2024-07-21,MP-0227,salida,48.6,CONS-101990,BOD-01,OP-05
2024-07-21,MP-0088,salida,62.5,CONS-101997,BOD-03,OP-03
2024-07-21,MP-0143,salida,69.8,CONS-102004,BOD-01,OP-03
2024-07-21,MP-0385,salida,17.2,CONS-102018,BOD-02,OP-05
2024-07-21,MP-0321,salida,31.7,CONS-102025,BOD-03,OP-02
2024-07-21,MP-0343,salida,70.3,CONS-102032,BOD-01,OP-03
2024-07-21,MP-0036,salida,42.0,CONS-102039,BOD-01,OP-01
2024-07-21,MP-0080,salida,46.4,CONS-102046,BOD-03,OP-05
2024-07-21,MP-0139,salida,85.4,CONS-102053,BOD-02,OP-02
2024-07-21,MP-0356,salida,54.7,CONS-102060,BOD-03,OP-02
2024-07-21,MP-0339,salida,18.2,CONS-102067,BOD-03,OP-05
2024-07-21,MP-0078,salida,51.3,CONS-102074,BOD-01,OP-04
2024-07-21,MP-0059,salida,31.6,CONS-102081,BOD-03,OP-03
2024-07-21,MP-0211,salida,24.8,CONS-102088,BOD-02,OP-05
2024-07-21,MP-0340,salida,24.8,CONS-102095,BOD-03,OP-06
2024-07-21,MP-0390,salida,17.8,CONS-102102,BOD-01,OP-03
2024-07-21,MP-0268,salida,16.3,CONS-102109,BOD-03,OP-05
2024-07-21,MP-0039,salida,7.3,CONS-102116,BOD-02,OP-05
2024-07-21,MP-0032,salida,14.3,CONS-102123,BOD-01,OP-02
2024-07-21,MP-0129,salida,48.6,CONS-102130,BOD-01,OP-06
2024-07-21,MP-0136,salida,41.8,CONS-102137,BOD-02,OP-03
2024-07-21,MP-0217,salida,36.9,CONS-102144,BOD-01,OP-03
2024-07-24,MP-0109,entrada,327,REC-OC-5960,BOD-02,OP-05
2024-07-25,MP-0019,salida,57.2,CONS-101382,BOD-03,OP-02
2024-07-25,MP-0094,salida,27.1,CONS-101396,BOD-01,OP-06
2024-07-25,MP-0370,salida,9.1,CONS-101410,BOD-01,OP-01
2024-07-25,MP-0299,salida,35.2,CONS-101417,BOD-01,OP-04
2024-07-25,MP-0418,salida,29.6,CONS-101431,BOD-02,OP-06
2024-07-25,MP-0008,salida,122.8,CONS-101438,BOD-01,OP-03
2024-07-25,MP-0005,salida,95.7,CONS-101445,BOD-02,OP-03
2024-07-25,MP-0133,salida,130.9,CONS-101452,BOD-01,OP-05
2024-07-25,MP-0149,salida,135.7,CONS-101466,BOD-01,OP-01
2024-07-25,MP-0254,salida,135.4,CONS-101480,BOD-01,OP-03
2024-07-25,MP-0161,salida,50.5,CONS-101487,BOD-01,OP-06
2024-07-25,MP-0197,salida,122.5,CONS-101494,BOD-03,OP-01
2024-07-25,MP-0037,salida,69.0,CONS-101501,BOD-02,OP-02
2024-07-25,MP-0018,salida,11.5,CONS-101508,BOD-02,OP-06
2024-07-25,MP-0137,salida,57.8,CONS-101515,BOD-03,OP-06
2024-07-25,MP-0073,salida,83.3,CONS-101522,BOD-02,OP-04
2024-07-25,MP-0118,salida,74.9,CONS-101529,BOD-01,OP-06
2024-07-25,MP-0199,salida,-70.9,CONS-101536,BOD-03,OP-05
2024-07-25,MP-0232,salida,63.4,CONS-101543,BOD-03,OP-01
2024-07-25,MP-0027,salida,9.6,CONS-101550,BOD-03,OP-01
2024-07-25,MP-0116,salida,28.9,CONS-101557,BOD-03,OP-04
2024-07-25,MP-0108,salida,51.8,CONS-101564,BOD-03,OP-01
2024-07-25,MP-0293,salida,50.7,CONS-101571,BOD-01,OP-05
2024-07-25,MP-0239,salida,24.1,CONS-101578,BOD-02,OP-06
2024-07-25,MP-0016,salida,77.7,CONS-101585,BOD-03,OP-02
2024-07-25,MP-0030,salida,7.3,CONS-101592,BOD-03,OP-01
2024-07-25,MP-0120,salida,34.9,CONS-101599,BOD-02,OP-06
2024-07-25,MP-0043,salida,20.2,CONS-101606,BOD-02,OP-06
2024-07-25,MP-0182,salida,43.5,CONS-101613,BOD-01,OP-04
2024-07-25,MP-0369,salida,40.6,CONS-101620,BOD-01,OP-02
2024-07-25,MP-0157,salida,71.2,CONS-101627,BOD-01,OP-03
2024-07-25,MP-0001,salida,25.6,CONS-101634,BOD-02,OP-02
2024-07-25,MP-0014,salida,20.8,CONS-101641,BOD-03,OP-04
2024-07-25,MP-0128,salida,91.8,CONS-101648,BOD-02,OP-01
2024-07-25,MP-0047,salida,11.0,CONS-101655,BOD-03,OP-02
2024-07-25,MP-0244,salida,12.4,CONS-101662,BOD-01,OP-06
2024-07-25,MP-0122,salida,50.8,CONS-101669,BOD-02,OP-05
2024-07-25,MP-0131,salida,31.2,CONS-101683,BOD-01,OP-06
2024-07-25,MP-0216,salida,65.1,CONS-101690,BOD-02,OP-02
2024-07-25,MP-0272,salida,8.3,CONS-101697,BOD-02,OP-02
2024-07-25,MP-0010,salida,54.8,CONS-101704,BOD-03,OP-04
2024-07-25,MP-0002,salida,31.1,CONS-101711,BOD-03,OP-02
2024-07-25,MP-0085,salida,58.8,CONS-101725,BOD-02,OP-01
2024-07-25,MP-0202,salida,66.8,CONS-101732,BOD-02,OP-06
2024-07-25,MP-0229,salida,68.4,CONS-101753,BOD-03,OP-01
2024-07-25,MP-0013,salida,71.0,CONS-101760,BOD-03,OP-05
2024-07-25,MP-0020,salida,68.6,CONS-101767,BOD-03,OP-05
2024-07-25,MP-0106,salida,46.7,CONS-101774,BOD-03,OP-05
2024-07-25,MP-0051,salida,144.1,CONS-101781,BOD-03,OP-02
2024-07-25,MP-0411,salida,70.4,CONS-101788,BOD-01,OP-01
2024-07-25,MP-0238,salida,66.3,CONS-101795,BOD-03,OP-01
2024-07-25,MP-0004,salida,53.9,CONS-101802,BOD-03,OP-03
2024-07-25,MP-0033,salida,47.7,CONS-101809,BOD-01,OP-02
2024-07-25,MP-0045,salida,30.2,CONS-101816,BOD-01,OP-05
2024-07-25,MP-0386,salida,66.9,CONS-101823,BOD-02,OP-02
2024-07-25,MP-0393,salida,21.5,CONS-101830,BOD-03,OP-04
2024-07-25,MP-0373,salida,125.5,CONS-101837,BOD-02,OP-04
2024-07-25,MP-0015,salida,26.0,CONS-101844,BOD-03,OP-02
2024-07-25,MP-0012,salida,39.3,CONS-101851,BOD-03,OP-05
2024-07-25,MP-0142,salida,39.5,CONS-101858,BOD-02,OP-03
2024-07-25,MP-0102,salida,48.2,CONS-101865,BOD-02,OP-03
2024-07-25,MP-0114,salida,11.5,CONS-101872,BOD-01,OP-02
2024-07-25,MP-0325,salida,31.0,CONS-101879,BOD-01,OP-06
2024-07-25,MP-0193,salida,27.9,CONS-101886,BOD-03,OP-04
2024-07-25,MP-0330,salida,12.9,CONS-101893,BOD-03,OP-01
2024-07-25,MP-0024,salida,103.7,CONS-101900,BOD-01,OP-05
2024-07-25,MP-0117,salida,-35.5,CONS-101907,BOD-01,OP-02
2024-07-25,MP-0060,salida,31.8,CONS-101914,BOD-02,OP-02
2024-07-25,MP-0357,salida,39.1,CONS-101921,BOD-02,OP-01
2024-07-25,MP-0009,salida,43.4,CONS-101935,BOD-02,OP-06
2024-07-25,MP-0076,salida,60.0,CONS-101942,BOD-02,OP-04
2024-07-25,MP-0077,salida,63.2,CONS-101949,BOD-03,OP-02
2024-07-25,MP-0273,salida,67.4,CONS-101956,BOD-03,OP-04
2024-07-25,MP-0111,salida,106.0,CONS-101970,BOD-02,OP-05
2024-07-25,MP-0388,salida,81.0,CONS-101984,BOD-03,OP-02
2024-07-25,MP-0227,salida,48.6,CONS-101991,BOD-03,OP-04
2024-07-25,MP-0088,salida,62.5,CONS-101998,BOD-02,OP-03
2024-07-25,MP-0143,salida,69.8,CONS-102005,BOD-02,OP-01
2024-07-25,MP-0181,salida,58.7,CONS-102012,BOD-02,OP-04
2024-07-25,MP-0385,salida,17.2,CONS-102019,BOD-02,OP-01
2024-07-25,MP-0343,salida,70.3,CONS-102033,BOD-03,OP-01
2024-07-25,MP-0036,salida,42.0,CONS-102040,BOD-03,OP-06
2024-07-25,MP-0139,salida,85.4,CONS-102054,BOD-03,OP-03
2024-07-25,MP-0356,salida,54.7,CONS-102061,BOD-02,OP-03
2024-07-25,MP-0339,salida,-18.2,CONS-102068,BOD-02,OP-05
2024-07-25,MP-0078,salida,51.3,CONS-102075,BOD-03,OP-01
2024-07-25,MP-0059,salida,31.6,CONS-102082,BOD-01,OP-01
2024-07-25,MP-0211,salida,24.8,CONS-102089,BOD-01,OP-01
2024-07-25,MP-0340,salida,24.8,CONS-102096,BOD-02,OP-06
2024-07-25,MP-0390,salida,17.8,CONS-102103,BOD-03,OP-02
2024-07-25,MP-0268,salida,16.3,CONS-102110,BOD-01,OP-04
2024-07-25,MP-0039,salida,7.3,CONS-102117,BOD-03,OP-03
2024-07-25,MP-0129,salida,48.6,CONS-102131,BOD-02,OP-03
2024-07-25,MP-0217,salida,36.9,CONS-102145,BOD-03,OP-05
2024-07-25,MP-0344,salida,61.2,CONS-102152,BOD-01,OP-01
2024-07-26,MP-0196,entrada,31,REC-OC-6238,BOD-01,OP-06
2024-07-27,MP-0190,entrada,50,REC-OC-6232,BOD-01,OP-05
2024-07-28,MP-0087,entrada,359,REC-OC-5825,BOD-03,OP-04
2024-07-30,MP-0016,entrada,969,REC-OC-5213,BOD-03,OP-01
2024-07-30,MP-0005,entrada,1409,REC-OC-5062,BOD-01,OP-03
2024-07-30,MP-0039,entrada,1071,REC-OC-5567,BOD-02,OP-04
2024-07-30,MP-0086,entrada,180,REC-OC-5823,BOD-03,OP-03
2024-07-30,MP-0021,entrada,1132,REC-OC-5279,BOD-01,OP-02
2024-07-31,MP-0304,entrada,32,REC-OC-6349,BOD-01,OP-02
2024-07-31,MP-0060,entrada,176,REC-OC-5710,BOD-02,OP-01
2024-07-31,MP-0313,entrada,106,REC-OC-6358,BOD-01,OP-02
2024-07-31,MP-0065,entrada,330,REC-OC-5729,BOD-02,OP-02
2024-07-31,MP-0287,ajuste,-8,AJU-120076,BOD-01,AUDIT
2024-08-01,MP-0019,salida,95.7,CONS-102153,BOD-03,OP-02
2024-08-01,MP-0022,salida,155.4,CONS-102160,BOD-03,OP-03
2024-08-01,MP-0094,salida,68.1,CONS-102167,BOD-01,OP-02
2024-08-01,MP-0074,salida,70.8,CONS-102174,BOD-03,OP-02
2024-08-01,MP-0370,salida,22.9,CONS-102181,BOD-03,OP-03
2024-08-01,MP-0299,salida,88.5,CONS-102188,BOD-02,OP-05
2024-08-01,MP-0309,salida,80.3,CONS-102195,BOD-02,OP-06
2024-08-01,MP-0418,salida,74.5,CONS-102202,BOD-03,OP-03
2024-08-01,MP-0008,salida,112.1,CONS-102209,BOD-01,OP-05
2024-08-01,MP-0005,salida,93.1,CONS-102216,BOD-01,OP-01
2024-08-01,MP-0133,salida,92.3,CONS-102223,BOD-01,OP-06
2024-08-01,MP-0101,salida,81.1,CONS-102230,BOD-01,OP-01
2024-08-01,MP-0149,salida,122.3,CONS-102237,BOD-02,OP-04
2024-08-01,MP-0189,salida,-65.6,CONS-102244,BOD-01,OP-03
2024-08-01,MP-0254,salida,95.5,CONS-102251,BOD-02,OP-05
2024-08-01,MP-0161,salida,35.6,CONS-102258,BOD-01,OP-02
2024-08-01,MP-0197,salida,86.4,CONS-102265,BOD-02,OP-02
2024-08-01,MP-0037,salida,102.6,CONS-102272,BOD-01,OP-02
2024-08-01,MP-0018,salida,17.1,CONS-102279,BOD-02,OP-03
2024-08-01,MP-0137,salida,86.0,CONS-102286,BOD-02,OP-02
2024-08-01,MP-0073,salida,124.0,CONS-102293,BOD-02,OP-04
2024-08-01,MP-0118,salida,111.4,CONS-102300,BOD-02,OP-04
2024-08-01,MP-0232,salida,94.3,CONS-102314,BOD-01,OP-03
2024-08-01,MP-0027,salida,11.0,CONS-102321,BOD-03,OP-03
2024-08-01,MP-0116,salida,33.2,CONS-102328,BOD-02,OP-04
2024-08-01,MP-0108,salida,81.1,CONS-102335,BOD-02,OP-01
2024-08-01,MP-0293,salida,58.4,CONS-102342,BOD-03,OP-05
2024-08-01,MP-0239,salida,-27.7,CONS-102349,BOD-02,OP-01
2024-08-01,MP-0016,salida,120.7,CONS-102356,BOD-03,OP-06
2024-08-01,MP-0030,salida,20.9,CONS-102363,BOD-01,OP-05
2024-08-01,MP-0120,salida,99.9,CONS-102370,BOD-01,OP-03
2024-08-01,MP-0043,salida,57.8,CONS-102377,BOD-02,OP-03
2024-08-01,MP-0182,salida,104.6,CONS-102384,BOD-01,OP-02
2024-08-01,MP-0369,salida,116.3,CONS-102391,BOD-03,OP-03
2024-08-01,MP-0128,salida,105.9,CONS-102419,BOD-02,OP-01
2024-08-01,MP-0047,salida,17.9,CONS-102426,BOD-03,OP-03
2024-08-01,MP-0244,salida,20.2,CONS-102433,BOD-02,OP-05
2024-08-01,MP-0122,salida,18.7,CONS-102440,BOD-03,OP-01
2024-08-01,MP-0132,salida,31.0,CONS-102447,BOD-03,OP-01
2024-08-01,MP-0131,salida,11.5,CONS-102454,BOD-03,OP-01
2024-08-01,MP-0216,salida,24.0,CONS-102461,BOD-03,OP-01
2024-08-01,MP-0272,salida,3.0,CONS-102468,BOD-02,OP-04
2024-08-01,MP-0010,salida,43.8,CONS-102475,BOD-02,OP-03
2024-08-01,MP-0002,salida,24.9,CONS-102482,BOD-02,OP-03
2024-08-01,MP-0150,salida,34.8,CONS-102489,BOD-03,OP-01
2024-08-01,MP-0085,salida,77.1,CONS-102496,BOD-03,OP-06
2024-08-01,MP-0202,salida,53.4,CONS-102503,BOD-02,OP-01
2024-08-01,MP-0153,salida,24.5,CONS-102510,BOD-01,OP-05
2024-08-01,MP-0178,salida,11.6,CONS-102517,BOD-01,OP-02
2024-08-01,MP-0229,salida,54.7,CONS-102524,BOD-01,OP-06
2024-08-01,MP-0013,salida,19.2,CONS-102531,BOD-02,OP-06
2024-08-01,MP-0020,salida,79.3,CONS-102538,BOD-01,OP-06
2024-08-01,MP-0106,salida,12.6,CONS-102545,BOD-02,OP-06
2024-08-01,MP-0051,salida,90.9,CONS-102552,BOD-03,OP-06
2024-08-01,MP-0238,salida,17.9,CONS-102566,BOD-02,OP-05
2024-08-01,MP-0004,salida,57.2,CONS-102573,BOD-01,OP-03
2024-08-01,MP-0033,salida,50.5,CONS-102580,BOD-01,OP-01
2024-08-01,MP-0045,salida,32.1,CONS-102587,BOD-02,OP-02
2024-08-01,MP-0386,salida,-70.9,CONS-102594,BOD-02,OP-06
2024-08-01,MP-0393,salida,22.8,CONS-102601,BOD-02,OP-02
2024-08-01,MP-0373,salida,128.1,CONS-102608,BOD-03,OP-02
2024-08-01,MP-0015,salida,20.1,CONS-102615,BOD-01,OP-03
2024-08-01,MP-0012,salida,30.4,CONS-102622,BOD-01,OP-02
2024-08-01,MP-0142,salida,30.6,CONS-102629,BOD-03,OP-03
2024-08-01,MP-0114,salida,8.9,CONS-102643,BOD-03,OP-04
2024-08-01,MP-0325,salida,23.9,CONS-102650,BOD-02,OP-05
2024-08-01,MP-0193,salida,21.6,CONS-102657,BOD-03,OP-03
2024-08-01,MP-0330,salida,10.0,CONS-102664,BOD-03,OP-03
2024-08-01,MP-0024,salida,134.8,CONS-102671,BOD-03,OP-05
2024-08-01,MP-0117,salida,84.4,CONS-102678,BOD-01,OP-05
2024-08-01,MP-0060,salida,75.5,CONS-102685,BOD-02,OP-05
2024-08-01,MP-0357,salida,92.8,CONS-102692,BOD-02,OP-04
2024-08-01,MP-0162,salida,14.2,CONS-102699,BOD-02,OP-05
2024-08-01,MP-0009,salida,40.5,CONS-102706,BOD-01,OP-05
2024-08-01,MP-0076,salida,55.9,CONS-102713,BOD-01,OP-01
2024-08-01,MP-0077,salida,58.9,CONS-102720,BOD-02,OP-03
2024-08-01,MP-0273,salida,62.9,CONS-102727,BOD-02,OP-01
2024-08-01,MP-0026,salida,39.2,CONS-102734,BOD-03,OP-05
2024-08-01,MP-0071,salida,47.8,CONS-102748,BOD-02,OP-01
2024-08-01,MP-0388,salida,46.1,CONS-102755,BOD-03,OP-05
2024-08-01,MP-0227,salida,27.6,CONS-102762,BOD-03,OP-03
2024-08-01,MP-0088,salida,100.1,CONS-102769,BOD-02,OP-03
2024-08-01,MP-0143,salida,112.0,CONS-102776,BOD-03,OP-02
2024-08-01,MP-0181,salida,94.1,CONS-102783,BOD-03,OP-03
2024-08-01,MP-0385,salida,27.6,CONS-102790,BOD-03,OP-06
2024-08-01,MP-0321,salida,50.8,CONS-102797,BOD-02,OP-05
2024-08-01,MP-0343,salida,112.7,CONS-102804,BOD-02,OP-04
2024-08-01,MP-0036,salida,35.8,CONS-102811,BOD-02,OP-04
2024-08-01,MP-0080,salida,39.6,CONS-102818,BOD-02,OP-03
2024-08-01,MP-0139,salida,-73.0,CONS-102825,BOD-03,OP-01
2024-08-01,MP-0356,salida,46.7,CONS-102832,BOD-03,OP-02
2024-08-01,MP-0339,salida,15.6,CONS-102839,BOD-03,OP-04
2024-08-01,MP-0078,salida,128.2,CONS-102846,BOD-01,OP-01
2024-08-01,MP-0059,salida,79.0,CONS-102853,BOD-02,OP-01
2024-08-01,MP-0211,salida,61.9,CONS-102860,BOD-01,OP-03
2024-08-01,MP-0340,salida,61.9,CONS-102867,BOD-02,OP-03
2024-08-01,MP-0390,salida,44.4,CONS-102874,BOD-03,OP-05
2024-08-01,MP-0268,salida,40.6,CONS-102881,BOD-03,OP-06
2024-08-01,MP-0039,salida,6.9,CONS-102888,BOD-01,OP-06
2024-08-01,MP-0032,salida,13.6,CONS-102895,BOD-01,OP-06
2024-08-01,MP-0129,salida,45.9,CONS-102902,BOD-01,OP-02
2024-08-01,MP-0136,salida,39.5,CONS-102909,BOD-01,OP-04
2024-08-01,MP-0217,salida,34.8,CONS-102916,BOD-01,OP-01
2024-08-01,MP-0344,salida,57.8,CONS-102923,BOD-01,OP-02
2024-08-02,MP-0394,entrada,9,REC-OC-6444,BOD-02,OP-05
2024-08-02,MP-0089,entrada,316,REC-OC-5852,BOD-02,OP-02
2024-08-02,MP-0140,entrada,159,REC-OC-6130,BOD-02,OP-06
2024-08-03,MP-0141,entrada,362,REC-OC-6133,BOD-03,OP-03
2024-08-04,MP-0056,entrada,273,REC-OC-5679,BOD-02,OP-05
2024-08-05,MP-0027,entrada,755,REC-OC-5382,BOD-01,OP-06
2024-08-05,MP-0019,salida,95.7,CONS-102154,BOD-01,OP-05
2024-08-05,MP-0022,salida,155.4,CONS-102161,BOD-03,OP-02
2024-08-05,MP-0074,salida,70.8,CONS-102175,BOD-02,OP-01
2024-08-05,MP-0370,salida,22.9,CONS-102182,BOD-02,OP-06
2024-08-05,MP-0299,salida,88.5,CONS-102189,BOD-01,OP-05
2024-08-05,MP-0309,salida,80.3,CONS-102196,BOD-03,OP-02
2024-08-05,MP-0418,salida,74.5,CONS-102203,BOD-03,OP-01
2024-08-05,MP-0008,salida,112.1,CONS-102210,BOD-01,OP-04
2024-08-05,MP-0005,salida,93.1,CONS-102217,BOD-01,OP-04
2024-08-05,MP-0133,salida,92.3,CONS-102224,BOD-01,OP-03
2024-08-05,MP-0101,salida,81.1,CONS-102231,BOD-01,OP-06
2024-08-05,MP-0149,salida,122.3,CONS-102238,BOD-03,OP-03
2024-08-05,MP-0189,salida,-65.6,CONS-102245,BOD-02,OP-04
2024-08-05,MP-0254,salida,95.5,CONS-102252,BOD-01,OP-04
2024-08-05,MP-0161,salida,35.6,CONS-102259,BOD-02,OP-03
2024-08-05,MP-0197,salida,86.4,CONS-102266,BOD-03,OP-03
2024-08-05,MP-0037,salida,102.6,CONS-102273,BOD-02,OP-06
2024-08-05,MP-0137,salida,-86.0,CONS-102287,BOD-01,OP-03
2024-08-05,MP-0073,salida,124.0,CONS-102294,BOD-01,OP-05
2024-08-05,MP-0118,salida,111.4,CONS-102301,BOD-02,OP-03
2024-08-05,MP-0199,salida,105.4,CONS-102308,BOD-01,OP-06
2024-08-05,MP-0232,salida,94.3,CONS-102315,BOD-01,OP-04
2024-08-05,MP-0027,salida,11.0,CONS-102322,BOD-03,OP-04
2024-08-05,MP-0116,salida,33.2,CONS-102329,BOD-02,OP-01
2024-08-05,MP-0108,salida,81.1,CONS-102336,BOD-02,OP-06
2024-08-05,MP-0293,salida,58.4,CONS-102343,BOD-03,OP-05
2024-08-05,MP-0239,salida,27.7,CONS-102350,BOD-03,OP-05
2024-08-05,MP-0016,salida,120.7,CONS-102357,BOD-03,OP-05
2024-08-05,MP-0030,salida,20.9,CONS-102364,BOD-03,OP-04
2024-08-05,MP-0120,salida,99.9,CONS-102371,BOD-02,OP-04
2024-08-05,MP-0043,salida,57.8,CONS-102378,BOD-03,OP-02
2024-08-05,MP-0182,salida,104.6,CONS-102385,BOD-01,OP-01
2024-08-05,MP-0369,salida,116.3,CONS-102392,BOD-01,OP-04
2024-08-05,MP-0157,salida,99.1,CONS-102399,BOD-03,OP-03
2024-08-05,MP-0014,salida,33.8,CONS-102413,BOD-01,OP-01
2024-08-05,MP-0128,salida,105.9,CONS-102420,BOD-01,OP-02
2024-08-05,MP-0047,salida,17.9,CONS-102427,BOD-03,OP-05
2024-08-05,MP-0244,salida,20.2,CONS-102434,BOD-02,OP-03
2024-08-05,MP-0122,salida,18.7,CONS-102441,BOD-03,OP-02
2024-08-05,MP-0132,salida,31.0,CONS-102448,BOD-03,OP-03
2024-08-05,MP-0131,salida,11.5,CONS-102455,BOD-01,OP-03
2024-08-05,MP-0216,salida,24.0,CONS-102462,BOD-01,OP-03
2024-08-05,MP-0272,salida,3.0,CONS-102469,BOD-03,OP-02
2024-08-05,MP-0010,salida,43.8,CONS-102476,BOD-01,OP-05
2024-08-05,MP-0002,salida,24.9,CONS-102483,BOD-01,OP-03
2024-08-05,MP-0150,salida,34.8,CONS-102490,BOD-03,OP-05
2024-08-05,MP-0202,salida,53.4,CONS-102504,BOD-02,OP-06
2024-08-05,MP-0153,salida,24.5,CONS-102511,BOD-03,OP-05
2024-08-05,MP-0178,salida,11.6,CONS-102518,BOD-03,OP-04
2024-08-05,MP-0229,salida,54.7,CONS-102525,BOD-02,OP-06
2024-08-05,MP-0013,salida,19.2,CONS-102532,BOD-01,OP-06
2024-08-05,MP-0106,salida,12.6,CONS-102546,BOD-01,OP-06
2024-08-05,MP-0238,salida,17.9,CONS-102567,BOD-02,OP-02
2024-08-05,MP-0004,salida,57.2,CONS-102574,BOD-03,OP-05
2024-08-05,MP-0033,salida,50.5,CONS-102581,BOD-02,OP-04
2024-08-05,MP-0045,salida,32.1,CONS-102588,BOD-03,OP-02
2024-08-05,MP-0386,salida,70.9,CONS-102595,BOD-03,OP-03
2024-08-05,MP-0393,salida,22.8,CONS-102602,BOD-01,OP-02
2024-08-05,MP-0373,salida,128.1,CONS-102609,BOD-02,OP-04
2024-08-05,MP-0015,salida,20.1,CONS-102616,BOD-01,OP-02
2024-08-05,MP-0012,salida,30.4,CONS-102623,BOD-01,OP-03
2024-08-05,MP-0142,salida,30.6,CONS-102630,BOD-02,OP-02
2024-08-05,MP-0102,salida,37.3,CONS-102637,BOD-03,OP-04
2024-08-05,MP-0114,salida,8.9,CONS-102644,BOD-03,OP-05
2024-08-05,MP-0325,salida,23.9,CONS-102651,BOD-01,OP-01
2024-08-05,MP-0193,salida,21.6,CONS-102658,BOD-01,OP-05
2024-08-05,MP-0330,salida,10.0,CONS-102665,BOD-01,OP-03
2024-08-05,MP-0024,salida,134.8,CONS-102672,BOD-03,OP-04
2024-08-05,MP-0117,salida,84.4,CONS-102679,BOD-02,OP-01
2024-08-05,MP-0060,salida,75.5,CONS-102686,BOD-01,OP-02
2024-08-05,MP-0357,salida,92.8,CONS-102693,BOD-01,OP-04
2024-08-05,MP-0162,salida,14.2,CONS-102700,BOD-02,OP-02
2024-08-05,MP-0009,salida,40.5,CONS-102707,BOD-03,OP-01
2024-08-05,MP-0076,salida,55.9,CONS-102714,BOD-01,OP-05
2024-08-05,MP-0077,salida,58.9,CONS-102721,BOD-03,OP-05
2024-08-05,MP-0273,salida,62.9,CONS-102728,BOD-01,OP-02
2024-08-05,MP-0026,salida,39.2,CONS-102735,BOD-03,OP-05
2024-08-05,MP-0111,salida,60.3,CONS-102742,BOD-03,OP-03
2024-08-05,MP-0071,salida,47.8,CONS-102749,BOD-01,OP-02
2024-08-05,MP-0388,salida,46.1,CONS-102756,BOD-02,OP-04
2024-08-05,MP-0227,salida,27.6,CONS-102763,BOD-01,OP-02
2024-08-05,MP-0088,salida,100.1,CONS-102770,BOD-03,OP-04
2024-08-05,MP-0143,salida,112.0,CONS-102777,BOD-01,OP-03
2024-08-05,MP-0181,salida,94.1,CONS-102784,BOD-02,OP-06
2024-08-05,MP-0385,salida,27.6,CONS-102791,BOD-01,OP-04
2024-08-05,MP-0321,salida,50.8,CONS-102798,BOD-01,OP-06
2024-08-05,MP-0343,salida,112.7,CONS-102805,BOD-02,OP-06
2024-08-05,MP-0139,salida,73.0,CONS-102826,BOD-03,OP-05
2024-08-05,MP-0356,salida,46.7,CONS-102833,BOD-01,OP-04
2024-08-05,MP-0339,salida,15.6,CONS-102840,BOD-02,OP-02
2024-08-05,MP-0078,salida,128.2,CONS-102847,BOD-02,OP-03
2024-08-05,MP-0059,salida,79.0,CONS-102854,BOD-02,OP-05
2024-08-05,MP-0211,salida,61.9,CONS-102861,BOD-01,OP-05
2024-08-05,MP-0340,salida,61.9,CONS-102868,BOD-03,OP-02
2024-08-05,MP-0390,salida,44.4,CONS-102875,BOD-02,OP-01
2024-08-05,MP-0268,salida,40.6,CONS-102882,BOD-02,OP-06
2024-08-05,MP-0039,salida,6.9,CONS-102889,BOD-03,OP-03
2024-08-05,MP-0032,salida,13.6,CONS-102896,BOD-02,OP-01
2024-08-05,MP-0129,salida,45.9,CONS-102903,BOD-02,OP-06
2024-08-05,MP-0136,salida,39.5,CONS-102910,BOD-03,OP-05
2024-08-05,MP-0217,salida,34.8,CONS-102917,BOD-02,OP-05
2024-08-05,MP-0344,salida,57.8,CONS-102924,BOD-01,OP-03
2024-08-05,MP-0407,ajuste,-5,AJU-120061,BOD-03,AUDIT
2024-08-06,MP-0057,entrada,336,REC-OC-5686,BOD-01,OP-02
2024-08-06,MP-0146,entrada,312,REC-OC-6166,BOD-01,OP-03
2024-08-06,MP-0010,entrada,2248,REC-OC-5123,BOD-01,OP-05
2024-08-09,MP-0039,entrada,1097,REC-OC-5568,BOD-01,OP-02
2024-08-09,MP-0019,salida,95.7,CONS-102155,BOD-02,OP-05
2024-08-09,MP-0022,salida,155.4,CONS-102162,BOD-03,OP-03
2024-08-09,MP-0094,salida,68.1,CONS-102169,BOD-02,OP-02
2024-08-09,MP-0074,salida,70.8,CONS-102176,BOD-02,OP-02
2024-08-09,MP-0370,salida,22.9,CONS-102183,BOD-03,OP-06
2024-08-09,MP-0299,salida,88.5,CONS-102190,BOD-01,OP-04
2024-08-09,MP-0418,salida,74.5,CONS-102204,BOD-02,OP-04
2024-08-09,MP-0008,salida,112.1,CONS-102211,BOD-03,OP-04
2024-08-09,MP-0005,salida,93.1,CONS-102218,BOD-02,OP-05
2024-08-09,MP-0133,salida,92.3,CONS-102225,BOD-02,OP-03
2024-08-09,MP-0101,salida,81.1,CONS-102232,BOD-02,OP-02
2024-08-09,MP-0149,salida,122.3,CONS-102239,BOD-01,OP-03
2024-08-09,MP-0189,salida,65.6,CONS-102246,BOD-02,OP-06
2024-08-09,MP-0254,salida,95.5,CONS-102253,BOD-01,OP-04
2024-08-09,MP-0161,salida,35.6,CONS-102260,BOD-02,OP-05
2024-08-09,MP-0197,salida,86.4,CONS-102267,BOD-03,OP-05
2024-08-09,MP-0037,salida,102.6,CONS-102274,BOD-01,OP-04
2024-08-09,MP-0018,salida,17.1,CONS-102281,BOD-01,OP-02
2024-08-09,MP-0137,salida,86.0,CONS-102288,BOD-01,OP-05
2024-08-09,MP-0073,salida,124.0,CONS-102295,BOD-01,OP-04
2024-08-09,MP-0118,salida,111.4,CONS-102302,BOD-02,OP-02
2024-08-09,MP-0199,salida,105.4,CONS-102309,BOD-03,OP-06
2024-08-09,MP-0232,salida,94.3,CONS-102316,BOD-02,OP-02
2024-08-09,MP-0027,salida,11.0,CONS-102323,BOD-01,OP-04
2024-08-09,MP-0116,salida,33.2,CONS-102330,BOD-02,OP-03
2024-08-09,MP-0239,salida,27.7,CONS-102351,BOD-01,OP-02
2024-08-09,MP-0016,salida,120.7,CONS-102358,BOD-03,OP-05
2024-08-09,MP-0043,salida,57.8,CONS-102379,BOD-02,OP-05
2024-08-09,MP-0182,salida,104.6,CONS-102386,BOD-03,OP-06
2024-08-09,MP-0369,salida,116.3,CONS-102393,BOD-01,OP-03
2024-08-09,MP-0157,salida,99.1,CONS-102400,BOD-02,OP-02
2024-08-09,MP-0001,salida,41.6,CONS-102407,BOD-03,OP-01
2024-08-09,MP-0014,salida,33.8,CONS-102414,BOD-01,OP-01
2024-08-09,MP-0128,salida,105.9,CONS-102421,BOD-03,OP-06
2024-08-09,MP-0047,salida,17.9,CONS-102428,BOD-01,OP-02
2024-08-09,MP-0244,salida,20.2,CONS-102435,BOD-02,OP-03
2024-08-09,MP-0132,salida,31.0,CONS-102449,BOD-02,OP-06
2024-08-09,MP-0131,salida,11.5,CONS-102456,BOD-01,OP-03
2024-08-09,MP-0216,salida,24.0,CONS-102463,BOD-03,OP-06
2024-08-09,MP-0272,salida,3.0,CONS-102470,BOD-01,OP-06
2024-08-09,MP-0010,salida,43.8,CONS-102477,BOD-01,OP-01
2024-08-09,MP-0002,salida,24.9,CONS-102484,BOD-03,OP-01
2024-08-09,MP-0150,salida,34.8,CONS-102491,BOD-03,OP-04
2024-08-09,MP-0085,salida,77.1,CONS-102498,BOD-01,OP-06
2024-08-09,MP-0202,salida,53.4,CONS-102505,BOD-01,OP-04
2024-08-09,MP-0153,salida,24.5,CONS-102512,BOD-02,OP-04
2024-08-09,MP-0178,salida,11.6,CONS-102519,BOD-02,OP-04
2024-08-09,MP-0229,salida,54.7,CONS-102526,BOD-03,OP-04
2024-08-09,MP-0013,salida,19.2,CONS-102533,BOD-01,OP-04
2024-08-09,MP-0020,salida,79.3,CONS-102540,BOD-01,OP-04
2024-08-09,MP-0106,salida,12.6,CONS-102547,BOD-03,OP-01
2024-08-09,MP-0051,salida,90.9,CONS-102554,BOD-03,OP-04
2024-08-09,MP-0411,salida,19.0,CONS-102561,BOD-03,OP-01
2024-08-09,MP-0238,salida,17.9,CONS-102568,BOD-02,OP-02
2024-08-09,MP-0004,salida,57.2,CONS-102575,BOD-02,OP-06
2024-08-09,MP-0033,salida,50.5,CONS-102582,BOD-03,OP-01
2024-08-09,MP-0045,salida,32.1,CONS-102589,BOD-03,OP-01
2024-08-09,MP-0386,salida,70.9,CONS-102596,BOD-03,OP-03
2024-08-09,MP-0393,salida,22.8,CONS-102603,BOD-03,OP-01
2024-08-09,MP-0373,salida,-128.1,CONS-102610,BOD-02,OP-01
2024-08-09,MP-0015,salida,20.1,CONS-102617,BOD-03,OP-03
2024-08-09,MP-0012,salida,30.4,CONS-102624,BOD-02,OP-03
2024-08-09,MP-0142,salida,30.6,CONS-102631,BOD-01,OP-03
2024-08-09,MP-0102,salida,37.3,CONS-102638,BOD-01,OP-05
2024-08-09,MP-0325,salida,23.9,CONS-102652,BOD-01,OP-01
2024-08-09,MP-0193,salida,21.6,CONS-102659,BOD-03,OP-02
2024-08-09,MP-0024,salida,134.8,CONS-102673,BOD-01,OP-01
2024-08-09,MP-0117,salida,84.4,CONS-102680,BOD-03,OP-02
2024-08-09,MP-0060,salida,75.5,CONS-102687,BOD-03,OP-02
2024-08-09,MP-0357,salida,92.8,CONS-102694,BOD-01,OP-05
2024-08-09,MP-0162,salida,14.2,CONS-102701,BOD-01,OP-03
2024-08-09,MP-0009,salida,40.5,CONS-102708,BOD-01,OP-06
2024-08-09,MP-0076,salida,55.9,CONS-102715,BOD-03,OP-06
2024-08-09,MP-0077,salida,58.9,CONS-102722,BOD-01,OP-03
2024-08-09,MP-0273,salida,62.9,CONS-102729,BOD-01,OP-05
2024-08-09,MP-0026,salida,39.2,CONS-102736,BOD-03,OP-05
2024-08-09,MP-0111,salida,60.3,CONS-102743,BOD-01,OP-05
2024-08-09,MP-0388,salida,46.1,CONS-102757,BOD-01,OP-02
2024-08-09,MP-0088,salida,100.1,CONS-102771,BOD-03,OP-05
2024-08-09,MP-0143,salida,112.0,CONS-102778,BOD-02,OP-02
2024-08-09,MP-0181,salida,94.1,CONS-102785,BOD-02,OP-06
2024-08-09,MP-0385,salida,27.6,CONS-102792,BOD-02,OP-01
2024-08-09,MP-0321,salida,50.8,CONS-102799,BOD-01,OP-05
2024-08-09,MP-0343,salida,112.7,CONS-102806,BOD-01,OP-05
2024-08-09,MP-0036,salida,35.8,CONS-102813,BOD-01,OP-03
2024-08-09,MP-0080,salida,39.6,CONS-102820,BOD-01,OP-03
2024-08-09,MP-0139,salida,73.0,CONS-102827,BOD-02,OP-05
2024-08-09,MP-0339,salida,15.6,CONS-102841,BOD-02,OP-01
2024-08-09,MP-0078,salida,128.2,CONS-102848,BOD-03,OP-05
2024-08-09,MP-0059,salida,79.0,CONS-102855,BOD-02,OP-04
2024-08-09,MP-0211,salida,61.9,CONS-102862,BOD-02,OP-04
2024-08-09,MP-0340,salida,61.9,CONS-102869,BOD-02,OP-01
2024-08-09,MP-0390,salida,44.4,CONS-102876,BOD-03,OP-06
2024-08-09,MP-0268,salida,40.6,CONS-102883,BOD-01,OP-03
2024-08-09,MP-0039,salida,6.9,CONS-102890,BOD-01,OP-01
2024-08-09,MP-0032,salida,13.6,CONS-102897,BOD-01,OP-02
2024-08-09,MP-0129,salida,45.9,CONS-102904,BOD-01,OP-06
2024-08-09,MP-0136,salida,39.5,CONS-102911,BOD-02,OP-03
2024-08-09,MP-0217,salida,34.8,CONS-102918,BOD-02,OP-05
2024-08-09,MP-0344,salida,57.8,CONS-102925,BOD-02,OP-01
2024-08-11,MP-0118,entrada,463,REC-OC-5999,BOD-02,OP-06
2024-08-11,MP-0074,entrada,338,REC-OC-5765,BOD-03,OP-04
2024-08-12,MP-0032,entrada,1529,REC-OC-5453,BOD-01,OP-01
2024-08-13,MP-0118,entrada,453,REC-OC-6001,BOD-03,OP-03
2024-08-13,MP-0261,entrada,39,REC-OC-6305,BOD-03,OP-06
2024-08-13,MP-0019,salida,95.7,CONS-102156,BOD-01,OP-05
2024-08-13,MP-0022,salida,155.4,CONS-102163,BOD-01,OP-03
2024-08-13,MP-0074,salida,70.8,CONS-102177,BOD-01,OP-03
2024-08-13,MP-0370,salida,22.9,CONS-102184,BOD-01,OP-02
2024-08-13,MP-0299,salida,88.5,CONS-102191,BOD-02,OP-05
2024-08-13,MP-0309,salida,80.3,CONS-102198,BOD-03,OP-02
2024-08-13,MP-0418,salida,74.5,CONS-102205,BOD-03,OP-06
2024-08-13,MP-0008,salida,112.1,CONS-102212,BOD-01,OP-03
2024-08-13,MP-0005,salida,93.1,CONS-102219,BOD-03,OP-01
2024-08-13,MP-0133,salida,-92.3,CONS-102226,BOD-03,OP-04
2024-08-13,MP-0101,salida,81.1,CONS-102233,BOD-02,OP-06
2024-08-13,MP-0149,salida,122.3,CONS-102240,BOD-01,OP-01
2024-08-13,MP-0189,salida,65.6,CONS-102247,BOD-03,OP-06
2024-08-13,MP-0197,salida,86.4,CONS-102268,BOD-01,OP-06
2024-08-13,MP-0037,salida,102.6,CONS-102275,BOD-01,OP-05
2024-08-13,MP-0018,salida,17.1,CONS-102282,BOD-01,OP-06
2024-08-13,MP-0137,salida,86.0,CONS-102289,BOD-01,OP-06
2024-08-13,MP-0073,salida,124.0,CONS-102296,BOD-03,OP-05
2024-08-13,MP-0118,salida,111.4,CONS-102303,BOD-02,OP-06
2024-08-13,MP-0199,salida,105.4,CONS-102310,BOD-03,OP-05
2024-08-13,MP-0232,salida,94.3,CONS-102317,BOD-01,OP-06
2024-08-13,MP-0027,salida,11.0,CONS-102324,BOD-03,OP-03
2024-08-13,MP-0116,salida,33.2,CONS-102331,BOD-03,OP-04
2024-08-13,MP-0108,salida,81.1,CONS-102338,BOD-01,OP-02
2024-08-13,MP-0293,salida,-58.4,CONS-102345,BOD-02,OP-04
2024-08-13,MP-0239,salida,-27.7,CONS-102352,BOD-03,OP-05
2024-08-13,MP-0016,salida,120.7,CONS-102359,BOD-01,OP-06
2024-08-13,MP-0030,salida,20.9,CONS-102366,BOD-03,OP-03
2024-08-13,MP-0120,salida,99.9,CONS-102373,BOD-02,OP-01
2024-08-13,MP-0043,salida,57.8,CONS-102380,BOD-01,OP-05
2024-08-13,MP-0182,salida,104.6,CONS-102387,BOD-02,OP-05
2024-08-13,MP-0369,salida,116.3,CONS-102394,BOD-02,OP-05
2024-08-13,MP-0157,salida,99.1,CONS-102401,BOD-03,OP-05
2024-08-13,MP-0001,salida,41.6,CONS-102408,BOD-03,OP-05
2024-08-13,MP-0014,salida,33.8,CONS-102415,BOD-02,OP-05
2024-08-13,MP-0128,salida,105.9,CONS-102422,BOD-03,OP-02
2024-08-13,MP-0047,salida,17.9,CONS-102429,BOD-03,OP-05
2024-08-13,MP-0244,salida,20.2,CONS-102436,BOD-03,OP-03
2024-08-13,MP-0122,salida,18.7,CONS-102443,BOD-03,OP-01
2024-08-13,MP-0132,salida,31.0,CONS-102450,BOD-03,OP-05
2024-08-13,MP-0131,salida,11.5,CONS-102457,BOD-01,OP-01
2024-08-13,MP-0216,salida,24.0,CONS-102464,BOD-01,OP-02
2024-08-13,MP-0272,salida,3.0,CONS-102471,BOD-02,OP-04
2024-08-13,MP-0010,salida,43.8,CONS-102478,BOD-03,OP-02
2024-08-13,MP-0002,salida,24.9,CONS-102485,BOD-01,OP-06
2024-08-13,MP-0150,salida,34.8,CONS-102492,BOD-01,OP-04
2024-08-13,MP-0085,salida,77.1,CONS-102499,BOD-02,OP-01
2024-08-13,MP-0153,salida,24.5,CONS-102513,BOD-03,OP-01
2024-08-13,MP-0013,salida,19.2,CONS-102534,BOD-02,OP-03
2024-08-13,MP-0020,salida,79.3,CONS-102541,BOD-03,OP-05
2024-08-13,MP-0106,salida,12.6,CONS-102548,BOD-03,OP-05
2024-08-13,MP-0051,salida,90.9,CONS-102555,BOD-02,OP-05
2024-08-13,MP-0411,salida,19.0,CONS-102562,BOD-03,OP-02
2024-08-13,MP-0238,salida,17.9,CONS-102569,BOD-01,OP-02
2024-08-13,MP-0004,salida,57.2,CONS-102576,BOD-01,OP-01
2024-08-13,MP-0033,salida,50.5,CONS-102583,BOD-01,OP-04
2024-08-13,MP-0045,salida,32.1,CONS-102590,BOD-01,OP-05
2024-08-13,MP-0393,salida,22.8,CONS-102604,BOD-01,OP-01
2024-08-13,MP-0373,salida,128.1,CONS-102611,BOD-01,OP-05
2024-08-13,MP-0015,salida,20.1,CONS-102618,BOD-02,OP-02
2024-08-13,MP-0012,salida,30.4,CONS-102625,BOD-02,OP-04
2024-08-13,MP-0142,salida,30.6,CONS-102632,BOD-01,OP-06
2024-08-13,MP-0102,salida,37.3,CONS-102639,BOD-03,OP-06
2024-08-13,MP-0114,salida,8.9,CONS-102646,BOD-02,OP-05
2024-08-13,MP-0193,salida,21.6,CONS-102660,BOD-03,OP-06
2024-08-13,MP-0330,salida,10.0,CONS-102667,BOD-01,OP-03
2024-08-13,MP-0024,salida,134.8,CONS-102674,BOD-01,OP-02
2024-08-13,MP-0117,salida,84.4,CONS-102681,BOD-01,OP-02
2024-08-13,MP-0060,salida,75.5,CONS-102688,BOD-02,OP-06
2024-08-13,MP-0357,salida,-92.8,CONS-102695,BOD-03,OP-04
2024-08-13,MP-0162,salida,14.2,CONS-102702,BOD-01,OP-03
2024-08-13,MP-0009,salida,40.5,CONS-102709,BOD-01,OP-04
2024-08-13,MP-0076,salida,55.9,CONS-102716,BOD-03,OP-04
2024-08-13,MP-0077,salida,58.9,CONS-102723,BOD-03,OP-04
2024-08-13,MP-0273,salida,62.9,CONS-102730,BOD-02,OP-04
2024-08-13,MP-0026,salida,39.2,CONS-102737,BOD-02,OP-06
2024-08-13,MP-0111,salida,60.3,CONS-102744,BOD-02,OP-01
2024-08-13,MP-0071,salida,47.8,CONS-102751,BOD-01,OP-03
2024-08-13,MP-0388,salida,46.1,CONS-102758,BOD-03,OP-02
2024-08-13,MP-0227,salida,27.6,CONS-102765,BOD-03,OP-02
2024-08-13,MP-0088,salida,100.1,CONS-102772,BOD-03,OP-06
2024-08-13,MP-0143,salida,112.0,CONS-102779,BOD-03,OP-06
2024-08-13,MP-0181,salida,94.1,CONS-102786,BOD-03,OP-02
2024-08-13,MP-0385,salida,27.6,CONS-102793,BOD-02,OP-01
2024-08-13,MP-0321,salida,50.8,CONS-102800,BOD-01,OP-03
2024-08-13,MP-0343,salida,112.7,CONS-102807,BOD-03,OP-03
2024-08-13,MP-0036,salida,35.8,CONS-102814,BOD-03,OP-05
2024-08-13,MP-0080,salida,39.6,CONS-102821,BOD-02,OP-01
2024-08-13,MP-0139,salida,73.0,CONS-102828,BOD-01,OP-03
2024-08-13,MP-0356,salida,46.7,CONS-102835,BOD-01,OP-05
2024-08-13,MP-0339,salida,15.6,CONS-102842,BOD-01,OP-03
2024-08-13,MP-0078,salida,128.2,CONS-102849,BOD-03,OP-04
2024-08-13,MP-0059,salida,79.0,CONS-102856,BOD-02,OP-04
2024-08-13,MP-0211,salida,-61.9,CONS-102863,BOD-02,OP-05
2024-08-13,MP-0340,salida,61.9,CONS-102870,BOD-02,OP-05
2024-08-13,MP-0390,salida,44.4,CONS-102877,BOD-01,OP-06
2024-08-13,MP-0268,salida,40.6,CONS-102884,BOD-03,OP-05
2024-08-13,MP-0039,salida,6.9,CONS-102891,BOD-02,OP-05
2024-08-13,MP-0032,salida,13.6,CONS-102898,BOD-03,OP-05
2024-08-13,MP-0129,salida,45.9,CONS-102905,BOD-01,OP-03
2024-08-13,MP-0136,salida,39.5,CONS-102912,BOD-03,OP-04
2024-08-13,MP-0217,salida,34.8,CONS-102919,BOD-03,OP-05
2024-08-14,MP-0033,entrada,2272,REC-OC-5477,BOD-01,OP-04
2024-08-15,MP-0065,entrada,260,REC-OC-5728,BOD-01,OP-06
2024-08-16,MP-0364,entrada,50,REC-OC-6413,BOD-01,OP-03
2024-08-17,MP-0083,entrada,186,REC-OC-5808,BOD-01,OP-05
2024-08-17,MP-0019,salida,95.7,CONS-102157,BOD-01,OP-02
2024-08-17,MP-0022,salida,155.4,CONS-102164,BOD-01,OP-04
2024-08-17,MP-0094,salida,68.1,CONS-102171,BOD-01,OP-03
2024-08-17,MP-0074,salida,70.8,CONS-102178,BOD-03,OP-01
2024-08-17,MP-0370,salida,-22.9,CONS-102185,BOD-01,OP-06
2024-08-17,MP-0299,salida,88.5,CONS-102192,BOD-02,OP-04
2024-08-17,MP-0309,salida,80.3,CONS-102199,BOD-02,OP-03
2024-08-17,MP-0418,salida,74.5,CONS-102206,BOD-01,OP-02
2024-08-17,MP-0008,salida,112.1,CONS-102213,BOD-03,OP-04
2024-08-17,MP-0133,salida,92.3,CONS-102227,BOD-01,OP-04
2024-08-17,MP-0101,salida,81.1,CONS-102234,BOD-02,OP-04
2024-08-17,MP-0149,salida,122.3,CONS-102241,BOD-03,OP-05
2024-08-17,MP-0189,salida,65.6,CONS-102248,BOD-01,OP-04
2024-08-17,MP-0254,salida,95.5,CONS-102255,BOD-03,OP-02
2024-08-17,MP-0161,salida,35.6,CONS-102262,BOD-01,OP-03
2024-08-17,MP-0197,salida,86.4,CONS-102269,BOD-01,OP-03
2024-08-17,MP-0037,salida,102.6,CONS-102276,BOD-03,OP-01
2024-08-17,MP-0018,salida,17.1,CONS-102283,BOD-01,OP-03
2024-08-17,MP-0137,salida,86.0,CONS-102290,BOD-02,OP-05
2024-08-17,MP-0073,salida,124.0,CONS-102297,BOD-03,OP-06
2024-08-17,MP-0199,salida,105.4,CONS-102311,BOD-01,OP-06
2024-08-17,MP-0232,salida,94.3,CONS-102318,BOD-02,OP-01
2024-08-17,MP-0027,salida,11.0,CONS-102325,BOD-01,OP-01
2024-08-17,MP-0116,salida,33.2,CONS-102332,BOD-03,OP-05
2024-08-17,MP-0293,salida,58.4,CONS-102346,BOD-02,OP-05
2024-08-17,MP-0239,salida,27.7,CONS-102353,BOD-01,OP-03
2024-08-17,MP-0016,salida,120.7,CONS-102360,BOD-01,OP-04
2024-08-17,MP-0030,salida,20.9,CONS-102367,BOD-03,OP-06
2024-08-17,MP-0120,salida,99.9,CONS-102374,BOD-03,OP-06
2024-08-17,MP-0043,salida,57.8,CONS-102381,BOD-01,OP-03
2024-08-17,MP-0182,salida,104.6,CONS-102388,BOD-02,OP-04
2024-08-17,MP-0369,salida,116.3,CONS-102395,BOD-03,OP-02
2024-08-17,MP-0157,salida,99.1,CONS-102402,BOD-02,OP-01
2024-08-17,MP-0001,salida,41.6,CONS-102409,BOD-02,OP-06
2024-08-17,MP-0014,salida,33.8,CONS-102416,BOD-03,OP-03
2024-08-17,MP-0128,salida,105.9,CONS-102423,BOD-02,OP-06
2024-08-17,MP-0047,salida,17.9,CONS-102430,BOD-03,OP-02
2024-08-17,MP-0244,salida,20.2,CONS-102437,BOD-02,OP-06
2024-08-17,MP-0122,salida,18.7,CONS-102444,BOD-02,OP-04
2024-08-17,MP-0132,salida,31.0,CONS-102451,BOD-01,OP-05
2024-08-17,MP-0131,salida,11.5,CONS-102458,BOD-02,OP-03
2024-08-17,MP-0216,salida,24.0,CONS-102465,BOD-03,OP-01
2024-08-17,MP-0272,salida,3.0,CONS-102472,BOD-01,OP-04
2024-08-17,MP-0010,salida,43.8,CONS-102479,BOD-01,OP-06
2024-08-17,MP-0150,salida,-34.8,CONS-102493,BOD-03,OP-05
2024-08-17,MP-0085,salida,77.1,CONS-102500,BOD-01,OP-01
2024-08-17,MP-0202,salida,53.4,CONS-102507,BOD-02,OP-01
2024-08-17,MP-0153,salida,24.5,CONS-102514,BOD-03,OP-06
2024-08-17,MP-0178,salida,11.6,CONS-102521,BOD-03,OP-04
2024-08-17,MP-0229,salida,54.7,CONS-102528,BOD-03,OP-04
2024-08-17,MP-0013,salida,19.2,CONS-102535,BOD-02,OP-03
2024-08-17,MP-0020,salida,79.3,CONS-102542,BOD-03,OP-04
2024-08-17,MP-0106,salida,12.6,CONS-102549,BOD-03,OP-04
2024-08-17,MP-0051,salida,90.9,CONS-102556,BOD-03,OP-05
2024-08-17,MP-0238,salida,17.9,CONS-102570,BOD-02,OP-05
2024-08-17,MP-0004,salida,57.2,CONS-102577,BOD-03,OP-04
2024-08-17,MP-0033,salida,50.5,CONS-102584,BOD-03,OP-06
2024-08-17,MP-0045,salida,32.1,CONS-102591,BOD-01,OP-02
2024-08-17,MP-0386,salida,70.9,CONS-102598,BOD-02,OP-02
2024-08-17,MP-0393,salida,22.8,CONS-102605,BOD-01,OP-03
2024-08-17,MP-0373,salida,128.1,CONS-102612,BOD-02,OP-01
2024-08-17,MP-0015,salida,20.1,CONS-102619,BOD-02,OP-04
2024-08-17,MP-0012,salida,30.4,CONS-102626,BOD-01,OP-06
2024-08-17,MP-0102,salida,37.3,CONS-102640,BOD-01,OP-05
2024-08-17,MP-0114,salida,8.9,CONS-102647,BOD-01,OP-03
2024-08-17,MP-0325,salida,23.9,CONS-102654,BOD-03,OP-03
2024-08-17,MP-0193,salida,21.6,CONS-102661,BOD-02,OP-04
2024-08-17,MP-0330,salida,-10.0,CONS-102668,BOD-02,OP-02
2024-08-17,MP-0024,salida,-134.8,CONS-102675,BOD-02,OP-01
2024-08-17,MP-0117,salida,84.4,CONS-102682,BOD-01,OP-05
2024-08-17,MP-0060,salida,75.5,CONS-102689,BOD-01,OP-01
2024-08-17,MP-0357,salida,92.8,CONS-102696,BOD-03,OP-03
2024-08-17,MP-0162,salida,14.2,CONS-102703,BOD-01,OP-05
2024-08-17,MP-0009,salida,40.5,CONS-102710,BOD-01,OP-02
2024-08-17,MP-0076,salida,55.9,CONS-102717,BOD-01,OP-06
2024-08-17,MP-0077,salida,58.9,CONS-102724,BOD-02,OP-05
2024-08-17,MP-0273,salida,62.9,CONS-102731,BOD-02,OP-05
2024-08-17,MP-0026,salida,39.2,CONS-102738,BOD-02,OP-03
2024-08-17,MP-0111,salida,60.3,CONS-102745,BOD-03,OP-04
2024-08-17,MP-0071,salida,47.8,CONS-102752,BOD-03,OP-04
2024-08-17,MP-0388,salida,46.1,CONS-102759,BOD-02,OP-05
2024-08-17,MP-0227,salida,27.6,CONS-102766,BOD-01,OP-04
2024-08-17,MP-0088,salida,100.1,CONS-102773,BOD-03,OP-02
2024-08-17,MP-0143,salida,112.0,CONS-102780,BOD-03,OP-01
2024-08-17,MP-0181,salida,94.1,CONS-102787,BOD-03,OP-01
2024-08-17,MP-0385,salida,27.6,CONS-102794,BOD-02,OP-01
2024-08-17,MP-0321,salida,50.8,CONS-102801,BOD-03,OP-05
2024-08-17,MP-0080,salida,39.6,CONS-102822,BOD-03,OP-02
2024-08-17,MP-0139,salida,73.0,CONS-102829,BOD-03,OP-04
2024-08-17,MP-0356,salida,46.7,CONS-102836,BOD-03,OP-02
2024-08-17,MP-0078,salida,128.2,CONS-102850,BOD-01,OP-03
2024-08-17,MP-0059,salida,79.0,CONS-102857,BOD-02,OP-02
2024-08-17,MP-0340,salida,61.9,CONS-102871,BOD-02,OP-03
2024-08-17,MP-0390,salida,44.4,CONS-102878,BOD-03,OP-02
2024-08-17,MP-0268,salida,40.6,CONS-102885,BOD-03,OP-05
2024-08-17,MP-0039,salida,6.9,CONS-102892,BOD-03,OP-06
2024-08-17,MP-0032,salida,13.6,CONS-102899,BOD-02,OP-06
2024-08-17,MP-0129,salida,45.9,CONS-102906,BOD-02,OP-02
2024-08-17,MP-0136,salida,39.5,CONS-102913,BOD-03,OP-06
2024-08-17,MP-0344,salida,57.8,CONS-102927,BOD-02,OP-03
2024-08-18,MP-0002,entrada,1636,REC-OC-5011,BOD-01,OP-01
2024-08-19,MP-0010,entrada,1685,REC-OC-5122,BOD-01,OP-02
2024-08-19,MP-0002,entrada,1326,REC-OC-5018,BOD-01,OP-02
2024-08-20,MP-0058,entrada,318,REC-OC-5701,BOD-01,OP-04
2024-08-21,MP-0029,entrada,1308,REC-OC-5398,BOD-03,OP-04
2024-08-21,MP-0019,salida,95.7,CONS-102158,BOD-02,OP-05
2024-08-21,MP-0022,salida,155.4,CONS-102165,BOD-03,OP-03
2024-08-21,MP-0094,salida,68.1,CONS-102172,BOD-03,OP-05
2024-08-21,MP-0074,salida,70.8,CONS-102179,BOD-01,OP-04
2024-08-21,MP-0370,salida,22.9,CONS-102186,BOD-01,OP-01
2024-08-21,MP-0299,salida,88.5,CONS-102193,BOD-01,OP-06
2024-08-21,MP-0309,salida,80.3,CONS-102200,BOD-02,OP-05
2024-08-21,MP-0418,salida,74.5,CONS-102207,BOD-03,OP-01
2024-08-21,MP-0008,salida,112.1,CONS-102214,BOD-03,OP-04
2024-08-21,MP-0005,salida,93.1,CONS-102221,BOD-03,OP-06
2024-08-21,MP-0133,salida,92.3,CONS-102228,BOD-01,OP-01
2024-08-21,MP-0101,salida,81.1,CONS-102235,BOD-02,OP-01
2024-08-21,MP-0149,salida,122.3,CONS-102242,BOD-01,OP-06
2024-08-21,MP-0189,salida,65.6,CONS-102249,BOD-02,OP-01
2024-08-21,MP-0254,salida,95.5,CONS-102256,BOD-03,OP-05
2024-08-21,MP-0161,salida,35.6,CONS-102263,BOD-03,OP-03
2024-08-21,MP-0197,salida,86.4,CONS-102270,BOD-03,OP-04
2024-08-21,MP-0037,salida,102.6,CONS-102277,BOD-02,OP-05
2024-08-21,MP-0018,salida,17.1,CONS-102284,BOD-01,OP-03
2024-08-21,MP-0137,salida,86.0,CONS-102291,BOD-02,OP-01
2024-08-21,MP-0073,salida,124.0,CONS-102298,BOD-01,OP-03
2024-08-21,MP-0118,salida,111.4,CONS-102305,BOD-03,OP-06
2024-08-21,MP-0199,salida,105.4,CONS-102312,BOD-03,OP-06
2024-08-21,MP-0232,salida,94.3,CONS-102319,BOD-03,OP-01
2024-08-21,MP-0027,salida,11.0,CONS-102326,BOD-02,OP-03
2024-08-21,MP-0116,salida,33.2,CONS-102333,BOD-03,OP-05
2024-08-21,MP-0108,salida,81.1,CONS-102340,BOD-01,OP-04
2024-08-21,MP-0293,salida,58.4,CONS-102347,BOD-01,OP-04
2024-08-21,MP-0239,salida,27.7,CONS-102354,BOD-02,OP-06
2024-08-21,MP-0016,salida,120.7,CONS-102361,BOD-02,OP-01
2024-08-21,MP-0030,salida,20.9,CONS-102368,BOD-02,OP-03
2024-08-21,MP-0120,salida,99.9,CONS-102375,BOD-01,OP-06
2024-08-21,MP-0182,salida,104.6,CONS-102389,BOD-03,OP-03
2024-08-21,MP-0369,salida,116.3,CONS-102396,BOD-01,OP-01
2024-08-21,MP-0157,salida,-99.1,CONS-102403,BOD-02,OP-05
2024-08-21,MP-0001,salida,41.6,CONS-102410,BOD-02,OP-05
2024-08-21,MP-0014,salida,33.8,CONS-102417,BOD-03,OP-04
2024-08-21,MP-0128,salida,105.9,CONS-102424,BOD-02,OP-03
2024-08-21,MP-0047,salida,17.9,CONS-102431,BOD-02,OP-03
2024-08-21,MP-0244,salida,20.2,CONS-102438,BOD-01,OP-02
2024-08-21,MP-0122,salida,18.7,CONS-102445,BOD-03,OP-06
2024-08-21,MP-0132,salida,31.0,CONS-102452,BOD-03,OP-03
2024-08-21,MP-0131,salida,11.5,CONS-102459,BOD-03,OP-06
2024-08-21,MP-0216,salida,24.0,CONS-102466,BOD-02,OP-06
2024-08-21,MP-0272,salida,3.0,CONS-102473,BOD-01,OP-05
2024-08-21,MP-0010,salida,43.8,CONS-102480,BOD-03,OP-01
2024-08-21,MP-0002,salida,24.9,CONS-102487,BOD-02,OP-03
2024-08-21,MP-0150,salida,34.8,CONS-102494,BOD-03,OP-01
2024-08-21,MP-0085,salida,77.1,CONS-102501,BOD-03,OP-06
2024-08-21,MP-0202,salida,53.4,CONS-102508,BOD-01,OP-06
2024-08-21,MP-0178,salida,11.6,CONS-102522,BOD-03,OP-05
2024-08-21,MP-0229,salida,54.7,CONS-102529,BOD-02,OP-01
2024-08-21,MP-0020,salida,79.3,CONS-102543,BOD-01,OP-03
2024-08-21,MP-0106,salida,12.6,CONS-102550,BOD-02,OP-04
2024-08-21,MP-0051,salida,90.9,CONS-102557,BOD-01,OP-06
2024-08-21,MP-0411,salida,19.0,CONS-102564,BOD-02,OP-02
2024-08-21,MP-0238,salida,17.9,CONS-102571,BOD-01,OP-02
2024-08-21,MP-0004,salida,57.2,CONS-102578,BOD-02,OP-06
2024-08-21,MP-0045,salida,32.1,CONS-102592,BOD-01,OP-01
2024-08-21,MP-0386,salida,70.9,CONS-102599,BOD-03,OP-02
2024-08-21,MP-0393,salida,22.8,CONS-102606,BOD-03,OP-04
2024-08-21,MP-0373,salida,128.1,CONS-102613,BOD-03,OP-03
2024-08-21,MP-0015,salida,20.1,CONS-102620,BOD-01,OP-03
2024-08-21,MP-0012,salida,30.4,CONS-102627,BOD-03,OP-01
2024-08-21,MP-0142,salida,30.6,CONS-102634,BOD-03,OP-01
2024-08-21,MP-0114,salida,8.9,CONS-102648,BOD-03,OP-05
2024-08-21,MP-0325,salida,23.9,CONS-102655,BOD-01,OP-04
2024-08-21,MP-0193,salida,21.6,CONS-102662,BOD-02,OP-01
2024-08-21,MP-0330,salida,10.0,CONS-102669,BOD-02,OP-04
2024-08-21,MP-0024,salida,134.8,CONS-102676,BOD-01,OP-01
2024-08-21,MP-0117,salida,84.4,CONS-102683,BOD-03,OP-02
2024-08-21,MP-0060,salida,75.5,CONS-102690,BOD-02,OP-02
2024-08-21,MP-0357,salida,92.8,CONS-102697,BOD-02,OP-06
2024-08-21,MP-0162,salida,14.2,CONS-102704,BOD-03,OP-05
2024-08-21,MP-0009,salida,40.5,CONS-102711,BOD-03,OP-05
2024-08-21,MP-0077,salida,58.9,CONS-102725,BOD-03,OP-03
2024-08-21,MP-0273,salida,62.9,CONS-102732,BOD-01,OP-06
2024-08-21,MP-0026,salida,39.2,CONS-102739,BOD-03,OP-06
2024-08-21,MP-0111,salida,60.3,CONS-102746,BOD-01,OP-03
2024-08-21,MP-0071,salida,47.8,CONS-102753,BOD-03,OP-04
2024-08-21,MP-0388,salida,46.1,CONS-102760,BOD-03,OP-04
2024-08-21,MP-0227,salida,27.6,CONS-102767,BOD-03,OP-06
2024-08-21,MP-0088,salida,100.1,CONS-102774,BOD-02,OP-06
2024-08-21,MP-0143,salida,112.0,CONS-102781,BOD-03,OP-02
2024-08-21,MP-0181,salida,94.1,CONS-102788,BOD-03,OP-02
2024-08-21,MP-0385,salida,27.6,CONS-102795,BOD-01,OP-05
2024-08-21,MP-0321,salida,50.8,CONS-102802,BOD-03,OP-04
2024-08-21,MP-0343,salida,112.7,CONS-102809,BOD-02,OP-04
2024-08-21,MP-0036,salida,35.8,CONS-102816,BOD-01,OP-05
2024-08-21,MP-0080,salida,39.6,CONS-102823,BOD-01,OP-05
2024-08-21,MP-0139,salida,73.0,CONS-102830,BOD-02,OP-02
2024-08-21,MP-0356,salida,46.7,CONS-102837,BOD-03,OP-04
2024-08-21,MP-0339,salida,15.6,CONS-102844,BOD-02,OP-03
2024-08-21,MP-0078,salida,128.2,CONS-102851,BOD-02,OP-01
2024-08-21,MP-0059,salida,79.0,CONS-102858,BOD-03,OP-05
2024-08-21,MP-0211,salida,61.9,CONS-102865,BOD-02,OP-06
2024-08-21,MP-0340,salida,61.9,CONS-102872,BOD-02,OP-01
2024-08-21,MP-0268,salida,40.6,CONS-102886,BOD-01,OP-02
2024-08-21,MP-0039,salida,6.9,CONS-102893,BOD-01,OP-04
2024-08-21,MP-0032,salida,13.6,CONS-102900,BOD-02,OP-03
2024-08-21,MP-0129,salida,45.9,CONS-102907,BOD-02,OP-02
2024-08-21,MP-0136,salida,-39.5,CONS-102914,BOD-02,OP-02
2024-08-21,MP-0217,salida,34.8,CONS-102921,BOD-01,OP-03
2024-08-21,MP-0344,salida,57.8,CONS-102928,BOD-03,OP-04
2024-08-22,MP-0146,entrada,354,REC-OC-6163,BOD-03,OP-05
2024-08-22,MP-0106,entrada,256,REC-OC-5951,BOD-02,OP-04
2024-08-22,MP-0053,entrada,342,REC-OC-5666,BOD-01,OP-06
2024-08-22,MP-0057,entrada,467,REC-OC-5692,BOD-01,OP-03
2024-08-23,MP-0386,entrada,33,REC-OC-6435,BOD-03,OP-06
2024-08-23,MP-0376,entrada,77,REC-OC-6425,BOD-01,OP-02
2024-08-24,MP-0350,entrada,26,REC-OC-6399,BOD-03,OP-04
2024-08-24,MP-0016,entrada,989,REC-OC-5211,BOD-03,OP-03
2024-08-25,MP-0032,entrada,1431,REC-OC-5465,BOD-01,OP-06
2024-08-25,MP-0007,entrada,893,REC-OC-5081,BOD-01,OP-03
2024-08-25,MP-0019,salida,95.7,CONS-102159,BOD-01,OP-05
2024-08-25,MP-0022,salida,155.4,CONS-102166,BOD-01,OP-05
2024-08-25,MP-0094,salida,68.1,CONS-102173,BOD-01,OP-06
2024-08-25,MP-0370,salida,22.9,CONS-102187,BOD-03,OP-03
2024-08-25,MP-0299,salida,88.5,CONS-102194,BOD-02,OP-04
2024-08-25,MP-0309,salida,80.3,CONS-102201,BOD-02,OP-01
2024-08-25,MP-0418,salida,74.5,CONS-102208,BOD-02,OP-06
2024-08-25,MP-0008,salida,-112.1,CONS-102215,BOD-02,OP-01
2024-08-25,MP-0133,salida,92.3,CONS-102229,BOD-03,OP-01
2024-08-25,MP-0101,salida,81.1,CONS-102236,BOD-03,OP-03
2024-08-25,MP-0149,salida,122.3,CONS-102243,BOD-02,OP-05
2024-08-25,MP-0189,salida,65.6,CONS-102250,BOD-03,OP-05
2024-08-25,MP-0254,salida,95.5,CONS-102257,BOD-03,OP-02
2024-08-25,MP-0161,salida,35.6,CONS-102264,BOD-02,OP-05
2024-08-25,MP-0197,salida,86.4,CONS-102271,BOD-03,OP-05
2024-08-25,MP-0037,salida,102.6,CONS-102278,BOD-03,OP-05
2024-08-25,MP-0137,salida,86.0,CONS-102292,BOD-02,OP-03
2024-08-25,MP-0073,salida,124.0,CONS-102299,BOD-03,OP-01
2024-08-25,MP-0118,salida,111.4,CONS-102306,BOD-03,OP-02
2024-08-25,MP-0199,salida,105.4,CONS-102313,BOD-03,OP-03
2024-08-25,MP-0027,salida,11.0,CONS-102327,BOD-01,OP-06
2024-08-25,MP-0116,salida,33.2,CONS-102334,BOD-01,OP-06
2024-08-25,MP-0108,salida,81.1,CONS-102341,BOD-03,OP-01
2024-08-25,MP-0239,salida,27.7,CONS-102355,BOD-02,OP-04
2024-08-25,MP-0016,salida,120.7,CONS-102362,BOD-02,OP-02
2024-08-25,MP-0030,salida,20.9,CONS-102369,BOD-02,OP-05
2024-08-25,MP-0120,salida,99.9,CONS-102376,BOD-03,OP-02
2024-08-25,MP-0043,salida,57.8,CONS-102383,BOD-01,OP-04
2024-08-25,MP-0182,salida,104.6,CONS-102390,BOD-02,OP-05
2024-08-25,MP-0369,salida,116.3,CONS-102397,BOD-01,OP-02
2024-08-25,MP-0157,salida,99.1,CONS-102404,BOD-03,OP-06
2024-08-25,MP-0001,salida,41.6,CONS-102411,BOD-03,OP-02
2024-08-25,MP-0014,salida,33.8,CONS-102418,BOD-02,OP-02
2024-08-25,MP-0128,salida,105.9,CONS-102425,BOD-02,OP-03
2024-08-25,MP-0047,salida,17.9,CONS-102432,BOD-03,OP-04
2024-08-25,MP-0244,salida,-20.2,CONS-102439,BOD-03,OP-05
2024-08-25,MP-0122,salida,18.7,CONS-102446,BOD-03,OP-01
2024-08-25,MP-0131,salida,11.5,CONS-102460,BOD-03,OP-06
2024-08-25,MP-0216,salida,24.0,CONS-102467,BOD-01,OP-02
2024-08-25,MP-0272,salida,3.0,CONS-102474,BOD-01,OP-03
2024-08-25,MP-0010,salida,43.8,CONS-102481,BOD-02,OP-05
2024-08-25,MP-0002,salida,24.9,CONS-102488,BOD-03,OP-06
2024-08-25,MP-0150,salida,34.8,CONS-102495,BOD-02,OP-03
2024-08-25,MP-0085,salida,77.1,CONS-102502,BOD-01,OP-05
2024-08-25,MP-0202,salida,53.4,CONS-102509,BOD-03,OP-05
2024-08-25,MP-0153,salida,24.5,CONS-102516,BOD-03,OP-03
2024-08-25,MP-0178,salida,11.6,CONS-102523,BOD-03,OP-03
2024-08-25,MP-0229,salida,54.7,CONS-102530,BOD-03,OP-01
2024-08-25,MP-0013,salida,19.2,CONS-102537,BOD-01,OP-01
2024-08-25,MP-0020,salida,79.3,CONS-102544,BOD-03,OP-01
2024-08-25,MP-0106,salida,12.6,CONS-102551,BOD-02,OP-01
2024-08-25,MP-0051,salida,90.9,CONS-102558,BOD-03,OP-02
2024-08-25,MP-0411,salida,19.0,CONS-102565,BOD-01,OP-05
2024-08-25,MP-0238,salida,17.9,CONS-102572,BOD-02,OP-04
2024-08-25,MP-0004,salida,57.2,CONS-102579,BOD-01,OP-02
2024-08-25,MP-0033,salida,50.5,CONS-102586,BOD-01,OP-04
2024-08-25,MP-0045,salida,32.1,CONS-102593,BOD-01,OP-01
2024-08-25,MP-0386,salida,70.9,CONS-102600,BOD-02,OP-03
2024-08-25,MP-0393,salida,22.8,CONS-102607,BOD-03,OP-02
2024-08-25,MP-0373,salida,128.1,CONS-102614,BOD-02,OP-04
2024-08-25,MP-0015,salida,20.1,CONS-102621,BOD-02,OP-02
2024-08-25,MP-0012,salida,30.4,CONS-102628,BOD-03,OP-03
2024-08-25,MP-0142,salida,30.6,CONS-102635,BOD-03,OP-03
2024-08-25,MP-0102,salida,37.3,CONS-102642,BOD-01,OP-02
2024-08-25,MP-0114,salida,8.9,CONS-102649,BOD-02,OP-01
2024-08-25,MP-0193,salida,21.6,CONS-102663,BOD-01,OP-05
2024-08-25,MP-0024,salida,134.8,CONS-102677,BOD-03,OP-03
2024-08-25,MP-0117,salida,84.4,CONS-102684,BOD-02,OP-06
2024-08-25,MP-0060,salida,75.5,CONS-102691,BOD-03,OP-04
2024-08-25,MP-0357,salida,92.8,CONS-102698,BOD-03,OP-04
2024-08-25,MP-0162,salida,14.2,CONS-102705,BOD-02,OP-01
2024-08-25,MP-0076,salida,55.9,CONS-102719,BOD-02,OP-01
2024-08-25,MP-0077,salida,58.9,CONS-102726,BOD-01,OP-01
2024-08-25,MP-0273,salida,62.9,CONS-102733,BOD-02,OP-05
2024-08-25,MP-0026,salida,39.2,CONS-102740,BOD-01,OP-02
2024-08-25,MP-0071,salida,47.8,CONS-102754,BOD-01,OP-03
2024-08-25,MP-0388,salida,46.1,CONS-102761,BOD-01,OP-03
2024-08-25,MP-0227,salida,27.6,CONS-102768,BOD-02,OP-06
2024-08-25,MP-0088,salida,100.1,CONS-102775,BOD-02,OP-01
2024-08-25,MP-0143,salida,112.0,CONS-102782,BOD-01,OP-03
2024-08-25,MP-0181,salida,-94.1,CONS-102789,BOD-01,OP-06
2024-08-25,MP-0321,salida,50.8,CONS-102803,BOD-03,OP-03
2024-08-25,MP-0343,salida,112.7,CONS-102810,BOD-03,OP-06
2024-08-25,MP-0036,salida,35.8,CONS-102817,BOD-01,OP-05
2024-08-25,MP-0080,salida,39.6,CONS-102824,BOD-03,OP-04
2024-08-25,MP-0139,salida,73.0,CONS-102831,BOD-03,OP-01
2024-08-25,MP-0356,salida,46.7,CONS-102838,BOD-01,OP-02
2024-08-25,MP-0339,salida,15.6,CONS-102845,BOD-03,OP-02
2024-08-25,MP-0078,salida,128.2,CONS-102852,BOD-02,OP-01
2024-08-25,MP-0059,salida,79.0,CONS-102859,BOD-01,OP-06
2024-08-25,MP-0340,salida,61.9,CONS-102873,BOD-02,OP-03
2024-08-25,MP-0390,salida,44.4,CONS-102880,BOD-02,OP-05
2024-08-25,MP-0268,salida,40.6,CONS-102887,BOD-02,OP-01
2024-08-25,MP-0039,salida,6.9,CONS-102894,BOD-01,OP-03
2024-08-25,MP-0032,salida,13.6,CONS-102901,BOD-02,OP-04
2024-08-25,MP-0129,salida,45.9,CONS-102908,BOD-03,OP-06
2024-08-25,MP-0217,salida,34.8,CONS-102922,BOD-01,OP-03
2024-08-25,MP-0344,salida,57.8,CONS-102929,BOD-03,OP-01
2024-08-26,MP-0207,entrada,40,REC-OC-6249,BOD-02,OP-01
2024-08-26,MP-0029,entrada,901,REC-OC-5407,BOD-01,OP-01
2024-08-27,MP-0059,entrada,395,REC-OC-5704,BOD-03,OP-01
2024-08-28,MP-0420,entrada,29,REC-OC-6471,BOD-02,OP-01
2024-08-30,MP-0012,entrada,1140,REC-OC-5162,BOD-02,OP-01
2024-08-30,MP-0155,entrada,54,REC-OC-6195,BOD-01,OP-05
2024-08-31,MP-0397,entrada,58,REC-OC-6447,BOD-02,OP-01
2024-08-31,MP-0117,entrada,238,REC-OC-5996,BOD-02,OP-04
2024-09-01,MP-0233,entrada,8,REC-OC-6276,BOD-03,OP-03
2024-09-01,MP-0019,salida,109.2,CONS-102930,BOD-02,OP-04
2024-09-01,MP-0022,salida,111.6,CONS-102937,BOD-01,OP-01
2024-09-01,MP-0094,salida,-75.9,CONS-102944,BOD-01,OP-06
2024-09-01,MP-0074,salida,78.8,CONS-102951,BOD-01,OP-02
2024-09-01,MP-0370,salida,25.5,CONS-102958,BOD-01,OP-04
2024-09-01,MP-0299,salida,98.6,CONS-102965,BOD-01,OP-04
2024-09-01,MP-0309,salida,89.5,CONS-102972,BOD-01,OP-02
2024-09-01,MP-0418,salida,83.0,CONS-102979,BOD-01,OP-03
2024-09-01,MP-0005,salida,89.7,CONS-102993,BOD-03,OP-01
2024-09-01,MP-0101,salida,96.2,CONS-103007,BOD-02,OP-02
2024-09-01,MP-0149,salida,121.3,CONS-103014,BOD-03,OP-02
2024-09-01,MP-0189,salida,77.8,CONS-103021,BOD-01,OP-01
2024-09-01,MP-0254,salida,113.2,CONS-103028,BOD-02,OP-02
2024-09-01,MP-0161,salida,42.3,CONS-103035,BOD-02,OP-03
2024-09-01,MP-0197,salida,102.4,CONS-103042,BOD-01,OP-01
2024-09-01,MP-0037,salida,25.6,CONS-103049,BOD-01,OP-03
2024-09-01,MP-0018,salida,4.3,CONS-103056,BOD-02,OP-01
2024-09-01,MP-0137,salida,21.5,CONS-103063,BOD-03,OP-03
2024-09-01,MP-0073,salida,31.0,CONS-103070,BOD-02,OP-05
2024-09-01,MP-0118,salida,27.8,CONS-103077,BOD-01,OP-05
2024-09-01,MP-0199,salida,26.3,CONS-103084,BOD-03,OP-03
2024-09-01,MP-0232,salida,23.6,CONS-103091,BOD-03,OP-01
2024-09-01,MP-0027,salida,9.3,CONS-103098,BOD-03,OP-04
2024-09-01,MP-0108,salida,44.6,CONS-103112,BOD-01,OP-06
2024-09-01,MP-0293,salida,49.1,CONS-103119,BOD-01,OP-02
2024-09-01,MP-0239,salida,23.3,CONS-103126,BOD-01,OP-05
2024-09-01,MP-0016,salida,89.9,CONS-103133,BOD-03,OP-03
2024-09-01,MP-0030,salida,10.4,CONS-103140,BOD-01,OP-02
2024-09-01,MP-0120,salida,49.9,CONS-103147,BOD-03,OP-03
2024-09-01,MP-0043,salida,28.9,CONS-103154,BOD-01,OP-03
2024-09-01,MP-0182,salida,69.5,CONS-103161,BOD-01,OP-04
2024-09-01,MP-0369,salida,58.1,CONS-103168,BOD-02,OP-01
2024-09-01,MP-0157,salida,102.0,CONS-103175,BOD-02,OP-06
2024-09-01,MP-0014,salida,39.0,CONS-103189,BOD-02,OP-02
2024-09-01,MP-0128,salida,80.2,CONS-103196,BOD-03,OP-03
2024-09-01,MP-0047,salida,20.6,CONS-103203,BOD-01,OP-06
2024-09-01,MP-0244,salida,23.3,CONS-103210,BOD-02,OP-01
2024-09-01,MP-0122,salida,46.1,CONS-103217,BOD-02,OP-05
2024-09-01,MP-0131,salida,28.3,CONS-103231,BOD-02,OP-06
2024-09-01,MP-0216,salida,59.1,CONS-103238,BOD-02,OP-01
2024-09-01,MP-0272,salida,7.5,CONS-103245,BOD-02,OP-01
2024-09-01,MP-0010,salida,84.9,CONS-103252,BOD-03,OP-04
2024-09-01,MP-0002,salida,48.2,CONS-103259,BOD-01,OP-02
2024-09-01,MP-0150,salida,67.5,CONS-103266,BOD-02,OP-05
2024-09-01,MP-0085,salida,77.1,CONS-103273,BOD-02,OP-06
2024-09-01,MP-0202,salida,103.5,CONS-103280,BOD-02,OP-01
2024-09-01,MP-0153,salida,47.6,CONS-103287,BOD-03,OP-02
2024-09-01,MP-0178,salida,22.5,CONS-103294,BOD-01,OP-01
2024-09-01,MP-0013,salida,33.4,CONS-103308,BOD-02,OP-01
2024-09-01,MP-0020,salida,46.8,CONS-103315,BOD-03,OP-05
2024-09-01,MP-0106,salida,22.0,CONS-103322,BOD-01,OP-02
2024-09-01,MP-0051,salida,81.2,CONS-103329,BOD-01,OP-05
2024-09-01,MP-0411,salida,33.1,CONS-103336,BOD-02,OP-06
2024-09-01,MP-0238,salida,-31.2,CONS-103343,BOD-01,OP-05
2024-09-01,MP-0004,salida,36.4,CONS-103350,BOD-03,OP-04
2024-09-01,MP-0033,salida,32.2,CONS-103357,BOD-02,OP-06
2024-09-01,MP-0045,salida,20.4,CONS-103364,BOD-03,OP-01
2024-09-01,MP-0386,salida,45.1,CONS-103371,BOD-03,OP-03
2024-09-01,MP-0393,salida,14.5,CONS-103378,BOD-02,OP-05
2024-09-01,MP-0373,salida,122.6,CONS-103385,BOD-01,OP-03
2024-09-01,MP-0015,salida,37.2,CONS-103392,BOD-03,OP-01
2024-09-01,MP-0012,salida,56.3,CONS-103399,BOD-03,OP-05
2024-09-01,MP-0142,salida,56.6,CONS-103406,BOD-03,OP-01
2024-09-01,MP-0102,salida,69.0,CONS-103413,BOD-02,OP-01
2024-09-01,MP-0114,salida,16.5,CONS-103420,BOD-02,OP-05
2024-09-01,MP-0325,salida,44.4,CONS-103427,BOD-01,OP-03
2024-09-01,MP-0193,salida,40.0,CONS-103434,BOD-03,OP-02
2024-09-01,MP-0024,salida,130.5,CONS-103448,BOD-01,OP-03
2024-09-01,MP-0117,salida,34.7,CONS-103455,BOD-03,OP-01
2024-09-01,MP-0060,salida,31.0,CONS-103462,BOD-02,OP-04
2024-09-01,MP-0357,salida,38.1,CONS-103469,BOD-02,OP-06
2024-09-01,MP-0162,salida,5.9,CONS-103476,BOD-01,OP-01
2024-09-01,MP-0009,salida,71.4,CONS-103483,BOD-02,OP-03
2024-09-01,MP-0076,salida,98.7,CONS-103490,BOD-02,OP-03
2024-09-01,MP-0077,salida,103.9,CONS-103497,BOD-02,OP-04
2024-09-01,MP-0273,salida,-110.9,CONS-103504,BOD-03,OP-06
2024-09-01,MP-0026,salida,15.2,CONS-103511,BOD-03,OP-02
2024-09-01,MP-0111,salida,23.3,CONS-103518,BOD-03,OP-03
2024-09-01,MP-0071,salida,18.5,CONS-103525,BOD-01,OP-01
2024-09-01,MP-0388,salida,17.8,CONS-103532,BOD-01,OP-05
2024-09-01,MP-0088,salida,73.5,CONS-103546,BOD-03,OP-04
2024-09-01,MP-0143,salida,-82.2,CONS-103553,BOD-01,OP-04
2024-09-01,MP-0385,salida,20.2,CONS-103567,BOD-02,OP-04
2024-09-01,MP-0321,salida,37.3,CONS-103574,BOD-01,OP-06
2024-09-01,MP-0343,salida,82.7,CONS-103581,BOD-03,OP-04
2024-09-01,MP-0036,salida,43.7,CONS-103588,BOD-01,OP-03
2024-09-01,MP-0080,salida,48.3,CONS-103595,BOD-02,OP-02
2024-09-01,MP-0139,salida,89.0,CONS-103602,BOD-02,OP-03
2024-09-01,MP-0356,salida,57.0,CONS-103609,BOD-02,OP-02
2024-09-01,MP-0339,salida,19.0,CONS-103616,BOD-03,OP-01
2024-09-01,MP-0078,salida,22.4,CONS-103623,BOD-03,OP-06
2024-09-01,MP-0059,salida,13.8,CONS-103630,BOD-01,OP-01
2024-09-01,MP-0211,salida,10.8,CONS-103637,BOD-01,OP-04
2024-09-01,MP-0390,salida,7.8,CONS-103651,BOD-03,OP-04
2024-09-01,MP-0268,salida,7.1,CONS-103658,BOD-02,OP-01
2024-09-01,MP-0039,salida,10.7,CONS-103665,BOD-01,OP-04
2024-09-01,MP-0032,salida,21.0,CONS-103672,BOD-01,OP-06
2024-09-01,MP-0129,salida,71.1,CONS-103679,BOD-03,OP-04
2024-09-01,MP-0136,salida,61.2,CONS-103686,BOD-01,OP-06
2024-09-01,MP-0217,salida,53.9,CONS-103693,BOD-01,OP-01
2024-09-02,MP-0118,entrada,433,REC-OC-6003,BOD-02,OP-02
2024-09-05,MP-0019,entrada,419,REC-OC-5264,BOD-02,OP-06
2024-09-05,MP-0019,salida,109.2,CONS-102931,BOD-03,OP-06
2024-09-05,MP-0022,salida,111.6,CONS-102938,BOD-03,OP-06
2024-09-05,MP-0094,salida,75.9,CONS-102945,BOD-01,OP-02
2024-09-05,MP-0299,salida,98.6,CONS-102966,BOD-03,OP-02
2024-09-05,MP-0309,salida,89.5,CONS-102973,BOD-02,OP-01
2024-09-05,MP-0418,salida,83.0,CONS-102980,BOD-01,OP-06
2024-09-05,MP-0008,salida,115.4,CONS-102987,BOD-03,OP-02
2024-09-05,MP-0005,salida,89.7,CONS-102994,BOD-02,OP-03
2024-09-05,MP-0149,salida,121.3,CONS-103015,BOD-03,OP-03
2024-09-05,MP-0189,salida,77.8,CONS-103022,BOD-03,OP-02
2024-09-05,MP-0254,salida,113.2,CONS-103029,BOD-03,OP-03
2024-09-05,MP-0161,salida,42.3,CONS-103036,BOD-03,OP-05
2024-09-05,MP-0037,salida,25.6,CONS-103050,BOD-02,OP-06
2024-09-05,MP-0137,salida,21.5,CONS-103064,BOD-01,OP-01
2024-09-05,MP-0073,salida,31.0,CONS-103071,BOD-03,OP-06
2024-09-05,MP-0118,salida,27.8,CONS-103078,BOD-02,OP-04
2024-09-05,MP-0199,salida,26.3,CONS-103085,BOD-03,OP-02
2024-09-05,MP-0027,salida,9.3,CONS-103099,BOD-03,OP-05
2024-09-05,MP-0116,salida,27.9,CONS-103106,BOD-02,OP-03
2024-09-05,MP-0293,salida,49.1,CONS-103120,BOD-01,OP-04
2024-09-05,MP-0239,salida,23.3,CONS-103127,BOD-02,OP-04
2024-09-05,MP-0016,salida,89.9,CONS-103134,BOD-02,OP-06
2024-09-05,MP-0030,salida,10.4,CONS-103141,BOD-03,OP-01
2024-09-05,MP-0043,salida,28.9,CONS-103155,BOD-03,OP-06
2024-09-05,MP-0182,salida,69.5,CONS-103162,BOD-01,OP-03
2024-09-05,MP-0369,salida,58.1,CONS-103169,BOD-03,OP-06
2024-09-05,MP-0157,salida,102.0,CONS-103176,BOD-03,OP-01
2024-09-05,MP-0001,salida,48.0,CONS-103183,BOD-03,OP-03
2024-09-05,MP-0014,salida,39.0,CONS-103190,BOD-03,OP-01
2024-09-05,MP-0128,salida,80.2,CONS-103197,BOD-02,OP-01
2024-09-05,MP-0047,salida,20.6,CONS-103204,BOD-03,OP-03
2024-09-05,MP-0244,salida,23.3,CONS-103211,BOD-01,OP-02
2024-09-05,MP-0122,salida,-46.1,CONS-103218,BOD-03,OP-03
2024-09-05,MP-0132,salida,76.5,CONS-103225,BOD-02,OP-02
2024-09-05,MP-0131,salida,28.3,CONS-103232,BOD-01,OP-05
2024-09-05,MP-0216,salida,59.1,CONS-103239,BOD-01,OP-01
2024-09-05,MP-0010,salida,84.9,CONS-103253,BOD-02,OP-06
2024-09-05,MP-0002,salida,48.2,CONS-103260,BOD-03,OP-03
2024-09-05,MP-0150,salida,67.5,CONS-103267,BOD-01,OP-01
2024-09-05,MP-0085,salida,77.1,CONS-103274,BOD-03,OP-04
2024-09-05,MP-0202,salida,103.5,CONS-103281,BOD-03,OP-04
2024-09-05,MP-0153,salida,47.6,CONS-103288,BOD-02,OP-06
2024-09-05,MP-0178,salida,22.5,CONS-103295,BOD-02,OP-04
2024-09-05,MP-0229,salida,106.0,CONS-103302,BOD-02,OP-01
2024-09-05,MP-0013,salida,33.4,CONS-103309,BOD-02,OP-06
2024-09-05,MP-0020,salida,46.8,CONS-103316,BOD-03,OP-03
2024-09-05,MP-0106,salida,22.0,CONS-103323,BOD-03,OP-05
2024-09-05,MP-0051,salida,81.2,CONS-103330,BOD-03,OP-05
2024-09-05,MP-0411,salida,33.1,CONS-103337,BOD-02,OP-02
2024-09-05,MP-0238,salida,31.2,CONS-103344,BOD-02,OP-01
2024-09-05,MP-0004,salida,36.4,CONS-103351,BOD-02,OP-01
2024-09-05,MP-0033,salida,32.2,CONS-103358,BOD-03,OP-03
2024-09-05,MP-0045,salida,20.4,CONS-103365,BOD-03,OP-06
2024-09-05,MP-0386,salida,45.1,CONS-103372,BOD-02,OP-03
2024-09-05,MP-0393,salida,14.5,CONS-103379,BOD-01,OP-06
2024-09-05,MP-0012,salida,56.3,CONS-103400,BOD-02,OP-03
2024-09-05,MP-0142,salida,56.6,CONS-103407,BOD-02,OP-03
2024-09-05,MP-0102,salida,69.0,CONS-103414,BOD-03,OP-04
2024-09-05,MP-0114,salida,16.5,CONS-103421,BOD-02,OP-01
2024-09-05,MP-0325,salida,44.4,CONS-103428,BOD-02,OP-04
2024-09-05,MP-0193,salida,40.0,CONS-103435,BOD-01,OP-04
2024-09-05,MP-0330,salida,18.4,CONS-103442,BOD-02,OP-06
2024-09-05,MP-0024,salida,130.5,CONS-103449,BOD-03,OP-05
2024-09-05,MP-0117,salida,34.7,CONS-103456,BOD-03,OP-03
2024-09-05,MP-0060,salida,31.0,CONS-103463,BOD-03,OP-01
2024-09-05,MP-0357,salida,38.1,CONS-103470,BOD-03,OP-06
2024-09-05,MP-0162,salida,5.9,CONS-103477,BOD-01,OP-02
2024-09-05,MP-0009,salida,71.4,CONS-103484,BOD-02,OP-02
2024-09-05,MP-0077,salida,103.9,CONS-103498,BOD-02,OP-06
2024-09-05,MP-0273,salida,110.9,CONS-103505,BOD-03,OP-05
2024-09-05,MP-0026,salida,15.2,CONS-103512,BOD-03,OP-03
2024-09-05,MP-0111,salida,23.3,CONS-103519,BOD-01,OP-03
2024-09-05,MP-0071,salida,18.5,CONS-103526,BOD-01,OP-06
2024-09-05,MP-0388,salida,17.8,CONS-103533,BOD-02,OP-06
2024-09-05,MP-0227,salida,10.7,CONS-103540,BOD-03,OP-01
2024-09-05,MP-0088,salida,73.5,CONS-103547,BOD-02,OP-06
2024-09-05,MP-0181,salida,69.0,CONS-103561,BOD-01,OP-06
2024-09-05,MP-0343,salida,82.7,CONS-103582,BOD-03,OP-06
2024-09-05,MP-0036,salida,43.7,CONS-103589,BOD-03,OP-02
2024-09-05,MP-0080,salida,48.3,CONS-103596,BOD-03,OP-06
2024-09-05,MP-0139,salida,89.0,CONS-103603,BOD-01,OP-01
2024-09-05,MP-0356,salida,57.0,CONS-103610,BOD-03,OP-01
2024-09-05,MP-0339,salida,19.0,CONS-103617,BOD-02,OP-02
2024-09-05,MP-0078,salida,22.4,CONS-103624,BOD-02,OP-01
2024-09-05,MP-0059,salida,13.8,CONS-103631,BOD-02,OP-05
2024-09-05,MP-0211,salida,10.8,CONS-103638,BOD-02,OP-05
2024-09-05,MP-0340,salida,10.8,CONS-103645,BOD-01,OP-01
2024-09-05,MP-0390,salida,7.8,CONS-103652,BOD-01,OP-03
2024-09-05,MP-0268,salida,7.1,CONS-103659,BOD-02,OP-05
2024-09-05,MP-0039,salida,10.7,CONS-103666,BOD-03,OP-02
2024-09-05,MP-0032,salida,21.0,CONS-103673,BOD-02,OP-04
2024-09-05,MP-0129,salida,71.1,CONS-103680,BOD-03,OP-02
2024-09-05,MP-0217,salida,53.9,CONS-103694,BOD-03,OP-03
2024-09-05,MP-0344,salida,89.5,CONS-103701,BOD-02,OP-04
2024-09-05,MP-0240,ajuste,-31,AJU-120063,BOD-02,AUDIT
2024-09-06,MP-0092,entrada,240,REC-OC-5867,BOD-03,OP-06
2024-09-06,MP-0090,entrada,395,REC-OC-5859,BOD-02,OP-06
2024-09-06,MP-0147,entrada,306,REC-OC-6177,BOD-03,OP-05
2024-09-07,MP-0050,entrada,541,REC-OC-5654,BOD-01,OP-03
2024-09-07,MP-0055,entrada,368,REC-OC-5675,BOD-03,OP-01
2024-09-07,MP-0066,entrada,310,REC-OC-5731,BOD-02,OP-06
2024-09-07,MP-0039,entrada,1285,REC-OC-5566,BOD-02,OP-05
2024-09-08,MP-0011,entrada,2095,REC-OC-5138,BOD-01,OP-01
2024-09-08,MP-0010,entrada,2046,REC-OC-5133,BOD-02,OP-02
2024-09-08,MP-0018,entrada,1098,REC-OC-5256,BOD-01,OP-05
2024-09-08,MP-0296,entrada,52,REC-OC-6341,BOD-02,OP-04
2024-09-09,MP-0106,entrada,347,REC-OC-5947,BOD-01,OP-05
2024-09-09,MP-0019,entrada,430,REC-OC-5265,BOD-02,OP-04
2024-09-09,MP-0019,salida,109.2,CONS-102932,BOD-02,OP-02
2024-09-09,MP-0022,salida,111.6,CONS-102939,BOD-01,OP-05
2024-09-09,MP-0094,salida,75.9,CONS-102946,BOD-01,OP-05
2024-09-09,MP-0074,salida,78.8,CONS-102953,BOD-02,OP-06
2024-09-09,MP-0370,salida,25.5,CONS-102960,BOD-03,OP-04
2024-09-09,MP-0299,salida,98.6,CONS-102967,BOD-02,OP-06
2024-09-09,MP-0309,salida,89.5,CONS-102974,BOD-01,OP-02
2024-09-09,MP-0418,salida,83.0,CONS-102981,BOD-03,OP-01
2024-09-09,MP-0008,salida,115.4,CONS-102988,BOD-02,OP-06
2024-09-09,MP-0005,salida,89.7,CONS-102995,BOD-02,OP-04
2024-09-09,MP-0133,salida,109.4,CONS-103002,BOD-01,OP-01
2024-09-09,MP-0101,salida,96.2,CONS-103009,BOD-02,OP-01
2024-09-09,MP-0149,salida,121.3,CONS-103016,BOD-01,OP-01
2024-09-09,MP-0189,salida,77.8,CONS-103023,BOD-03,OP-02
2024-09-09,MP-0254,salida,113.2,CONS-103030,BOD-02,OP-03
2024-09-09,MP-0161,salida,42.3,CONS-103037,BOD-03,OP-06
2024-09-09,MP-0037,salida,25.6,CONS-103051,BOD-03,OP-03
2024-09-09,MP-0018,salida,4.3,CONS-103058,BOD-03,OP-06
2024-09-09,MP-0137,salida,21.5,CONS-103065,BOD-03,OP-05
2024-09-09,MP-0073,salida,31.0,CONS-103072,BOD-01,OP-05
2024-09-09,MP-0118,salida,27.8,CONS-103079,BOD-02,OP-06
2024-09-09,MP-0199,salida,26.3,CONS-103086,BOD-03,OP-02
2024-09-09,MP-0232,salida,23.6,CONS-103093,BOD-02,OP-04
2024-09-09,MP-0027,salida,9.3,CONS-103100,BOD-03,OP-01
2024-09-09,MP-0116,salida,27.9,CONS-103107,BOD-01,OP-05
2024-09-09,MP-0108,salida,44.6,CONS-103114,BOD-03,OP-03
2024-09-09,MP-0293,salida,49.1,CONS-103121,BOD-01,OP-03
2024-09-09,MP-0239,salida,23.3,CONS-103128,BOD-02,OP-03
2024-09-09,MP-0016,salida,89.9,CONS-103135,BOD-02,OP-03
2024-09-09,MP-0030,salida,10.4,CONS-103142,BOD-01,OP-06
2024-09-09,MP-0182,salida,69.5,CONS-103163,BOD-02,OP-04
2024-09-09,MP-0369,salida,58.1,CONS-103170,BOD-02,OP-06
2024-09-09,MP-0157,salida,102.0,CONS-103177,BOD-01,OP-02
2024-09-09,MP-0001,salida,48.0,CONS-103184,BOD-03,OP-02
2024-09-09,MP-0014,salida,39.0,CONS-103191,BOD-02,OP-05
2024-09-09,MP-0128,salida,80.2,CONS-103198,BOD-03,OP-05
2024-09-09,MP-0047,salida,20.6,CONS-103205,BOD-02,OP-01
2024-09-09,MP-0244,salida,23.3,CONS-103212,BOD-02,OP-04
2024-09-09,MP-0122,salida,46.1,CONS-103219,BOD-01,OP-03
2024-09-09,MP-0132,salida,76.5,CONS-103226,BOD-02,OP-02
2024-09-09,MP-0131,salida,28.3,CONS-103233,BOD-02,OP-05
2024-09-09,MP-0216,salida,59.1,CONS-103240,BOD-02,OP-04
2024-09-09,MP-0272,salida,7.5,CONS-103247,BOD-02,OP-06
2024-09-09,MP-0010,salida,84.9,CONS-103254,BOD-03,OP-04
2024-09-09,MP-0002,salida,48.2,CONS-103261,BOD-01,OP-06
2024-09-09,MP-0150,salida,67.5,CONS-103268,BOD-03,OP-06
2024-09-09,MP-0202,salida,103.5,CONS-103282,BOD-03,OP-05
2024-09-09,MP-0153,salida,47.6,CONS-103289,BOD-01,OP-02
2024-09-09,MP-0178,salida,22.5,CONS-103296,BOD-02,OP-05
2024-09-09,MP-0229,salida,106.0,CONS-103303,BOD-02,OP-02
2024-09-09,MP-0013,salida,33.4,CONS-103310,BOD-02,OP-05
2024-09-09,MP-0020,salida,46.8,CONS-103317,BOD-02,OP-05
2024-09-09,MP-0106,salida,22.0,CONS-103324,BOD-01,OP-01
2024-09-09,MP-0051,salida,81.2,CONS-103331,BOD-03,OP-04
2024-09-09,MP-0411,salida,33.1,CONS-103338,BOD-02,OP-03
2024-09-09,MP-0238,salida,31.2,CONS-103345,BOD-03,OP-03
2024-09-09,MP-0004,salida,36.4,CONS-103352,BOD-01,OP-05
2024-09-09,MP-0033,salida,32.2,CONS-103359,BOD-01,OP-03
2024-09-09,MP-0045,salida,20.4,CONS-103366,BOD-02,OP-02
2024-09-09,MP-0386,salida,45.1,CONS-103373,BOD-01,OP-03
2024-09-09,MP-0393,salida,14.5,CONS-103380,BOD-03,OP-01
2024-09-09,MP-0373,salida,122.6,CONS-103387,BOD-03,OP-01
2024-09-09,MP-0015,salida,37.2,CONS-103394,BOD-03,OP-06
2024-09-09,MP-0012,salida,56.3,CONS-103401,BOD-01,OP-02
2024-09-09,MP-0142,salida,56.6,CONS-103408,BOD-01,OP-06
2024-09-09,MP-0102,salida,69.0,CONS-103415,BOD-02,OP-06
2024-09-09,MP-0114,salida,16.5,CONS-103422,BOD-03,OP-02
2024-09-09,MP-0325,salida,44.4,CONS-103429,BOD-01,OP-06
2024-09-09,MP-0193,salida,40.0,CONS-103436,BOD-02,OP-04
2024-09-09,MP-0330,salida,18.4,CONS-103443,BOD-03,OP-05
2024-09-09,MP-0024,salida,130.5,CONS-103450,BOD-02,OP-02
2024-09-09,MP-0117,salida,34.7,CONS-103457,BOD-03,OP-04
2024-09-09,MP-0060,salida,31.0,CONS-103464,BOD-02,OP-02
2024-09-09,MP-0009,salida,71.4,CONS-103485,BOD-03,OP-06
2024-09-09,MP-0076,salida,98.7,CONS-103492,BOD-03,OP-04
2024-09-09,MP-0077,salida,103.9,CONS-103499,BOD-01,OP-03
2024-09-09,MP-0273,salida,110.9,CONS-103506,BOD-02,OP-01
2024-09-09,MP-0026,salida,15.2,CONS-103513,BOD-02,OP-02
2024-09-09,MP-0111,salida,-23.3,CONS-103520,BOD-03,OP-04
2024-09-09,MP-0071,salida,18.5,CONS-103527,BOD-01,OP-04
2024-09-09,MP-0388,salida,17.8,CONS-103534,BOD-02,OP-01
2024-09-09,MP-0227,salida,10.7,CONS-103541,BOD-01,OP-05
2024-09-09,MP-0088,salida,73.5,CONS-103548,BOD-03,OP-02
2024-09-09,MP-0143,salida,82.2,CONS-103555,BOD-03,OP-04
2024-09-09,MP-0181,salida,69.0,CONS-103562,BOD-01,OP-03
2024-09-09,MP-0385,salida,20.2,CONS-103569,BOD-01,OP-03
2024-09-09,MP-0321,salida,37.3,CONS-103576,BOD-02,OP-03
2024-09-09,MP-0036,salida,43.7,CONS-103590,BOD-02,OP-02
2024-09-09,MP-0139,salida,89.0,CONS-103604,BOD-02,OP-04
2024-09-09,MP-0356,salida,57.0,CONS-103611,BOD-01,OP-05
2024-09-09,MP-0339,salida,19.0,CONS-103618,BOD-02,OP-03
2024-09-09,MP-0078,salida,22.4,CONS-103625,BOD-02,OP-05
2024-09-09,MP-0059,salida,13.8,CONS-103632,BOD-03,OP-01
2024-09-09,MP-0211,salida,10.8,CONS-103639,BOD-01,OP-06
2024-09-09,MP-0340,salida,10.8,CONS-103646,BOD-03,OP-05
2024-09-09,MP-0390,salida,7.8,CONS-103653,BOD-02,OP-06
2024-09-09,MP-0268,salida,7.1,CONS-103660,BOD-02,OP-02
2024-09-09,MP-0039,salida,10.7,CONS-103667,BOD-02,OP-04
2024-09-09,MP-0032,salida,21.0,CONS-103674,BOD-03,OP-05
2024-09-09,MP-0129,salida,71.1,CONS-103681,BOD-03,OP-02
2024-09-09,MP-0136,salida,61.2,CONS-103688,BOD-03,OP-02
2024-09-09,MP-0217,salida,53.9,CONS-103695,BOD-03,OP-05
2024-09-09,MP-0344,salida,89.5,CONS-103702,BOD-02,OP-05
2024-09-10,MP-0238,entrada,70,REC-OC-6281,BOD-03,OP-03
2024-09-10,MP-0074,entrada,283,REC-OC-5771,BOD-03,OP-05
2024-09-10,MP-0237,entrada,5,REC-OC-6280,BOD-02,OP-06
2024-09-11,MP-0146,entrada,310,REC-OC-6161,BOD-01,OP-02
2024-09-11,MP-0035,entrada,1864,REC-OC-5529,BOD-02,OP-06
2024-09-11,MP-0089,entrada,402,REC-OC-5845,BOD-01,OP-01
2024-09-12,MP-0014,entrada,824,REC-OC-5184,BOD-01,OP-02
2024-09-13,MP-0098,entrada,331,REC-OC-5901,BOD-03,OP-03
2024-09-13,MP-0019,salida,109.2,CONS-102933,BOD-03,OP-02
2024-09-13,MP-0022,salida,-111.6,CONS-102940,BOD-01,OP-03
2024-09-13,MP-0094,salida,75.9,CONS-102947,BOD-01,OP-04
2024-09-13,MP-0074,salida,78.8,CONS-102954,BOD-01,OP-01
2024-09-13,MP-0309,salida,89.5,CONS-102975,BOD-02,OP-05
2024-09-13,MP-0418,salida,83.0,CONS-102982,BOD-03,OP-06
2024-09-13,MP-0008,salida,115.4,CONS-102989,BOD-03,OP-04
2024-09-13,MP-0005,salida,89.7,CONS-102996,BOD-03,OP-02
2024-09-13,MP-0133,salida,109.4,CONS-103003,BOD-02,OP-04
2024-09-13,MP-0101,salida,96.2,CONS-103010,BOD-01,OP-05
2024-09-13,MP-0149,salida,121.3,CONS-103017,BOD-01,OP-03
2024-09-13,MP-0189,salida,77.8,CONS-103024,BOD-01,OP-04
2024-09-13,MP-0161,salida,42.3,CONS-103038,BOD-02,OP-03
2024-09-13,MP-0197,salida,102.4,CONS-103045,BOD-02,OP-04
2024-09-13,MP-0037,salida,25.6,CONS-103052,BOD-02,OP-05
2024-09-13,MP-0018,salida,4.3,CONS-103059,BOD-01,OP-02
2024-09-13,MP-0137,salida,21.5,CONS-103066,BOD-02,OP-05
2024-09-13,MP-0073,salida,31.0,CONS-103073,BOD-02,OP-01
2024-09-13,MP-0118,salida,27.8,CONS-103080,BOD-02,OP-02
2024-09-13,MP-0199,salida,26.3,CONS-103087,BOD-01,OP-05
2024-09-13,MP-0027,salida,9.3,CONS-103101,BOD-02,OP-06
2024-09-13,MP-0116,salida,27.9,CONS-103108,BOD-03,OP-01
2024-09-13,MP-0108,salida,44.6,CONS-103115,BOD-01,OP-01
2024-09-13,MP-0293,salida,49.1,CONS-103122,BOD-03,OP-01
2024-09-13,MP-0239,salida,23.3,CONS-103129,BOD-01,OP-01
2024-09-13,MP-0016,salida,89.9,CONS-103136,BOD-01,OP-03
2024-09-13,MP-0030,salida,10.4,CONS-103143,BOD-01,OP-01
2024-09-13,MP-0043,salida,28.9,CONS-103157,BOD-03,OP-05
2024-09-13,MP-0182,salida,69.5,CONS-103164,BOD-01,OP-06
2024-09-13,MP-0369,salida,-58.1,CONS-103171,BOD-01,OP-01
2024-09-13,MP-0157,salida,102.0,CONS-103178,BOD-02,OP-01
2024-09-13,MP-0001,salida,48.0,CONS-103185,BOD-01,OP-02
2024-09-13,MP-0014,salida,39.0,CONS-103192,BOD-01,OP-05
2024-09-13,MP-0128,salida,80.2,CONS-103199,BOD-03,OP-04
2024-09-13,MP-0047,salida,20.6,CONS-103206,BOD-03,OP-05
2024-09-13,MP-0122,salida,46.1,CONS-103220,BOD-02,OP-05
2024-09-13,MP-0132,salida,76.5,CONS-103227,BOD-02,OP-02
2024-09-13,MP-0131,salida,28.3,CONS-103234,BOD-01,OP-02
2024-09-13,MP-0216,salida,59.1,CONS-103241,BOD-02,OP-03
2024-09-13,MP-0272,salida,7.5,CONS-103248,BOD-01,OP-06
2024-09-13,MP-0010,salida,84.9,CONS-103255,BOD-02,OP-01
2024-09-13,MP-0002,salida,48.2,CONS-103262,BOD-01,OP-02
2024-09-13,MP-0150,salida,67.5,CONS-103269,BOD-03,OP-06
2024-09-13,MP-0085,salida,77.1,CONS-103276,BOD-01,OP-03
2024-09-13,MP-0202,salida,103.5,CONS-103283,BOD-03,OP-02
2024-09-13,MP-0153,salida,47.6,CONS-103290,BOD-01,OP-06
2024-09-13,MP-0178,salida,22.5,CONS-103297,BOD-02,OP-05
2024-09-13,MP-0229,salida,106.0,CONS-103304,BOD-02,OP-02
2024-09-13,MP-0013,salida,33.4,CONS-103311,BOD-02,OP-01
2024-09-13,MP-0020,salida,46.8,CONS-103318,BOD-03,OP-02
2024-09-13,MP-0106,salida,22.0,CONS-103325,BOD-03,OP-05
2024-09-13,MP-0051,salida,81.2,CONS-103332,BOD-01,OP-02
2024-09-13,MP-0411,salida,33.1,CONS-103339,BOD-01,OP-06
2024-09-13,MP-0238,salida,31.2,CONS-103346,BOD-01,OP-05
2024-09-13,MP-0004,salida,36.4,CONS-103353,BOD-01,OP-02
2024-09-13,MP-0033,salida,32.2,CONS-103360,BOD-03,OP-06
2024-09-13,MP-0386,salida,45.1,CONS-103374,BOD-02,OP-02
2024-09-13,MP-0393,salida,14.5,CONS-103381,BOD-03,OP-05
2024-09-13,MP-0015,salida,37.2,CONS-103395,BOD-02,OP-05
2024-09-13,MP-0012,salida,56.3,CONS-103402,BOD-01,OP-03
2024-09-13,MP-0102,salida,69.0,CONS-103416,BOD-02,OP-06
2024-09-13,MP-0114,salida,-16.5,CONS-103423,BOD-01,OP-03
2024-09-13,MP-0325,salida,44.4,CONS-103430,BOD-02,OP-02
2024-09-13,MP-0193,salida,40.0,CONS-103437,BOD-01,OP-06
2024-09-13,MP-0330,salida,18.4,CONS-103444,BOD-02,OP-02
2024-09-13,MP-0024,salida,130.5,CONS-103451,BOD-02,OP-03
2024-09-13,MP-0117,salida,34.7,CONS-103458,BOD-03,OP-05
2024-09-13,MP-0060,salida,31.0,CONS-103465,BOD-02,OP-05
2024-09-13,MP-0357,salida,38.1,CONS-103472,BOD-03,OP-02
2024-09-13,MP-0162,salida,5.9,CONS-103479,BOD-01,OP-02
2024-09-13,MP-0009,salida,71.4,CONS-103486,BOD-02,OP-06
2024-09-13,MP-0076,salida,98.7,CONS-103493,BOD-02,OP-05
2024-09-13,MP-0077,salida,103.9,CONS-103500,BOD-03,OP-06
2024-09-13,MP-0273,salida,110.9,CONS-103507,BOD-02,OP-02
2024-09-13,MP-0026,salida,15.2,CONS-103514,BOD-03,OP-03
2024-09-13,MP-0111,salida,23.3,CONS-103521,BOD-01,OP-04
2024-09-13,MP-0071,salida,18.5,CONS-103528,BOD-01,OP-02
2024-09-13,MP-0388,salida,17.8,CONS-103535,BOD-02,OP-02
2024-09-13,MP-0227,salida,10.7,CONS-103542,BOD-02,OP-06
2024-09-13,MP-0088,salida,73.5,CONS-103549,BOD-02,OP-06
2024-09-13,MP-0143,salida,82.2,CONS-103556,BOD-02,OP-02
2024-09-13,MP-0385,salida,20.2,CONS-103570,BOD-02,OP-03
2024-09-13,MP-0321,salida,37.3,CONS-103577,BOD-03,OP-02
2024-09-13,MP-0343,salida,82.7,CONS-103584,BOD-03,OP-05
2024-09-13,MP-0036,salida,43.7,CONS-103591,BOD-01,OP-06
2024-09-13,MP-0080,salida,48.3,CONS-103598,BOD-02,OP-03
2024-09-13,MP-0139,salida,89.0,CONS-103605,BOD-01,OP-02
2024-09-13,MP-0356,salida,57.0,CONS-103612,BOD-01,OP-06
2024-09-13,MP-0339,salida,19.0,CONS-103619,BOD-02,OP-03
2024-09-13,MP-0078,salida,22.4,CONS-103626,BOD-02,OP-02
2024-09-13,MP-0059,salida,13.8,CONS-103633,BOD-02,OP-03
2024-09-13,MP-0211,salida,10.8,CONS-103640,BOD-01,OP-05
2024-09-13,MP-0340,salida,10.8,CONS-103647,BOD-03,OP-05
2024-09-13,MP-0390,salida,7.8,CONS-103654,BOD-02,OP-05
2024-09-13,MP-0268,salida,7.1,CONS-103661,BOD-03,OP-04
2024-09-13,MP-0039,salida,10.7,CONS-103668,BOD-01,OP-06
2024-09-13,MP-0032,salida,21.0,CONS-103675,BOD-02,OP-02
2024-09-13,MP-0129,salida,71.1,CONS-103682,BOD-02,OP-01
2024-09-13,MP-0136,salida,61.2,CONS-103689,BOD-01,OP-03
2024-09-13,MP-0344,salida,89.5,CONS-103703,BOD-01,OP-02
2024-09-14,MP-0005,entrada,1018,REC-OC-5053,BOD-01,OP-02
2024-09-15,MP-0038,entrada,1017,REC-OC-5556,BOD-02,OP-02
2024-09-15,MP-0086,entrada,116,REC-OC-5824,BOD-02,OP-02
2024-09-15,MP-0021,entrada,1095,REC-OC-5281,BOD-01,OP-06
2024-09-16,MP-0405,entrada,81,REC-OC-6456,BOD-02,OP-06
2024-09-16,MP-0050,entrada,521,REC-OC-5652,BOD-02,OP-03
2024-09-17,MP-0019,salida,109.2,CONS-102934,BOD-01,OP-03
2024-09-17,MP-0022,salida,111.6,CONS-102941,BOD-02,OP-06
2024-09-17,MP-0094,salida,75.9,CONS-102948,BOD-01,OP-03
2024-09-17,MP-0074,salida,78.8,CONS-102955,BOD-01,OP-05
2024-09-17,MP-0370,salida,25.5,CONS-102962,BOD-03,OP-05
2024-09-17,MP-0299,salida,98.6,CONS-102969,BOD-03,OP-06
2024-09-17,MP-0309,salida,89.5,CONS-102976,BOD-03,OP-04
2024-09-17,MP-0418,salida,83.0,CONS-102983,BOD-02,OP-05
2024-09-17,MP-0008,salida,115.4,CONS-102990,BOD-01,OP-04
2024-09-17,MP-0005,salida,89.7,CONS-102997,BOD-03,OP-03
2024-09-17,MP-0133,salida,-109.4,CONS-103004,BOD-01,OP-01
2024-09-17,MP-0149,salida,121.3,CONS-103018,BOD-02,OP-06
2024-09-17,MP-0189,salida,77.8,CONS-103025,BOD-02,OP-02
2024-09-17,MP-0254,salida,113.2,CONS-103032,BOD-01,OP-05
2024-09-17,MP-0161,salida,42.3,CONS-103039,BOD-02,OP-02
2024-09-17,MP-0197,salida,102.4,CONS-103046,BOD-01,OP-04
2024-09-17,MP-0037,salida,25.6,CONS-103053,BOD-01,OP-03
2024-09-17,MP-0018,salida,4.3,CONS-103060,BOD-01,OP-02
2024-09-17,MP-0137,salida,21.5,CONS-103067,BOD-03,OP-02
2024-09-17,MP-0073,salida,31.0,CONS-103074,BOD-03,OP-02
2024-09-17,MP-0118,salida,27.8,CONS-103081,BOD-03,OP-04
2024-09-17,MP-0199,salida,26.3,CONS-103088,BOD-02,OP-06
2024-09-17,MP-0027,salida,9.3,CONS-103102,BOD-02,OP-05
2024-09-17,MP-0116,salida,27.9,CONS-103109,BOD-02,OP-02
2024-09-17,MP-0108,salida,44.6,CONS-103116,BOD-02,OP-01
2024-09-17,MP-0239,salida,23.3,CONS-103130,BOD-03,OP-01
2024-09-17,MP-0016,salida,89.9,CONS-103137,BOD-02,OP-03
2024-09-17,MP-0030,salida,10.4,CONS-103144,BOD-02,OP-06
2024-09-17,MP-0120,salida,49.9,CONS-103151,BOD-01,OP-04
2024-09-17,MP-0043,salida,28.9,CONS-103158,BOD-02,OP-03
2024-09-17,MP-0182,salida,69.5,CONS-103165,BOD-01,OP-03
2024-09-17,MP-0369,salida,58.1,CONS-103172,BOD-02,OP-02
2024-09-17,MP-0157,salida,102.0,CONS-103179,BOD-02,OP-03
2024-09-17,MP-0001,salida,48.0,CONS-103186,BOD-02,OP-03
2024-09-17,MP-0014,salida,39.0,CONS-103193,BOD-02,OP-04
2024-09-17,MP-0128,salida,80.2,CONS-103200,BOD-02,OP-04
2024-09-17,MP-0047,salida,20.6,CONS-103207,BOD-02,OP-01
2024-09-17,MP-0244,salida,23.3,CONS-103214,BOD-03,OP-03
2024-09-17,MP-0122,salida,46.1,CONS-103221,BOD-01,OP-03
2024-09-17,MP-0132,salida,76.5,CONS-103228,BOD-01,OP-06
2024-09-17,MP-0131,salida,28.3,CONS-103235,BOD-01,OP-02
2024-09-17,MP-0216,salida,59.1,CONS-103242,BOD-02,OP-01
2024-09-17,MP-0010,salida,84.9,CONS-103256,BOD-01,OP-05
2024-09-17,MP-0002,salida,48.2,CONS-103263,BOD-03,OP-05
2024-09-17,MP-0150,salida,67.5,CONS-103270,BOD-02,OP-03
2024-09-17,MP-0085,salida,77.1,CONS-103277,BOD-03,OP-04
2024-09-17,MP-0202,salida,103.5,CONS-103284,BOD-02,OP-04
2024-09-17,MP-0178,salida,22.5,CONS-103298,BOD-02,OP-01
2024-09-17,MP-0229,salida,106.0,CONS-103305,BOD-02,OP-03
2024-09-17,MP-0013,salida,33.4,CONS-103312,BOD-01,OP-02
2024-09-17,MP-0020,salida,46.8,CONS-103319,BOD-02,OP-02
2024-09-17,MP-0106,salida,22.0,CONS-103326,BOD-02,OP-04
2024-09-17,MP-0051,salida,81.2,CONS-103333,BOD-01,OP-04
2024-09-17,MP-0411,salida,33.1,CONS-103340,BOD-01,OP-01
2024-09-17,MP-0238,salida,31.2,CONS-103347,BOD-02,OP-02
2024-09-17,MP-0004,salida,36.4,CONS-103354,BOD-02,OP-04
2024-09-17,MP-0033,salida,32.2,CONS-103361,BOD-01,OP-06
2024-09-17,MP-0045,salida,20.4,CONS-103368,BOD-03,OP-01
2024-09-17,MP-0386,salida,45.1,CONS-103375,BOD-01,OP-04
2024-09-17,MP-0373,salida,122.6,CONS-103389,BOD-01,OP-06
2024-09-17,MP-0015,salida,37.2,CONS-103396,BOD-01,OP-02
2024-09-17,MP-0012,salida,56.3,CONS-103403,BOD-01,OP-01
2024-09-17,MP-0142,salida,56.6,CONS-103410,BOD-03,OP-06
2024-09-17,MP-0102,salida,69.0,CONS-103417,BOD-02,OP-05
2024-09-17,MP-0114,salida,16.5,CONS-103424,BOD-02,OP-04
2024-09-17,MP-0325,salida,44.4,CONS-103431,BOD-02,OP-02
2024-09-17,MP-0193,salida,40.0,CONS-103438,BOD-02,OP-02
2024-09-17,MP-0024,salida,130.5,CONS-103452,BOD-02,OP-04
2024-09-17,MP-0117,salida,34.7,CONS-103459,BOD-02,OP-03
2024-09-17,MP-0060,salida,31.0,CONS-103466,BOD-01,OP-01
2024-09-17,MP-0357,salida,38.1,CONS-103473,BOD-02,OP-02
2024-09-17,MP-0162,salida,5.9,CONS-103480,BOD-02,OP-01
2024-09-17,MP-0009,salida,71.4,CONS-103487,BOD-03,OP-06
2024-09-17,MP-0076,salida,98.7,CONS-103494,BOD-03,OP-02
2024-09-17,MP-0077,salida,103.9,CONS-103501,BOD-03,OP-01
2024-09-17,MP-0273,salida,110.9,CONS-103508,BOD-03,OP-03
2024-09-17,MP-0026,salida,15.2,CONS-103515,BOD-02,OP-04
2024-09-17,MP-0111,salida,23.3,CONS-103522,BOD-03,OP-04
2024-09-17,MP-0071,salida,18.5,CONS-103529,BOD-01,OP-01
2024-09-17,MP-0388,salida,17.8,CONS-103536,BOD-02,OP-04
2024-09-17,MP-0227,salida,10.7,CONS-103543,BOD-01,OP-04
2024-09-17,MP-0088,salida,73.5,CONS-103550,BOD-03,OP-01
2024-09-17,MP-0143,salida,82.2,CONS-103557,BOD-03,OP-02
2024-09-17,MP-0181,salida,69.0,CONS-103564,BOD-01,OP-05
2024-09-17,MP-0385,salida,20.2,CONS-103571,BOD-02,OP-01
2024-09-17,MP-0321,salida,37.3,CONS-103578,BOD-03,OP-01
2024-09-17,MP-0343,salida,82.7,CONS-103585,BOD-01,OP-02
2024-09-17,MP-0036,salida,43.7,CONS-103592,BOD-02,OP-05
2024-09-17,MP-0080,salida,48.3,CONS-103599,BOD-03,OP-05
2024-09-17,MP-0139,salida,89.0,CONS-103606,BOD-02,OP-02
2024-09-17,MP-0356,salida,57.0,CONS-103613,BOD-02,OP-03
2024-09-17,MP-0339,salida,19.0,CONS-103620,BOD-01,OP-03
2024-09-17,MP-0078,salida,22.4,CONS-103627,BOD-02,OP-02
2024-09-17,MP-0059,salida,13.8,CONS-103634,BOD-02,OP-04
2024-09-17,MP-0211,salida,10.8,CONS-103641,BOD-02,OP-05
2024-09-17,MP-0039,salida,10.7,CONS-103669,BOD-02,OP-02
2024-09-17,MP-0032,salida,21.0,CONS-103676,BOD-03,OP-02
2024-09-17,MP-0129,salida,71.1,CONS-103683,BOD-03,OP-02
2024-09-17,MP-0136,salida,61.2,CONS-103690,BOD-01,OP-01
2024-09-17,MP-0217,salida,53.9,CONS-103697,BOD-02,OP-06
2024-09-17,MP-0344,salida,89.5,CONS-103704,BOD-03,OP-04
2024-09-18,MP-0047,entrada,376,REC-OC-5631,BOD-01,OP-02
2024-09-18,MP-0318,ajuste,-7,AJU-120035,BOD-02,AUDIT
2024-09-20,MP-0106,entrada,319,REC-OC-5949,BOD-01,OP-03
2024-09-20,MP-0066,entrada,313,REC-OC-5734,BOD-01,OP-02
2024-09-21,MP-0028,entrada,547,REC-OC-5390,BOD-01,OP-04
2024-09-21,MP-0022,salida,111.6,CONS-102942,BOD-02,OP-05
2024-09-21,MP-0094,salida,75.9,CONS-102949,BOD-03,OP-06
2024-09-21,MP-0299,salida,98.6,CONS-102970,BOD-01,OP-04
2024-09-21,MP-0309,salida,89.5,CONS-102977,BOD-03,OP-04
2024-09-21,MP-0418,salida,83.0,CONS-102984,BOD-01,OP-03
2024-09-21,MP-0008,salida,115.4,CONS-102991,BOD-02,OP-03
2024-09-21,MP-0005,salida,89.7,CONS-102998,BOD-02,OP-06
2024-09-21,MP-0133,salida,109.4,CONS-103005,BOD-02,OP-03
2024-09-21,MP-0101,salida,96.2,CONS-103012,BOD-01,OP-03
2024-09-21,MP-0149,salida,121.3,CONS-103019,BOD-02,OP-04
2024-09-21,MP-0189,salida,77.8,CONS-103026,BOD-03,OP-04
2024-09-21,MP-0254,salida,113.2,CONS-103033,BOD-01,OP-02
2024-09-21,MP-0161,salida,42.3,CONS-103040,BOD-02,OP-06
2024-09-21,MP-0197,salida,102.4,CONS-103047,BOD-02,OP-06
2024-09-21,MP-0037,salida,25.6,CONS-103054,BOD-02,OP-06
2024-09-21,MP-0018,salida,4.3,CONS-103061,BOD-02,OP-02
2024-09-21,MP-0137,salida,21.5,CONS-103068,BOD-02,OP-05
2024-09-21,MP-0073,salida,31.0,CONS-103075,BOD-01,OP-05
2024-09-21,MP-0118,salida,27.8,CONS-103082,BOD-03,OP-02
2024-09-21,MP-0232,salida,23.6,CONS-103096,BOD-02,OP-03
2024-09-21,MP-0027,salida,-9.3,CONS-103103,BOD-03,OP-05
2024-09-21,MP-0116,salida,27.9,CONS-103110,BOD-03,OP-01
2024-09-21,MP-0108,salida,44.6,CONS-103117,BOD-03,OP-03
2024-09-21,MP-0293,salida,49.1,CONS-103124,BOD-01,OP-06
2024-09-21,MP-0239,salida,23.3,CONS-103131,BOD-03,OP-01
2024-09-21,MP-0016,salida,89.9,CONS-103138,BOD-02,OP-05
2024-09-21,MP-0030,salida,10.4,CONS-103145,BOD-01,OP-01
2024-09-21,MP-0120,salida,49.9,CONS-103152,BOD-01,OP-02
2024-09-21,MP-0043,salida,28.9,CONS-103159,BOD-03,OP-03
2024-09-21,MP-0182,salida,69.5,CONS-103166,BOD-01,OP-05
2024-09-21,MP-0157,salida,102.0,CONS-103180,BOD-03,OP-01
2024-09-21,MP-0001,salida,48.0,CONS-103187,BOD-02,OP-05
2024-09-21,MP-0014,salida,39.0,CONS-103194,BOD-01,OP-05
2024-09-21,MP-0047,salida,20.6,CONS-103208,BOD-02,OP-03
2024-09-21,MP-0244,salida,23.3,CONS-103215,BOD-02,OP-05
2024-09-21,MP-0122,salida,46.1,CONS-103222,BOD-03,OP-06
2024-09-21,MP-0216,salida,59.1,CONS-103243,BOD-01,OP-01
2024-09-21,MP-0272,salida,7.5,CONS-103250,BOD-02,OP-02
2024-09-21,MP-0010,salida,84.9,CONS-103257,BOD-01,OP-03
2024-09-21,MP-0002,salida,48.2,CONS-103264,BOD-02,OP-03
2024-09-21,MP-0150,salida,67.5,CONS-103271,BOD-02,OP-06
2024-09-21,MP-0085,salida,77.1,CONS-103278,BOD-03,OP-03
2024-09-21,MP-0202,salida,103.5,CONS-103285,BOD-03,OP-03
2024-09-21,MP-0153,salida,47.6,CONS-103292,BOD-03,OP-06
2024-09-21,MP-0178,salida,22.5,CONS-103299,BOD-03,OP-05
2024-09-21,MP-0229,salida,106.0,CONS-103306,BOD-03,OP-01
2024-09-21,MP-0013,salida,33.4,CONS-103313,BOD-03,OP-03
2024-09-21,MP-0020,salida,46.8,CONS-103320,BOD-02,OP-04
2024-09-21,MP-0106,salida,22.0,CONS-103327,BOD-03,OP-06
2024-09-21,MP-0051,salida,81.2,CONS-103334,BOD-01,OP-03
2024-09-21,MP-0411,salida,33.1,CONS-103341,BOD-01,OP-06
2024-09-21,MP-0238,salida,31.2,CONS-103348,BOD-03,OP-04
2024-09-21,MP-0004,salida,36.4,CONS-103355,BOD-02,OP-03
2024-09-21,MP-0033,salida,32.2,CONS-103362,BOD-01,OP-05
2024-09-21,MP-0045,salida,20.4,CONS-103369,BOD-03,OP-03
2024-09-21,MP-0386,salida,45.1,CONS-103376,BOD-03,OP-01
2024-09-21,MP-0393,salida,14.5,CONS-103383,BOD-03,OP-03
2024-09-21,MP-0373,salida,122.6,CONS-103390,BOD-01,OP-01
2024-09-21,MP-0015,salida,37.2,CONS-103397,BOD-01,OP-01
2024-09-21,MP-0012,salida,56.3,CONS-103404,BOD-03,OP-02
2024-09-21,MP-0142,salida,56.6,CONS-103411,BOD-01,OP-05
2024-09-21,MP-0102,salida,69.0,CONS-103418,BOD-02,OP-04
2024-09-21,MP-0114,salida,16.5,CONS-103425,BOD-01,OP-04
2024-09-21,MP-0325,salida,44.4,CONS-103432,BOD-02,OP-03
2024-09-21,MP-0193,salida,40.0,CONS-103439,BOD-01,OP-02
2024-09-21,MP-0330,salida,18.4,CONS-103446,BOD-02,OP-05
2024-09-21,MP-0024,salida,130.5,CONS-103453,BOD-01,OP-02
2024-09-21,MP-0060,salida,31.0,CONS-103467,BOD-03,OP-05
2024-09-21,MP-0357,salida,38.1,CONS-103474,BOD-03,OP-02
2024-09-21,MP-0162,salida,5.9,CONS-103481,BOD-03,OP-06
2024-09-21,MP-0009,salida,71.4,CONS-103488,BOD-03,OP-02
2024-09-21,MP-0076,salida,98.7,CONS-103495,BOD-03,OP-03
2024-09-21,MP-0077,salida,103.9,CONS-103502,BOD-01,OP-01
2024-09-21,MP-0273,salida,110.9,CONS-103509,BOD-02,OP-03
2024-09-21,MP-0026,salida,15.2,CONS-103516,BOD-02,OP-01
2024-09-21,MP-0111,salida,23.3,CONS-103523,BOD-03,OP-05
2024-09-21,MP-0071,salida,18.5,CONS-103530,BOD-02,OP-03
2024-09-21,MP-0388,salida,17.8,CONS-103537,BOD-02,OP-04
2024-09-21,MP-0227,salida,10.7,CONS-103544,BOD-02,OP-01
2024-09-21,MP-0088,salida,73.5,CONS-103551,BOD-02,OP-02
2024-09-21,MP-0181,salida,69.0,CONS-103565,BOD-01,OP-03
2024-09-21,MP-0385,salida,20.2,CONS-103572,BOD-03,OP-05
2024-09-21,MP-0321,salida,37.3,CONS-103579,BOD-03,OP-06
2024-09-21,MP-0036,salida,43.7,CONS-103593,BOD-03,OP-03
2024-09-21,MP-0080,salida,48.3,CONS-103600,BOD-02,OP-01
2024-09-21,MP-0139,salida,-89.0,CONS-103607,BOD-03,OP-06
2024-09-21,MP-0356,salida,57.0,CONS-103614,BOD-02,OP-03
2024-09-21,MP-0339,salida,19.0,CONS-103621,BOD-01,OP-01
2024-09-21,MP-0078,salida,22.4,CONS-103628,BOD-01,OP-02
2024-09-21,MP-0059,salida,13.8,CONS-103635,BOD-02,OP-05
2024-09-21,MP-0211,salida,10.8,CONS-103642,BOD-02,OP-02
2024-09-21,MP-0340,salida,10.8,CONS-103649,BOD-01,OP-06
2024-09-21,MP-0390,salida,-7.8,CONS-103656,BOD-02,OP-02
2024-09-21,MP-0268,salida,7.1,CONS-103663,BOD-01,OP-01
2024-09-21,MP-0039,salida,10.7,CONS-103670,BOD-01,OP-05
2024-09-21,MP-0032,salida,21.0,CONS-103677,BOD-03,OP-03
2024-09-21,MP-0129,salida,71.1,CONS-103684,BOD-01,OP-01
2024-09-21,MP-0136,salida,61.2,CONS-103691,BOD-01,OP-03
2024-09-21,MP-0217,salida,53.9,CONS-103698,BOD-03,OP-04
2024-09-22,MP-0222,entrada,75,REC-OC-6265,BOD-01,OP-06
2024-09-23,MP-0037,entrada,792,REC-OC-5545,BOD-01,OP-02
2024-09-23,MP-0106,entrada,486,REC-OC-5952,BOD-03,OP-05
2024-09-23,MP-0002,entrada,1250,REC-OC-5013,BOD-02,OP-04
2024-09-24,MP-0114,entrada,245,REC-OC-5982,BOD-02,OP-05
2024-09-24,MP-0017,entrada,2211,REC-OC-5237,BOD-03,OP-01
2024-09-24,MP-0103,entrada,350,REC-OC-5933,BOD-01,OP-04
2024-09-25,MP-0324,entrada,40,REC-OC-6372,BOD-01,OP-01
2024-09-25,MP-0107,entrada,182,REC-OC-5955,BOD-03,OP-03
2024-09-25,MP-0019,salida,109.2,CONS-102936,BOD-02,OP-03
2024-09-25,MP-0022,salida,111.6,CONS-102943,BOD-02,OP-05
2024-09-25,MP-0094,salida,75.9,CONS-102950,BOD-01,OP-03
2024-09-25,MP-0074,salida,78.8,CONS-102957,BOD-03,OP-02
2024-09-25,MP-0370,salida,25.5,CONS-102964,BOD-03,OP-04
2024-09-25,MP-0299,salida,98.6,CONS-102971,BOD-01,OP-05
2024-09-25,MP-0309,salida,89.5,CONS-102978,BOD-01,OP-05
2024-09-25,MP-0008,salida,115.4,CONS-102992,BOD-03,OP-05
2024-09-25,MP-0005,salida,89.7,CONS-102999,BOD-01,OP-05
2024-09-25,MP-0101,salida,96.2,CONS-103013,BOD-03,OP-02
2024-09-25,MP-0149,salida,121.3,CONS-103020,BOD-03,OP-03
2024-09-25,MP-0189,salida,77.8,CONS-103027,BOD-02,OP-03
2024-09-25,MP-0254,salida,113.2,CONS-103034,BOD-01,OP-02
2024-09-25,MP-0161,salida,42.3,CONS-103041,BOD-02,OP-01
2024-09-25,MP-0197,salida,102.4,CONS-103048,BOD-03,OP-01
2024-09-25,MP-0037,salida,25.6,CONS-103055,BOD-01,OP-03
2024-09-25,MP-0018,salida,4.3,CONS-103062,BOD-02,OP-02
2024-09-25,MP-0073,salida,31.0,CONS-103076,BOD-03,OP-05
2024-09-25,MP-0199,salida,-26.3,CONS-103090,BOD-02,OP-05
2024-09-25,MP-0232,salida,23.6,CONS-103097,BOD-03,OP-04
2024-09-25,MP-0116,salida,27.9,CONS-103111,BOD-02,OP-05
2024-09-25,MP-0108,salida,44.6,CONS-103118,BOD-01,OP-01
2024-09-25,MP-0293,salida,49.1,CONS-103125,BOD-03,OP-01
2024-09-25,MP-0239,salida,23.3,CONS-103132,BOD-01,OP-05
2024-09-25,MP-0016,salida,89.9,CONS-103139,BOD-01,OP-04
2024-09-25,MP-0030,salida,-10.4,CONS-103146,BOD-01,OP-02
2024-09-25,MP-0120,salida,49.9,CONS-103153,BOD-02,OP-02
2024-09-25,MP-0043,salida,28.9,CONS-103160,BOD-03,OP-04
2024-09-25,MP-0182,salida,69.5,CONS-103167,BOD-02,OP-04
2024-09-25,MP-0369,salida,58.1,CONS-103174,BOD-03,OP-04
2024-09-25,MP-0157,salida,102.0,CONS-103181,BOD-02,OP-05
2024-09-25,MP-0001,salida,48.0,CONS-103188,BOD-03,OP-03
2024-09-25,MP-0014,salida,39.0,CONS-103195,BOD-01,OP-02
2024-09-25,MP-0128,salida,80.2,CONS-103202,BOD-03,OP-06
2024-09-25,MP-0047,salida,20.6,CONS-103209,BOD-03,OP-03
2024-09-25,MP-0244,salida,23.3,CONS-103216,BOD-02,OP-03
2024-09-25,MP-0122,salida,46.1,CONS-103223,BOD-02,OP-05
2024-09-25,MP-0132,salida,76.5,CONS-103230,BOD-01,OP-06
2024-09-25,MP-0131,salida,28.3,CONS-103237,BOD-02,OP-01
2024-09-25,MP-0272,salida,7.5,CONS-103251,BOD-02,OP-02
2024-09-25,MP-0010,salida,84.9,CONS-103258,BOD-01,OP-02
2024-09-25,MP-0002,salida,48.2,CONS-103265,BOD-03,OP-06
2024-09-25,MP-0150,salida,67.5,CONS-103272,BOD-02,OP-01
2024-09-25,MP-0085,salida,77.1,CONS-103279,BOD-03,OP-03
2024-09-25,MP-0202,salida,103.5,CONS-103286,BOD-02,OP-02
2024-09-25,MP-0153,salida,47.6,CONS-103293,BOD-03,OP-01
2024-09-25,MP-0178,salida,22.5,CONS-103300,BOD-02,OP-02
2024-09-25,MP-0229,salida,106.0,CONS-103307,BOD-02,OP-05
2024-09-25,MP-0013,salida,33.4,CONS-103314,BOD-01,OP-04
2024-09-25,MP-0020,salida,46.8,CONS-103321,BOD-01,OP-05
2024-09-25,MP-0106,salida,22.0,CONS-103328,BOD-02,OP-06
2024-09-25,MP-0051,salida,81.2,CONS-103335,BOD-01,OP-01
2024-09-25,MP-0411,salida,33.1,CONS-103342,BOD-03,OP-04
2024-09-25,MP-0238,salida,31.2,CONS-103349,BOD-03,OP-05
2024-09-25,MP-0004,salida,36.4,CONS-103356,BOD-01,OP-02
2024-09-25,MP-0033,salida,32.2,CONS-103363,BOD-01,OP-04
2024-09-25,MP-0386,salida,45.1,CONS-103377,BOD-03,OP-03
2024-09-25,MP-0393,salida,14.5,CONS-103384,BOD-03,OP-05
2024-09-25,MP-0373,salida,122.6,CONS-103391,BOD-03,OP-05
2024-09-25,MP-0015,salida,37.2,CONS-103398,BOD-01,OP-06
2024-09-25,MP-0012,salida,56.3,CONS-103405,BOD-03,OP-01
2024-09-25,MP-0142,salida,56.6,CONS-103412,BOD-01,OP-02
2024-09-25,MP-0102,salida,69.0,CONS-103419,BOD-03,OP-03
2024-09-25,MP-0114,salida,16.5,CONS-103426,BOD-02,OP-03
2024-09-25,MP-0325,salida,44.4,CONS-103433,BOD-03,OP-01
2024-09-25,MP-0193,salida,40.0,CONS-103440,BOD-02,OP-02
2024-09-25,MP-0330,salida,18.4,CONS-103447,BOD-03,OP-03
2024-09-25,MP-0117,salida,34.7,CONS-103461,BOD-01,OP-06
2024-09-25,MP-0060,salida,31.0,CONS-103468,BOD-01,OP-06
2024-09-25,MP-0357,salida,38.1,CONS-103475,BOD-02,OP-05
2024-09-25,MP-0162,salida,5.9,CONS-103482,BOD-01,OP-06
2024-09-25,MP-0009,salida,71.4,CONS-103489,BOD-03,OP-06
2024-09-25,MP-0076,salida,98.7,CONS-103496,BOD-03,OP-05
2024-09-25,MP-0077,salida,103.9,CONS-103503,BOD-02,OP-02
2024-09-25,MP-0273,salida,110.9,CONS-103510,BOD-02,OP-06
2024-09-25,MP-0026,salida,15.2,CONS-103517,BOD-02,OP-03
2024-09-25,MP-0111,salida,23.3,CONS-103524,BOD-02,OP-04
2024-09-25,MP-0071,salida,18.5,CONS-103531,BOD-03,OP-06
2024-09-25,MP-0388,salida,17.8,CONS-103538,BOD-02,OP-01
2024-09-25,MP-0227,salida,10.7,CONS-103545,BOD-01,OP-06
2024-09-25,MP-0088,salida,73.5,CONS-103552,BOD-02,OP-03
2024-09-25,MP-0143,salida,82.2,CONS-103559,BOD-03,OP-06
2024-09-25,MP-0181,salida,69.0,CONS-103566,BOD-02,OP-04
2024-09-25,MP-0343,salida,82.7,CONS-103587,BOD-03,OP-02
2024-09-25,MP-0036,salida,43.7,CONS-103594,BOD-03,OP-04
2024-09-25,MP-0080,salida,48.3,CONS-103601,BOD-03,OP-05
2024-09-25,MP-0139,salida,89.0,CONS-103608,BOD-03,OP-06
2024-09-25,MP-0356,salida,57.0,CONS-103615,BOD-01,OP-05
2024-09-25,MP-0339,salida,19.0,CONS-103622,BOD-03,OP-02
2024-09-25,MP-0059,salida,13.8,CONS-103636,BOD-01,OP-02
2024-09-25,MP-0211,salida,10.8,CONS-103643,BOD-01,OP-04
2024-09-25,MP-0340,salida,10.8,CONS-103650,BOD-03,OP-02
2024-09-25,MP-0390,salida,7.8,CONS-103657,BOD-01,OP-06
2024-09-25,MP-0268,salida,7.1,CONS-103664,BOD-01,OP-01
2024-09-25,MP-0032,salida,21.0,CONS-103678,BOD-01,OP-01
2024-09-25,MP-0129,salida,71.1,CONS-103685,BOD-03,OP-01
2024-09-25,MP-0136,salida,61.2,CONS-103692,BOD-03,OP-03
2024-09-25,MP-0217,salida,53.9,CONS-103699,BOD-02,OP-05
2024-09-25,MP-0344,salida,89.5,CONS-103706,BOD-02,OP-06
2024-09-26,MP-0026,entrada,976,REC-OC-5364,BOD-03,OP-01
2024-09-27,MP-0006,entrada,864,REC-OC-5077,BOD-02,OP-04
2024-09-27,MP-0009,entrada,2247,REC-OC-5103,BOD-01,OP-04
2024-09-27,MP-0135,entrada,299,REC-OC-6097,BOD-03,OP-04
2024-09-28,MP-0215,entrada,11,REC-OC-6257,BOD-01,OP-06
2024-09-28,MP-0035,entrada,2115,REC-OC-5530,BOD-01,OP-05
2024-09-28,MP-0375,ajuste,0,AJU-120025,BOD-01,AUDIT
2024-09-29,MP-0025,entrada,1023,REC-OC-5350,BOD-03,OP-06
2024-09-29,MP-0094,entrada,355,REC-OC-5880,BOD-03,OP-06
2024-09-29,MP-0011,entrada,2053,REC-OC-5148,BOD-03,OP-05
2024-09-29,MP-0017,entrada,1404,REC-OC-5233,BOD-01,OP-05
2024-09-30,MP-0027,entrada,481,REC-OC-5376,BOD-03,OP-03
2024-09-30,MP-0107,entrada,277,REC-OC-5953,BOD-02,OP-03
2024-10-01,MP-0162,entrada,19,REC-OC-6202,BOD-03,OP-02
2024-10-01,MP-0224,entrada,94,REC-OC-6267,BOD-02,OP-04
2024-10-01,MP-0032,entrada,1185,REC-OC-5460,BOD-03,OP-05
2024-10-01,MP-0019,salida,116.4,CONS-103707,BOD-02,OP-06
2024-10-01,MP-0022,salida,150.1,CONS-103714,BOD-03,OP-06
2024-10-01,MP-0094,salida,85.9,CONS-103721,BOD-01,OP-05
2024-10-01,MP-0074,salida,89.3,CONS-103728,BOD-01,OP-03
2024-10-01,MP-0370,salida,28.9,CONS-103735,BOD-01,OP-05
2024-10-01,MP-0299,salida,111.6,CONS-103742,BOD-03,OP-03
2024-10-01,MP-0309,salida,101.3,CONS-103749,BOD-02,OP-02
2024-10-01,MP-0418,salida,94.0,CONS-103756,BOD-02,OP-06
2024-10-01,MP-0008,salida,115.3,CONS-103763,BOD-03,OP-04
2024-10-01,MP-0005,salida,73.3,CONS-103770,BOD-03,OP-03
2024-10-01,MP-0133,salida,95.5,CONS-103777,BOD-02,OP-04
2024-10-01,MP-0149,salida,99.2,CONS-103791,BOD-01,OP-01
2024-10-01,MP-0189,salida,-67.9,CONS-103798,BOD-03,OP-05
2024-10-01,MP-0254,salida,98.8,CONS-103805,BOD-03,OP-04
2024-10-01,MP-0197,salida,89.4,CONS-103819,BOD-01,OP-02
2024-10-01,MP-0037,salida,75.2,CONS-103826,BOD-01,OP-04
2024-10-01,MP-0018,salida,12.5,CONS-103833,BOD-03,OP-03
2024-10-01,MP-0137,salida,63.0,CONS-103840,BOD-01,OP-03
2024-10-01,MP-0073,salida,90.8,CONS-103847,BOD-01,OP-04
2024-10-01,MP-0118,salida,81.6,CONS-103854,BOD-01,OP-01
2024-10-01,MP-0199,salida,77.2,CONS-103861,BOD-01,OP-04
2024-10-01,MP-0232,salida,69.1,CONS-103868,BOD-01,OP-06
2024-10-01,MP-0027,salida,7.0,CONS-103875,BOD-03,OP-02
2024-10-01,MP-0116,salida,21.2,CONS-103882,BOD-02,OP-01
2024-10-01,MP-0108,salida,53.9,CONS-103889,BOD-01,OP-02
2024-10-01,MP-0293,salida,37.2,CONS-103896,BOD-02,OP-02
2024-10-01,MP-0239,salida,17.7,CONS-103903,BOD-02,OP-03
2024-10-01,MP-0016,salida,114.0,CONS-103910,BOD-03,OP-04
2024-10-01,MP-0030,salida,14.3,CONS-103917,BOD-02,OP-01
2024-10-01,MP-0120,salida,68.2,CONS-103924,BOD-01,OP-02
2024-10-01,MP-0043,salida,39.4,CONS-103931,BOD-03,OP-05
2024-10-01,MP-0182,salida,75.0,CONS-103938,BOD-03,OP-01
2024-10-01,MP-0157,salida,75.4,CONS-103952,BOD-01,OP-06
2024-10-01,MP-0001,salida,34.1,CONS-103959,BOD-02,OP-05
2024-10-01,MP-0014,salida,27.7,CONS-103966,BOD-02,OP-04
2024-10-01,MP-0128,salida,89.5,CONS-103973,BOD-02,OP-01
2024-10-01,MP-0047,salida,14.7,CONS-103980,BOD-03,OP-03
2024-10-01,MP-0244,salida,16.5,CONS-103987,BOD-02,OP-06
2024-10-01,MP-0122,salida,52.1,CONS-103994,BOD-03,OP-04
2024-10-01,MP-0132,salida,86.5,CONS-104001,BOD-01,OP-01
2024-10-01,MP-0131,salida,32.0,CONS-104008,BOD-02,OP-06
2024-10-01,MP-0216,salida,66.9,CONS-104015,BOD-03,OP-02
2024-10-01,MP-0272,salida,8.5,CONS-104022,BOD-03,OP-04
2024-10-01,MP-0010,salida,22.8,CONS-104029,BOD-03,OP-06
2024-10-01,MP-0002,salida,13.0,CONS-104036,BOD-02,OP-05
2024-10-01,MP-0150,salida,18.1,CONS-104043,BOD-03,OP-04
2024-10-01,MP-0085,salida,40.8,CONS-104050,BOD-01,OP-03
2024-10-01,MP-0202,salida,27.8,CONS-104057,BOD-03,OP-05
2024-10-01,MP-0153,salida,12.8,CONS-104064,BOD-03,OP-05
2024-10-01,MP-0178,salida,6.0,CONS-104071,BOD-03,OP-02
2024-10-01,MP-0229,salida,28.5,CONS-104078,BOD-01,OP-04
2024-10-01,MP-0013,salida,73.8,CONS-104085,BOD-03,OP-06
2024-10-01,MP-0020,salida,76.7,CONS-104092,BOD-02,OP-02
2024-10-01,MP-0106,salida,48.6,CONS-104099,BOD-01,OP-03
2024-10-01,MP-0411,salida,73.2,CONS-104113,BOD-02,OP-01
2024-10-01,MP-0238,salida,68.9,CONS-104120,BOD-02,OP-06
2024-10-01,MP-0004,salida,48.8,CONS-104127,BOD-01,OP-02
2024-10-01,MP-0033,salida,43.1,CONS-104134,BOD-03,OP-03
2024-10-01,MP-0045,salida,27.3,CONS-104141,BOD-03,OP-03
2024-10-01,MP-0386,salida,60.4,CONS-104148,BOD-01,OP-02
2024-10-01,MP-0393,salida,19.4,CONS-104155,BOD-02,OP-03
2024-10-01,MP-0373,salida,-157.7,CONS-104162,BOD-03,OP-06
2024-10-01,MP-0015,salida,17.7,CONS-104169,BOD-02,OP-02
2024-10-01,MP-0012,salida,26.8,CONS-104176,BOD-03,OP-06
2024-10-01,MP-0142,salida,27.0,CONS-104183,BOD-02,OP-05
2024-10-01,MP-0102,salida,32.9,CONS-104190,BOD-01,OP-03
2024-10-01,MP-0114,salida,7.8,CONS-104197,BOD-03,OP-03
2024-10-01,MP-0325,salida,21.1,CONS-104204,BOD-01,OP-03
2024-10-01,MP-0193,salida,-19.0,CONS-104211,BOD-01,OP-01
2024-10-01,MP-0117,salida,43.5,CONS-104232,BOD-02,OP-03
2024-10-01,MP-0060,salida,38.9,CONS-104239,BOD-01,OP-03
2024-10-01,MP-0357,salida,47.9,CONS-104246,BOD-03,OP-05
2024-10-01,MP-0162,salida,7.4,CONS-104253,BOD-02,OP-01
2024-10-01,MP-0009,salida,88.3,CONS-104260,BOD-02,OP-05
2024-10-01,MP-0076,salida,122.1,CONS-104267,BOD-02,OP-04
2024-10-01,MP-0077,salida,128.6,CONS-104274,BOD-02,OP-01
2024-10-01,MP-0273,salida,137.1,CONS-104281,BOD-03,OP-03
2024-10-01,MP-0026,salida,70.2,CONS-104288,BOD-03,OP-01
2024-10-01,MP-0111,salida,108.0,CONS-104295,BOD-03,OP-03
2024-10-01,MP-0071,salida,85.6,CONS-104302,BOD-01,OP-06
2024-10-01,MP-0388,salida,82.5,CONS-104309,BOD-03,OP-06
2024-10-01,MP-0227,salida,49.5,CONS-104316,BOD-02,OP-06
2024-10-01,MP-0088,salida,53.3,CONS-104323,BOD-01,OP-02
2024-10-01,MP-0143,salida,59.6,CONS-104330,BOD-01,OP-03
2024-10-01,MP-0181,salida,50.0,CONS-104337,BOD-02,OP-02
2024-10-01,MP-0385,salida,14.7,CONS-104344,BOD-03,OP-04
2024-10-01,MP-0321,salida,27.0,CONS-104351,BOD-02,OP-02
2024-10-01,MP-0343,salida,60.0,CONS-104358,BOD-01,OP-03
2024-10-01,MP-0036,salida,38.9,CONS-104365,BOD-02,OP-04
2024-10-01,MP-0080,salida,43.0,CONS-104372,BOD-03,OP-02
2024-10-01,MP-0139,salida,79.2,CONS-104379,BOD-01,OP-01
2024-10-01,MP-0078,salida,86.6,CONS-104400,BOD-02,OP-02
2024-10-01,MP-0059,salida,53.3,CONS-104407,BOD-02,OP-05
2024-10-01,MP-0211,salida,41.8,CONS-104414,BOD-03,OP-05
2024-10-01,MP-0340,salida,41.8,CONS-104421,BOD-02,OP-01
2024-10-01,MP-0268,salida,27.4,CONS-104435,BOD-02,OP-06
2024-10-01,MP-0039,salida,2.7,CONS-104442,BOD-01,OP-02
2024-10-01,MP-0032,salida,5.3,CONS-104449,BOD-01,OP-01
2024-10-01,MP-0129,salida,18.0,CONS-104456,BOD-01,OP-06
2024-10-01,MP-0136,salida,15.5,CONS-104463,BOD-01,OP-03
2024-10-01,MP-0217,salida,13.7,CONS-104470,BOD-03,OP-02
2024-10-01,MP-0344,salida,22.7,CONS-104477,BOD-02,OP-03
2024-10-03,MP-0007,entrada,900,REC-OC-5086,BOD-02,OP-01
2024-10-03,MP-0022,entrada,1298,REC-OC-5293,BOD-02,OP-02
2024-10-05,MP-0019,salida,116.4,CONS-103708,BOD-03,OP-02
2024-10-05,MP-0022,salida,150.1,CONS-103715,BOD-03,OP-01
2024-10-05,MP-0094,salida,85.9,CONS-103722,BOD-02,OP-04
2024-10-05,MP-0074,salida,89.3,CONS-103729,BOD-01,OP-04
2024-10-05,MP-0370,salida,28.9,CONS-103736,BOD-01,OP-01
2024-10-05,MP-0299,salida,111.6,CONS-103743,BOD-01,OP-01
2024-10-05,MP-0309,salida,101.3,CONS-103750,BOD-02,OP-01
2024-10-05,MP-0418,salida,94.0,CONS-103757,BOD-02,OP-02
2024-10-05,MP-0008,salida,115.3,CONS-103764,BOD-02,OP-03
2024-10-05,MP-0005,salida,73.3,CONS-103771,BOD-02,OP-01
2024-10-05,MP-0133,salida,95.5,CONS-103778,BOD-01,OP-03
2024-10-05,MP-0149,salida,99.2,CONS-103792,BOD-02,OP-04
2024-10-05,MP-0189,salida,67.9,CONS-103799,BOD-01,OP-05
2024-10-05,MP-0254,salida,98.8,CONS-103806,BOD-03,OP-04
2024-10-05,MP-0161,salida,36.9,CONS-103813,BOD-02,OP-06
2024-10-05,MP-0197,salida,89.4,CONS-103820,BOD-02,OP-04
2024-10-05,MP-0037,salida,75.2,CONS-103827,BOD-02,OP-05
2024-10-05,MP-0018,salida,12.5,CONS-103834,BOD-03,OP-03
2024-10-05,MP-0137,salida,63.0,CONS-103841,BOD-03,OP-02
2024-10-05,MP-0073,salida,90.8,CONS-103848,BOD-03,OP-04
2024-10-05,MP-0118,salida,81.6,CONS-103855,BOD-02,OP-02
2024-10-05,MP-0199,salida,77.2,CONS-103862,BOD-03,OP-02
2024-10-05,MP-0232,salida,69.1,CONS-103869,BOD-03,OP-05
2024-10-05,MP-0027,salida,7.0,CONS-103876,BOD-03,OP-02
2024-10-05,MP-0116,salida,21.2,CONS-103883,BOD-02,OP-06
2024-10-05,MP-0108,salida,53.9,CONS-103890,BOD-02,OP-05
2024-10-05,MP-0293,salida,37.2,CONS-103897,BOD-01,OP-01
2024-10-05,MP-0239,salida,17.7,CONS-103904,BOD-02,OP-06
2024-10-05,MP-0016,salida,-114.0,CONS-103911,BOD-02,OP-04
2024-10-05,MP-0030,salida,14.3,CONS-103918,BOD-03,OP-02
2024-10-05,MP-0120,salida,68.2,CONS-103925,BOD-02,OP-01
2024-10-05,MP-0043,salida,39.4,CONS-103932,BOD-01,OP-02
2024-10-05,MP-0182,salida,75.0,CONS-103939,BOD-01,OP-03
2024-10-05,MP-0369,salida,79.4,CONS-103946,BOD-01,OP-02
2024-10-05,MP-0157,salida,75.4,CONS-103953,BOD-01,OP-06
2024-10-05,MP-0001,salida,34.1,CONS-103960,BOD-02,OP-03
2024-10-05,MP-0014,salida,27.7,CONS-103967,BOD-03,OP-01
2024-10-05,MP-0128,salida,89.5,CONS-103974,BOD-01,OP-06
2024-10-05,MP-0047,salida,14.7,CONS-103981,BOD-02,OP-02
2024-10-05,MP-0244,salida,16.5,CONS-103988,BOD-03,OP-04
2024-10-05,MP-0122,salida,52.1,CONS-103995,BOD-01,OP-06
2024-10-05,MP-0132,salida,86.5,CONS-104002,BOD-03,OP-04
2024-10-05,MP-0131,salida,32.0,CONS-104009,BOD-02,OP-03
2024-10-05,MP-0216,salida,66.9,CONS-104016,BOD-01,OP-01
2024-10-05,MP-0272,salida,8.5,CONS-104023,BOD-02,OP-03
2024-10-05,MP-0010,salida,22.8,CONS-104030,BOD-02,OP-04
2024-10-05,MP-0002,salida,13.0,CONS-104037,BOD-03,OP-04
2024-10-05,MP-0150,salida,18.1,CONS-104044,BOD-02,OP-04
2024-10-05,MP-0085,salida,-40.8,CONS-104051,BOD-02,OP-04
2024-10-05,MP-0202,salida,27.8,CONS-104058,BOD-03,OP-06
2024-10-05,MP-0178,salida,6.0,CONS-104072,BOD-03,OP-06
2024-10-05,MP-0229,salida,28.5,CONS-104079,BOD-02,OP-06
2024-10-05,MP-0013,salida,73.8,CONS-104086,BOD-03,OP-04
2024-10-05,MP-0020,salida,76.7,CONS-104093,BOD-01,OP-05
2024-10-05,MP-0106,salida,48.6,CONS-104100,BOD-03,OP-03
2024-10-05,MP-0051,salida,140.9,CONS-104107,BOD-02,OP-04
2024-10-05,MP-0411,salida,73.2,CONS-104114,BOD-01,OP-02
2024-10-05,MP-0238,salida,68.9,CONS-104121,BOD-01,OP-04
2024-10-05,MP-0004,salida,48.8,CONS-104128,BOD-02,OP-01
2024-10-05,MP-0033,salida,43.1,CONS-104135,BOD-01,OP-05
2024-10-05,MP-0045,salida,27.3,CONS-104142,BOD-01,OP-05
2024-10-05,MP-0386,salida,60.4,CONS-104149,BOD-02,OP-05
2024-10-05,MP-0393,salida,19.4,CONS-104156,BOD-02,OP-06
2024-10-05,MP-0373,salida,157.7,CONS-104163,BOD-01,OP-06
2024-10-05,MP-0015,salida,17.7,CONS-104170,BOD-03,OP-06
2024-10-05,MP-0012,salida,26.8,CONS-104177,BOD-01,OP-03
2024-10-05,MP-0142,salida,27.0,CONS-104184,BOD-03,OP-02
2024-10-05,MP-0114,salida,7.8,CONS-104198,BOD-03,OP-03
2024-10-05,MP-0325,salida,21.1,CONS-104205,BOD-01,OP-04
2024-10-05,MP-0193,salida,19.0,CONS-104212,BOD-01,OP-02
2024-10-05,MP-0330,salida,8.8,CONS-104219,BOD-03,OP-06
2024-10-05,MP-0024,salida,172.5,CONS-104226,BOD-02,OP-06
2024-10-05,MP-0117,salida,43.5,CONS-104233,BOD-02,OP-03
2024-10-05,MP-0060,salida,38.9,CONS-104240,BOD-02,OP-03
2024-10-05,MP-0357,salida,47.9,CONS-104247,BOD-01,OP-02
2024-10-05,MP-0162,salida,7.4,CONS-104254,BOD-01,OP-03
2024-10-05,MP-0009,salida,88.3,CONS-104261,BOD-02,OP-06
2024-10-05,MP-0076,salida,122.1,CONS-104268,BOD-02,OP-03
2024-10-05,MP-0077,salida,128.6,CONS-104275,BOD-02,OP-02
2024-10-05,MP-0273,salida,137.1,CONS-104282,BOD-02,OP-04
2024-10-05,MP-0026,salida,70.2,CONS-104289,BOD-01,OP-05
2024-10-05,MP-0111,salida,108.0,CONS-104296,BOD-02,OP-04
2024-10-05,MP-0071,salida,-85.6,CONS-104303,BOD-03,OP-03
2024-10-05,MP-0388,salida,82.5,CONS-104310,BOD-02,OP-02
2024-10-05,MP-0227,salida,49.5,CONS-104317,BOD-01,OP-01
2024-10-05,MP-0088,salida,53.3,CONS-104324,BOD-02,OP-01
2024-10-05,MP-0143,salida,59.6,CONS-104331,BOD-01,OP-06
2024-10-05,MP-0181,salida,50.0,CONS-104338,BOD-02,OP-03
2024-10-05,MP-0385,salida,14.7,CONS-104345,BOD-02,OP-05
2024-10-05,MP-0321,salida,27.0,CONS-104352,BOD-01,OP-03
2024-10-05,MP-0343,salida,60.0,CONS-104359,BOD-02,OP-06
2024-10-05,MP-0036,salida,38.9,CONS-104366,BOD-01,OP-01
2024-10-05,MP-0139,salida,79.2,CONS-104380,BOD-03,OP-03
2024-10-05,MP-0356,salida,50.7,CONS-104387,BOD-02,OP-06
2024-10-05,MP-0339,salida,-16.9,CONS-104394,BOD-02,OP-05
2024-10-05,MP-0059,salida,53.3,CONS-104408,BOD-03,OP-03
2024-10-05,MP-0211,salida,41.8,CONS-104415,BOD-02,OP-03
2024-10-05,MP-0340,salida,41.8,CONS-104422,BOD-01,OP-05
2024-10-05,MP-0390,salida,30.0,CONS-104429,BOD-03,OP-04
2024-10-05,MP-0268,salida,27.4,CONS-104436,BOD-03,OP-05
2024-10-05,MP-0039,salida,2.7,CONS-104443,BOD-03,OP-06
2024-10-05,MP-0032,salida,5.3,CONS-104450,BOD-01,OP-01
2024-10-05,MP-0129,salida,18.0,CONS-104457,BOD-03,OP-05
2024-10-05,MP-0136,salida,15.5,CONS-104464,BOD-02,OP-04
2024-10-05,MP-0217,salida,13.7,CONS-104471,BOD-02,OP-06
2024-10-05,MP-0344,salida,22.7,CONS-104478,BOD-03,OP-03
2024-10-06,MP-0104,entrada,258,REC-OC-5942,BOD-02,OP-05
2024-10-07,MP-0315,entrada,85,REC-OC-6362,BOD-03,OP-06
2024-10-08,MP-0118,entrada,282,REC-OC-5998,BOD-03,OP-02
2024-10-09,MP-0125,entrada,408,REC-OC-6041,BOD-02,OP-03
2024-10-09,MP-0057,entrada,417,REC-OC-5689,BOD-02,OP-06
2024-10-09,MP-0019,salida,116.4,CONS-103709,BOD-02,OP-06
2024-10-09,MP-0022,salida,150.1,CONS-103716,BOD-03,OP-02
2024-10-09,MP-0094,salida,85.9,CONS-103723,BOD-03,OP-05
2024-10-09,MP-0074,salida,89.3,CONS-103730,BOD-01,OP-02
2024-10-09,MP-0370,salida,28.9,CONS-103737,BOD-03,OP-04
2024-10-09,MP-0299,salida,111.6,CONS-103744,BOD-02,OP-01
2024-10-09,MP-0309,salida,101.3,CONS-103751,BOD-03,OP-01
2024-10-09,MP-0418,salida,94.0,CONS-103758,BOD-01,OP-02
2024-10-09,MP-0008,salida,115.3,CONS-103765,BOD-03,OP-04
2024-10-09,MP-0005,salida,73.3,CONS-103772,BOD-02,OP-03
2024-10-09,MP-0133,salida,95.5,CONS-103779,BOD-02,OP-06
2024-10-09,MP-0101,salida,83.9,CONS-103786,BOD-01,OP-04
2024-10-09,MP-0149,salida,99.2,CONS-103793,BOD-01,OP-01
2024-10-09,MP-0189,salida,-67.9,CONS-103800,BOD-02,OP-04
2024-10-09,MP-0254,salida,98.8,CONS-103807,BOD-02,OP-04
2024-10-09,MP-0161,salida,36.9,CONS-103814,BOD-01,OP-01
2024-10-09,MP-0197,salida,89.4,CONS-103821,BOD-03,OP-04
2024-10-09,MP-0037,salida,75.2,CONS-103828,BOD-02,OP-02
2024-10-09,MP-0018,salida,12.5,CONS-103835,BOD-02,OP-01
2024-10-09,MP-0137,salida,63.0,CONS-103842,BOD-03,OP-03
2024-10-09,MP-0118,salida,81.6,CONS-103856,BOD-01,OP-05
2024-10-09,MP-0199,salida,77.2,CONS-103863,BOD-03,OP-04
2024-10-09,MP-0232,salida,69.1,CONS-103870,BOD-01,OP-02
2024-10-09,MP-0116,salida,21.2,CONS-103884,BOD-03,OP-03
2024-10-09,MP-0108,salida,53.9,CONS-103891,BOD-02,OP-02
2024-10-09,MP-0293,salida,37.2,CONS-103898,BOD-02,OP-01
2024-10-09,MP-0239,salida,17.7,CONS-103905,BOD-02,OP-02
2024-10-09,MP-0016,salida,114.0,CONS-103912,BOD-02,OP-02
2024-10-09,MP-0030,salida,14.3,CONS-103919,BOD-01,OP-01
2024-10-09,MP-0120,salida,68.2,CONS-103926,BOD-01,OP-05
2024-10-09,MP-0182,salida,75.0,CONS-103940,BOD-03,OP-06
2024-10-09,MP-0369,salida,79.4,CONS-103947,BOD-03,OP-02
2024-10-09,MP-0157,salida,75.4,CONS-103954,BOD-01,OP-01
2024-10-09,MP-0001,salida,34.1,CONS-103961,BOD-01,OP-05
2024-10-09,MP-0128,salida,89.5,CONS-103975,BOD-01,OP-04
2024-10-09,MP-0047,salida,14.7,CONS-103982,BOD-02,OP-04
2024-10-09,MP-0244,salida,16.5,CONS-103989,BOD-02,OP-02
2024-10-09,MP-0122,salida,52.1,CONS-103996,BOD-01,OP-01
2024-10-09,MP-0132,salida,86.5,CONS-104003,BOD-03,OP-05
2024-10-09,MP-0131,salida,32.0,CONS-104010,BOD-03,OP-04
2024-10-09,MP-0216,salida,66.9,CONS-104017,BOD-02,OP-05
2024-10-09,MP-0272,salida,8.5,CONS-104024,BOD-01,OP-03
2024-10-09,MP-0010,salida,22.8,CONS-104031,BOD-01,OP-02
2024-10-09,MP-0002,salida,13.0,CONS-104038,BOD-03,OP-06
2024-10-09,MP-0085,salida,40.8,CONS-104052,BOD-02,OP-02
2024-10-09,MP-0202,salida,27.8,CONS-104059,BOD-01,OP-01
2024-10-09,MP-0153,salida,12.8,CONS-104066,BOD-01,OP-06
2024-10-09,MP-0178,salida,6.0,CONS-104073,BOD-01,OP-06
2024-10-09,MP-0229,salida,28.5,CONS-104080,BOD-02,OP-02
2024-10-09,MP-0013,salida,73.8,CONS-104087,BOD-03,OP-03
2024-10-09,MP-0020,salida,76.7,CONS-104094,BOD-01,OP-06
2024-10-09,MP-0106,salida,48.6,CONS-104101,BOD-02,OP-01
2024-10-09,MP-0051,salida,140.9,CONS-104108,BOD-03,OP-01
2024-10-09,MP-0411,salida,73.2,CONS-104115,BOD-02,OP-05
2024-10-09,MP-0238,salida,68.9,CONS-104122,BOD-03,OP-02
2024-10-09,MP-0004,salida,48.8,CONS-104129,BOD-02,OP-05
2024-10-09,MP-0033,salida,43.1,CONS-104136,BOD-01,OP-03
2024-10-09,MP-0045,salida,-27.3,CONS-104143,BOD-01,OP-02
2024-10-09,MP-0386,salida,60.4,CONS-104150,BOD-01,OP-06
2024-10-09,MP-0393,salida,19.4,CONS-104157,BOD-02,OP-02
2024-10-09,MP-0373,salida,157.7,CONS-104164,BOD-03,OP-05
2024-10-09,MP-0015,salida,17.7,CONS-104171,BOD-01,OP-01
2024-10-09,MP-0012,salida,26.8,CONS-104178,BOD-02,OP-06
2024-10-09,MP-0142,salida,27.0,CONS-104185,BOD-01,OP-01
2024-10-09,MP-0114,salida,7.8,CONS-104199,BOD-01,OP-06
2024-10-09,MP-0325,salida,21.1,CONS-104206,BOD-03,OP-02
2024-10-09,MP-0193,salida,19.0,CONS-104213,BOD-01,OP-05
2024-10-09,MP-0330,salida,8.8,CONS-104220,BOD-03,OP-01
2024-10-09,MP-0024,salida,172.5,CONS-104227,BOD-03,OP-06
2024-10-09,MP-0117,salida,43.5,CONS-104234,BOD-03,OP-05
2024-10-09,MP-0060,salida,38.9,CONS-104241,BOD-01,OP-05
2024-10-09,MP-0357,salida,47.9,CONS-104248,BOD-02,OP-01
2024-10-09,MP-0162,salida,7.4,CONS-104255,BOD-03,OP-03
2024-10-09,MP-0009,salida,88.3,CONS-104262,BOD-03,OP-02
2024-10-09,MP-0076,salida,122.1,CONS-104269,BOD-03,OP-05
2024-10-09,MP-0273,salida,137.1,CONS-104283,BOD-01,OP-06
2024-10-09,MP-0026,salida,70.2,CONS-104290,BOD-03,OP-03
2024-10-09,MP-0111,salida,108.0,CONS-104297,BOD-03,OP-04
2024-10-09,MP-0071,salida,85.6,CONS-104304,BOD-02,OP-03
2024-10-09,MP-0388,salida,82.5,CONS-104311,BOD-01,OP-03
2024-10-09,MP-0227,salida,49.5,CONS-104318,BOD-01,OP-03
2024-10-09,MP-0088,salida,53.3,CONS-104325,BOD-01,OP-03
2024-10-09,MP-0143,salida,59.6,CONS-104332,BOD-01,OP-04
2024-10-09,MP-0181,salida,50.0,CONS-104339,BOD-01,OP-02
2024-10-09,MP-0385,salida,14.7,CONS-104346,BOD-02,OP-01
2024-10-09,MP-0343,salida,60.0,CONS-104360,BOD-01,OP-04
2024-10-09,MP-0036,salida,38.9,CONS-104367,BOD-02,OP-04
2024-10-09,MP-0080,salida,43.0,CONS-104374,BOD-02,OP-03
2024-10-09,MP-0139,salida,79.2,CONS-104381,BOD-02,OP-01
2024-10-09,MP-0356,salida,50.7,CONS-104388,BOD-02,OP-01
2024-10-09,MP-0339,salida,16.9,CONS-104395,BOD-03,OP-02
2024-10-09,MP-0059,salida,53.3,CONS-104409,BOD-03,OP-06
2024-10-09,MP-0211,salida,41.8,CONS-104416,BOD-01,OP-06
2024-10-09,MP-0340,salida,41.8,CONS-104423,BOD-03,OP-06
2024-10-09,MP-0390,salida,30.0,CONS-104430,BOD-03,OP-02
2024-10-09,MP-0268,salida,27.4,CONS-104437,BOD-03,OP-06
2024-10-09,MP-0039,salida,2.7,CONS-104444,BOD-03,OP-05
2024-10-09,MP-0136,salida,15.5,CONS-104465,BOD-02,OP-03
2024-10-09,MP-0217,salida,13.7,CONS-104472,BOD-02,OP-02
2024-10-09,MP-0344,salida,22.7,CONS-104479,BOD-02,OP-06
2024-10-10,MP-0099,entrada,374,REC-OC-5912,BOD-02,OP-05
2024-10-11,MP-0015,entrada,663,REC-OC-5199,BOD-03,OP-01
2024-10-11,MP-0214,entrada,38,REC-OC-6256,BOD-01,OP-01
2024-10-12,MP-0093,entrada,356,REC-OC-5871,BOD-02,OP-02
2024-10-12,MP-0131,entrada,498,REC-OC-6076,BOD-01,OP-04
2024-10-13,MP-0283,entrada,53,REC-OC-6327,BOD-02,OP-06
2024-10-13,MP-0019,salida,116.4,CONS-103710,BOD-02,OP-06
2024-10-13,MP-0022,salida,150.1,CONS-103717,BOD-03,OP-03
2024-10-13,MP-0094,salida,85.9,CONS-103724,BOD-03,OP-01
2024-10-13,MP-0074,salida,89.3,CONS-103731,BOD-02,OP-06
2024-10-13,MP-0370,salida,28.9,CONS-103738,BOD-02,OP-03
2024-10-13,MP-0299,salida,111.6,CONS-103745,BOD-03,OP-06
2024-10-13,MP-0309,salida,101.3,CONS-103752,BOD-01,OP-01
2024-10-13,MP-0418,salida,94.0,CONS-103759,BOD-03,OP-05
2024-10-13,MP-0008,salida,115.3,CONS-103766,BOD-01,OP-04
2024-10-13,MP-0005,salida,73.3,CONS-103773,BOD-01,OP-01
2024-10-13,MP-0133,salida,95.5,CONS-103780,BOD-02,OP-06
2024-10-13,MP-0149,salida,99.2,CONS-103794,BOD-01,OP-06
2024-10-13,MP-0189,salida,67.9,CONS-103801,BOD-01,OP-05
2024-10-13,MP-0254,salida,98.8,CONS-103808,BOD-02,OP-06
2024-10-13,MP-0161,salida,36.9,CONS-103815,BOD-02,OP-02
2024-10-13,MP-0197,salida,89.4,CONS-103822,BOD-02,OP-04
2024-10-13,MP-0037,salida,75.2,CONS-103829,BOD-03,OP-06
2024-10-13,MP-0018,salida,12.5,CONS-103836,BOD-01,OP-01
2024-10-13,MP-0137,salida,63.0,CONS-103843,BOD-02,OP-04
2024-10-13,MP-0073,salida,90.8,CONS-103850,BOD-01,OP-03
2024-10-13,MP-0118,salida,81.6,CONS-103857,BOD-02,OP-06
2024-10-13,MP-0199,salida,77.2,CONS-103864,BOD-03,OP-04
2024-10-13,MP-0232,salida,69.1,CONS-103871,BOD-03,OP-02
2024-10-13,MP-0027,salida,7.0,CONS-103878,BOD-01,OP-05
2024-10-13,MP-0116,salida,21.2,CONS-103885,BOD-02,OP-04
2024-10-13,MP-0108,salida,53.9,CONS-103892,BOD-02,OP-01
2024-10-13,MP-0293,salida,37.2,CONS-103899,BOD-01,OP-03
2024-10-13,MP-0239,salida,17.7,CONS-103906,BOD-02,OP-03
2024-10-13,MP-0016,salida,114.0,CONS-103913,BOD-01,OP-06
2024-10-13,MP-0030,salida,14.3,CONS-103920,BOD-03,OP-05
2024-10-13,MP-0120,salida,68.2,CONS-103927,BOD-01,OP-04
2024-10-13,MP-0043,salida,39.4,CONS-103934,BOD-01,OP-06
2024-10-13,MP-0182,salida,75.0,CONS-103941,BOD-01,OP-02
2024-10-13,MP-0369,salida,79.4,CONS-103948,BOD-02,OP-06
2024-10-13,MP-0157,salida,75.4,CONS-103955,BOD-03,OP-05
2024-10-13,MP-0001,salida,34.1,CONS-103962,BOD-03,OP-05
2024-10-13,MP-0014,salida,27.7,CONS-103969,BOD-01,OP-05
2024-10-13,MP-0128,salida,89.5,CONS-103976,BOD-03,OP-06
2024-10-13,MP-0047,salida,14.7,CONS-103983,BOD-02,OP-04
2024-10-13,MP-0244,salida,16.5,CONS-103990,BOD-02,OP-03
2024-10-13,MP-0122,salida,52.1,CONS-103997,BOD-03,OP-04
2024-10-13,MP-0132,salida,86.5,CONS-104004,BOD-02,OP-06
2024-10-13,MP-0131,salida,32.0,CONS-104011,BOD-01,OP-01
2024-10-13,MP-0216,salida,66.9,CONS-104018,BOD-01,OP-01
2024-10-13,MP-0272,salida,8.5,CONS-104025,BOD-01,OP-01
2024-10-13,MP-0010,salida,22.8,CONS-104032,BOD-02,OP-01
2024-10-13,MP-0002,salida,13.0,CONS-104039,BOD-01,OP-01
2024-10-13,MP-0150,salida,18.1,CONS-104046,BOD-01,OP-02
2024-10-13,MP-0085,salida,40.8,CONS-104053,BOD-01,OP-01
2024-10-13,MP-0202,salida,27.8,CONS-104060,BOD-03,OP-04
2024-10-13,MP-0153,salida,12.8,CONS-104067,BOD-03,OP-02
2024-10-13,MP-0178,salida,6.0,CONS-104074,BOD-02,OP-06
2024-10-13,MP-0229,salida,28.5,CONS-104081,BOD-02,OP-04
2024-10-13,MP-0013,salida,73.8,CONS-104088,BOD-02,OP-05
2024-10-13,MP-0106,salida,48.6,CONS-104102,BOD-02,OP-04
2024-10-13,MP-0051,salida,140.9,CONS-104109,BOD-03,OP-04
2024-10-13,MP-0411,salida,73.2,CONS-104116,BOD-03,OP-04
2024-10-13,MP-0238,salida,68.9,CONS-104123,BOD-02,OP-06
2024-10-13,MP-0033,salida,43.1,CONS-104137,BOD-01,OP-01
2024-10-13,MP-0386,salida,60.4,CONS-104151,BOD-01,OP-01
2024-10-13,MP-0393,salida,19.4,CONS-104158,BOD-02,OP-02
2024-10-13,MP-0373,salida,157.7,CONS-104165,BOD-03,OP-06
2024-10-13,MP-0015,salida,17.7,CONS-104172,BOD-02,OP-04
2024-10-13,MP-0142,salida,27.0,CONS-104186,BOD-01,OP-01
2024-10-13,MP-0102,salida,32.9,CONS-104193,BOD-01,OP-02
2024-10-13,MP-0114,salida,7.8,CONS-104200,BOD-02,OP-04
2024-10-13,MP-0325,salida,21.1,CONS-104207,BOD-03,OP-06
2024-10-13,MP-0193,salida,19.0,CONS-104214,BOD-01,OP-04
2024-10-13,MP-0330,salida,8.8,CONS-104221,BOD-02,OP-06
2024-10-13,MP-0024,salida,172.5,CONS-104228,BOD-03,OP-04
2024-10-13,MP-0117,salida,43.5,CONS-104235,BOD-02,OP-02
2024-10-13,MP-0357,salida,47.9,CONS-104249,BOD-03,OP-01
2024-10-13,MP-0162,salida,7.4,CONS-104256,BOD-01,OP-04
2024-10-13,MP-0009,salida,88.3,CONS-104263,BOD-02,OP-06
2024-10-13,MP-0076,salida,122.1,CONS-104270,BOD-03,OP-06
2024-10-13,MP-0077,salida,128.6,CONS-104277,BOD-03,OP-01
2024-10-13,MP-0273,salida,137.1,CONS-104284,BOD-02,OP-04
2024-10-13,MP-0026,salida,70.2,CONS-104291,BOD-01,OP-01
2024-10-13,MP-0111,salida,108.0,CONS-104298,BOD-02,OP-05
2024-10-13,MP-0071,salida,-85.6,CONS-104305,BOD-03,OP-01
2024-10-13,MP-0388,salida,82.5,CONS-104312,BOD-01,OP-05
2024-10-13,MP-0227,salida,49.5,CONS-104319,BOD-02,OP-02
2024-10-13,MP-0143,salida,59.6,CONS-104333,BOD-02,OP-06
2024-10-13,MP-0181,salida,50.0,CONS-104340,BOD-03,OP-02
2024-10-13,MP-0385,salida,14.7,CONS-104347,BOD-01,OP-01
2024-10-13,MP-0321,salida,27.0,CONS-104354,BOD-01,OP-01
2024-10-13,MP-0343,salida,60.0,CONS-104361,BOD-03,OP-01
2024-10-13,MP-0036,salida,38.9,CONS-104368,BOD-02,OP-03
2024-10-13,MP-0139,salida,79.2,CONS-104382,BOD-01,OP-06
2024-10-13,MP-0356,salida,-50.7,CONS-104389,BOD-02,OP-05
2024-10-13,MP-0339,salida,16.9,CONS-104396,BOD-03,OP-06
2024-10-13,MP-0078,salida,86.6,CONS-104403,BOD-02,OP-01
2024-10-13,MP-0059,salida,53.3,CONS-104410,BOD-02,OP-05
2024-10-13,MP-0211,salida,41.8,CONS-104417,BOD-02,OP-06
2024-10-13,MP-0340,salida,41.8,CONS-104424,BOD-02,OP-03
2024-10-13,MP-0390,salida,30.0,CONS-104431,BOD-02,OP-01
2024-10-13,MP-0268,salida,27.4,CONS-104438,BOD-01,OP-01
2024-10-13,MP-0039,salida,2.7,CONS-104445,BOD-03,OP-02
2024-10-13,MP-0032,salida,5.3,CONS-104452,BOD-02,OP-01
2024-10-13,MP-0136,salida,15.5,CONS-104466,BOD-02,OP-02
2024-10-13,MP-0217,salida,13.7,CONS-104473,BOD-01,OP-01
2024-10-13,MP-0344,salida,22.7,CONS-104480,BOD-03,OP-02
2024-10-14,MP-0149,entrada,133,REC-OC-6182,BOD-02,OP-02
2024-10-14,MP-0002,entrada,2233,REC-OC-5019,BOD-02,OP-01
2024-10-14,MP-0040,entrada,1791,REC-OC-5575,BOD-02,OP-06
2024-10-15,MP-0344,entrada,2,REC-OC-6392,BOD-03,OP-04
2024-10-15,MP-0103,entrada,444,REC-OC-5936,BOD-03,OP-05
2024-10-15,MP-0030,entrada,1842,REC-OC-5434,BOD-01,OP-01
2024-10-16,MP-0016,entrada,1094,REC-OC-5210,BOD-02,OP-03
2024-10-16,MP-0090,entrada,404,REC-OC-5855,BOD-01,OP-01
2024-10-16,MP-0180,entrada,40,REC-OC-6222,BOD-01,OP-02
2024-10-17,MP-0116,entrada,169,REC-OC-5991,BOD-01,OP-04
2024-10-17,MP-0023,entrada,1244,REC-OC-5328,BOD-01,OP-03
2024-10-17,MP-0019,salida,116.4,CONS-103711,BOD-01,OP-03
2024-10-17,MP-0094,salida,85.9,CONS-103725,BOD-01,OP-04
2024-10-17,MP-0074,salida,89.3,CONS-103732,BOD-01,OP-06
2024-10-17,MP-0299,salida,111.6,CONS-103746,BOD-02,OP-03
2024-10-17,MP-0309,salida,101.3,CONS-103753,BOD-01,OP-03
2024-10-17,MP-0418,salida,94.0,CONS-103760,BOD-01,OP-05
2024-10-17,MP-0008,salida,115.3,CONS-103767,BOD-02,OP-04
2024-10-17,MP-0005,salida,73.3,CONS-103774,BOD-01,OP-06
2024-10-17,MP-0133,salida,95.5,CONS-103781,BOD-02,OP-04
2024-10-17,MP-0101,salida,83.9,CONS-103788,BOD-01,OP-02
2024-10-17,MP-0149,salida,99.2,CONS-103795,BOD-03,OP-01
2024-10-17,MP-0254,salida,98.8,CONS-103809,BOD-02,OP-04
2024-10-17,MP-0161,salida,36.9,CONS-103816,BOD-02,OP-01
2024-10-17,MP-0197,salida,89.4,CONS-103823,BOD-02,OP-01
2024-10-17,MP-0037,salida,75.2,CONS-103830,BOD-03,OP-02
2024-10-17,MP-0018,salida,12.5,CONS-103837,BOD-01,OP-05
2024-10-17,MP-0137,salida,63.0,CONS-103844,BOD-01,OP-04
2024-10-17,MP-0118,salida,81.6,CONS-103858,BOD-03,OP-05
2024-10-17,MP-0199,salida,77.2,CONS-103865,BOD-02,OP-06
2024-10-17,MP-0232,salida,69.1,CONS-103872,BOD-02,OP-05
2024-10-17,MP-0027,salida,7.0,CONS-103879,BOD-02,OP-04
2024-10-17,MP-0116,salida,21.2,CONS-103886,BOD-03,OP-03
2024-10-17,MP-0293,salida,37.2,CONS-103900,BOD-03,OP-01
2024-10-17,MP-0239,salida,17.7,CONS-103907,BOD-02,OP-06
2024-10-17,MP-0016,salida,114.0,CONS-103914,BOD-01,OP-02
2024-10-17,MP-0030,salida,14.3,CONS-103921,BOD-01,OP-03
2024-10-17,MP-0120,salida,68.2,CONS-103928,BOD-01,OP-06
2024-10-17,MP-0043,salida,39.4,CONS-103935,BOD-02,OP-02
2024-10-17,MP-0369,salida,79.4,CONS-103949,BOD-03,OP-01
2024-10-17,MP-0157,salida,75.4,CONS-103956,BOD-03,OP-02
2024-10-17,MP-0001,salida,34.1,CONS-103963,BOD-01,OP-01
2024-10-17,MP-0014,salida,27.7,CONS-103970,BOD-03,OP-02
2024-10-17,MP-0128,salida,89.5,CONS-103977,BOD-03,OP-04
2024-10-17,MP-0047,salida,14.7,CONS-103984,BOD-01,OP-06
2024-10-17,MP-0244,salida,16.5,CONS-103991,BOD-03,OP-05
2024-10-17,MP-0122,salida,52.1,CONS-103998,BOD-03,OP-06
2024-10-17,MP-0132,salida,86.5,CONS-104005,BOD-02,OP-01
2024-10-17,MP-0131,salida,32.0,CONS-104012,BOD-02,OP-04
2024-10-17,MP-0216,salida,66.9,CONS-104019,BOD-03,OP-01
2024-10-17,MP-0272,salida,8.5,CONS-104026,BOD-03,OP-05
2024-10-17,MP-0010,salida,22.8,CONS-104033,BOD-03,OP-03
2024-10-17,MP-0002,salida,13.0,CONS-104040,BOD-03,OP-05
2024-10-17,MP-0150,salida,18.1,CONS-104047,BOD-01,OP-04
2024-10-17,MP-0085,salida,40.8,CONS-104054,BOD-01,OP-01
2024-10-17,MP-0202,salida,27.8,CONS-104061,BOD-03,OP-06
2024-10-17,MP-0153,salida,12.8,CONS-104068,BOD-01,OP-05
2024-10-17,MP-0178,salida,6.0,CONS-104075,BOD-01,OP-01
2024-10-17,MP-0229,salida,28.5,CONS-104082,BOD-03,OP-02
2024-10-17,MP-0013,salida,73.8,CONS-104089,BOD-03,OP-04
2024-10-17,MP-0020,salida,76.7,CONS-104096,BOD-03,OP-05
2024-10-17,MP-0106,salida,48.6,CONS-104103,BOD-02,OP-02
2024-10-17,MP-0051,salida,140.9,CONS-104110,BOD-02,OP-03
2024-10-17,MP-0411,salida,73.2,CONS-104117,BOD-02,OP-04
2024-10-17,MP-0238,salida,68.9,CONS-104124,BOD-03,OP-03
2024-10-17,MP-0004,salida,48.8,CONS-104131,BOD-03,OP-01
2024-10-17,MP-0033,salida,43.1,CONS-104138,BOD-03,OP-05
2024-10-17,MP-0045,salida,27.3,CONS-104145,BOD-01,OP-04
2024-10-17,MP-0386,salida,60.4,CONS-104152,BOD-01,OP-03
2024-10-17,MP-0393,salida,19.4,CONS-104159,BOD-03,OP-05
2024-10-17,MP-0373,salida,157.7,CONS-104166,BOD-01,OP-04
2024-10-17,MP-0015,salida,17.7,CONS-104173,BOD-02,OP-05
2024-10-17,MP-0012,salida,26.8,CONS-104180,BOD-02,OP-02
2024-10-17,MP-0142,salida,27.0,CONS-104187,BOD-03,OP-05
2024-10-17,MP-0102,salida,32.9,CONS-104194,BOD-02,OP-03
2024-10-17,MP-0114,salida,7.8,CONS-104201,BOD-02,OP-06
2024-10-17,MP-0325,salida,-21.1,CONS-104208,BOD-02,OP-05
2024-10-17,MP-0193,salida,19.0,CONS-104215,BOD-01,OP-03
2024-10-17,MP-0330,salida,8.8,CONS-104222,BOD-03,OP-04
2024-10-17,MP-0024,salida,172.5,CONS-104229,BOD-01,OP-04
2024-10-17,MP-0117,salida,43.5,CONS-104236,BOD-01,OP-06
2024-10-17,MP-0060,salida,38.9,CONS-104243,BOD-01,OP-04
2024-10-17,MP-0357,salida,47.9,CONS-104250,BOD-02,OP-02
2024-10-17,MP-0162,salida,7.4,CONS-104257,BOD-01,OP-04
2024-10-17,MP-0009,salida,88.3,CONS-104264,BOD-02,OP-03
2024-10-17,MP-0076,salida,122.1,CONS-104271,BOD-02,OP-04
2024-10-17,MP-0077,salida,128.6,CONS-104278,BOD-02,OP-06
2024-10-17,MP-0273,salida,137.1,CONS-104285,BOD-02,OP-02
2024-10-17,MP-0026,salida,70.2,CONS-104292,BOD-01,OP-03
2024-10-17,MP-0111,salida,108.0,CONS-104299,BOD-02,OP-04
2024-10-17,MP-0071,salida,-85.6,CONS-104306,BOD-03,OP-05
2024-10-17,MP-0227,salida,49.5,CONS-104320,BOD-03,OP-06
2024-10-17,MP-0088,salida,53.3,CONS-104327,BOD-03,OP-06
2024-10-17,MP-0143,salida,59.6,CONS-104334,BOD-01,OP-05
2024-10-17,MP-0181,salida,50.0,CONS-104341,BOD-03,OP-02
2024-10-17,MP-0385,salida,14.7,CONS-104348,BOD-03,OP-06
2024-10-17,MP-0321,salida,27.0,CONS-104355,BOD-03,OP-04
2024-10-17,MP-0036,salida,38.9,CONS-104369,BOD-02,OP-03
2024-10-17,MP-0080,salida,43.0,CONS-104376,BOD-01,OP-04
2024-10-17,MP-0139,salida,79.2,CONS-104383,BOD-01,OP-02
2024-10-17,MP-0356,salida,50.7,CONS-104390,BOD-03,OP-05
2024-10-17,MP-0339,salida,16.9,CONS-104397,BOD-02,OP-06
2024-10-17,MP-0078,salida,86.6,CONS-104404,BOD-03,OP-06
2024-10-17,MP-0059,salida,53.3,CONS-104411,BOD-01,OP-02
2024-10-17,MP-0211,salida,41.8,CONS-104418,BOD-03,OP-01
2024-10-17,MP-0340,salida,41.8,CONS-104425,BOD-03,OP-01
2024-10-17,MP-0390,salida,30.0,CONS-104432,BOD-03,OP-04
2024-10-17,MP-0268,salida,27.4,CONS-104439,BOD-03,OP-02
2024-10-17,MP-0039,salida,2.7,CONS-104446,BOD-02,OP-03
2024-10-17,MP-0032,salida,5.3,CONS-104453,BOD-03,OP-04
2024-10-17,MP-0129,salida,18.0,CONS-104460,BOD-02,OP-06
2024-10-17,MP-0136,salida,15.5,CONS-104467,BOD-02,OP-02
2024-10-17,MP-0344,salida,22.7,CONS-104481,BOD-02,OP-04
2024-10-18,MP-0023,entrada,1450,REC-OC-5316,BOD-02,OP-03
2024-10-18,MP-0029,entrada,1606,REC-OC-5405,BOD-02,OP-06
2024-10-18,MP-0017,entrada,2247,REC-OC-5221,BOD-03,OP-06
2024-10-18,MP-0401,entrada,73,REC-OC-6451,BOD-03,OP-06
2024-10-19,MP-0029,entrada,1558,REC-OC-5393,BOD-03,OP-04
2024-10-19,MP-0024,entrada,1980,REC-OC-5333,BOD-01,OP-06
2024-10-19,MP-0022,entrada,1470,REC-OC-5294,BOD-01,OP-06
2024-10-19,MP-0023,entrada,2061,REC-OC-5321,BOD-01,OP-05
2024-10-19,MP-0135,entrada,275,REC-OC-6099,BOD-01,OP-01
2024-10-20,MP-0189,entrada,53,REC-OC-6231,BOD-03,OP-01
2024-10-20,MP-0102,entrada,257,REC-OC-5931,BOD-03,OP-01
2024-10-21,MP-0168,entrada,35,REC-OC-6209,BOD-02,OP-03
2024-10-21,MP-0021,entrada,955,REC-OC-5280,BOD-01,OP-05
2024-10-21,MP-0019,salida,116.4,CONS-103712,BOD-01,OP-03
2024-10-21,MP-0022,salida,150.1,CONS-103719,BOD-01,OP-04
2024-10-21,MP-0094,salida,85.9,CONS-103726,BOD-01,OP-03
2024-10-21,MP-0074,salida,89.3,CONS-103733,BOD-03,OP-05
2024-10-21,MP-0370,salida,28.9,CONS-103740,BOD-03,OP-02
2024-10-21,MP-0309,salida,101.3,CONS-103754,BOD-01,OP-04
2024-10-21,MP-0418,salida,94.0,CONS-103761,BOD-03,OP-04
2024-10-21,MP-0008,salida,115.3,CONS-103768,BOD-01,OP-02
2024-10-21,MP-0005,salida,73.3,CONS-103775,BOD-01,OP-01
2024-10-21,MP-0133,salida,95.5,CONS-103782,BOD-03,OP-06
2024-10-21,MP-0101,salida,83.9,CONS-103789,BOD-02,OP-06
2024-10-21,MP-0149,salida,99.2,CONS-103796,BOD-02,OP-03
2024-10-21,MP-0189,salida,67.9,CONS-103803,BOD-03,OP-04
2024-10-21,MP-0254,salida,98.8,CONS-103810,BOD-01,OP-06
2024-10-21,MP-0161,salida,36.9,CONS-103817,BOD-02,OP-06
2024-10-21,MP-0197,salida,89.4,CONS-103824,BOD-02,OP-03
2024-10-21,MP-0037,salida,75.2,CONS-103831,BOD-02,OP-06
2024-10-21,MP-0018,salida,12.5,CONS-103838,BOD-03,OP-05
2024-10-21,MP-0137,salida,63.0,CONS-103845,BOD-02,OP-04
2024-10-21,MP-0073,salida,90.8,CONS-103852,BOD-03,OP-04
2024-10-21,MP-0118,salida,81.6,CONS-103859,BOD-01,OP-05
2024-10-21,MP-0199,salida,77.2,CONS-103866,BOD-03,OP-01
2024-10-21,MP-0232,salida,69.1,CONS-103873,BOD-03,OP-05
2024-10-21,MP-0027,salida,7.0,CONS-103880,BOD-01,OP-03
2024-10-21,MP-0116,salida,21.2,CONS-103887,BOD-02,OP-04
2024-10-21,MP-0108,salida,53.9,CONS-103894,BOD-01,OP-04
2024-10-21,MP-0293,salida,37.2,CONS-103901,BOD-01,OP-01
2024-10-21,MP-0239,salida,17.7,CONS-103908,BOD-03,OP-06
2024-10-21,MP-0016,salida,114.0,CONS-103915,BOD-03,OP-03
2024-10-21,MP-0030,salida,14.3,CONS-103922,BOD-03,OP-06
2024-10-21,MP-0120,salida,68.2,CONS-103929,BOD-02,OP-03
2024-10-21,MP-0043,salida,39.4,CONS-103936,BOD-01,OP-04
2024-10-21,MP-0182,salida,75.0,CONS-103943,BOD-01,OP-05
2024-10-21,MP-0369,salida,79.4,CONS-103950,BOD-01,OP-04
2024-10-21,MP-0157,salida,75.4,CONS-103957,BOD-01,OP-02
2024-10-21,MP-0001,salida,34.1,CONS-103964,BOD-03,OP-05
2024-10-21,MP-0014,salida,27.7,CONS-103971,BOD-02,OP-05
2024-10-21,MP-0128,salida,-89.5,CONS-103978,BOD-02,OP-03
2024-10-21,MP-0047,salida,14.7,CONS-103985,BOD-01,OP-05
2024-10-21,MP-0244,salida,-16.5,CONS-103992,BOD-03,OP-05
2024-10-21,MP-0122,salida,52.1,CONS-103999,BOD-03,OP-05
2024-10-21,MP-0132,salida,86.5,CONS-104006,BOD-03,OP-02
2024-10-21,MP-0131,salida,32.0,CONS-104013,BOD-03,OP-01
2024-10-21,MP-0272,salida,8.5,CONS-104027,BOD-02,OP-06
2024-10-21,MP-0010,salida,22.8,CONS-104034,BOD-02,OP-06
2024-10-21,MP-0002,salida,13.0,CONS-104041,BOD-02,OP-06
2024-10-21,MP-0150,salida,18.1,CONS-104048,BOD-03,OP-01
2024-10-21,MP-0085,salida,40.8,CONS-104055,BOD-03,OP-06
2024-10-21,MP-0202,salida,27.8,CONS-104062,BOD-03,OP-02
2024-10-21,MP-0153,salida,12.8,CONS-104069,BOD-03,OP-02
2024-10-21,MP-0178,salida,6.0,CONS-104076,BOD-01,OP-05
2024-10-21,MP-0229,salida,28.5,CONS-104083,BOD-01,OP-04
2024-10-21,MP-0013,salida,73.8,CONS-104090,BOD-01,OP-02
2024-10-21,MP-0106,salida,48.6,CONS-104104,BOD-02,OP-06
2024-10-21,MP-0051,salida,140.9,CONS-104111,BOD-03,OP-02
2024-10-21,MP-0411,salida,73.2,CONS-104118,BOD-01,OP-02
2024-10-21,MP-0238,salida,68.9,CONS-104125,BOD-01,OP-01
2024-10-21,MP-0004,salida,48.8,CONS-104132,BOD-01,OP-03
2024-10-21,MP-0033,salida,43.1,CONS-104139,BOD-02,OP-04
2024-10-21,MP-0045,salida,27.3,CONS-104146,BOD-02,OP-03
2024-10-21,MP-0386,salida,60.4,CONS-104153,BOD-03,OP-03
2024-10-21,MP-0393,salida,19.4,CONS-104160,BOD-03,OP-05
2024-10-21,MP-0373,salida,157.7,CONS-104167,BOD-03,OP-05
2024-10-21,MP-0015,salida,17.7,CONS-104174,BOD-02,OP-03
2024-10-21,MP-0012,salida,26.8,CONS-104181,BOD-03,OP-02
2024-10-21,MP-0142,salida,27.0,CONS-104188,BOD-01,OP-03
2024-10-21,MP-0102,salida,32.9,CONS-104195,BOD-02,OP-01
2024-10-21,MP-0114,salida,7.8,CONS-104202,BOD-03,OP-03
2024-10-21,MP-0325,salida,21.1,CONS-104209,BOD-03,OP-02
2024-10-21,MP-0193,salida,19.0,CONS-104216,BOD-02,OP-06
2024-10-21,MP-0330,salida,8.8,CONS-104223,BOD-03,OP-03
2024-10-21,MP-0024,salida,172.5,CONS-104230,BOD-02,OP-01
2024-10-21,MP-0117,salida,-43.5,CONS-104237,BOD-03,OP-06
2024-10-21,MP-0357,salida,-47.9,CONS-104251,BOD-02,OP-04
2024-10-21,MP-0162,salida,7.4,CONS-104258,BOD-02,OP-03
2024-10-21,MP-0009,salida,-88.3,CONS-104265,BOD-02,OP-02
2024-10-21,MP-0076,salida,122.1,CONS-104272,BOD-01,OP-02
2024-10-21,MP-0077,salida,128.6,CONS-104279,BOD-03,OP-05
2024-10-21,MP-0273,salida,137.1,CONS-104286,BOD-03,OP-06
2024-10-21,MP-0026,salida,70.2,CONS-104293,BOD-02,OP-05
2024-10-21,MP-0111,salida,108.0,CONS-104300,BOD-03,OP-05
2024-10-21,MP-0071,salida,85.6,CONS-104307,BOD-03,OP-03
2024-10-21,MP-0388,salida,82.5,CONS-104314,BOD-03,OP-02
2024-10-21,MP-0227,salida,49.5,CONS-104321,BOD-02,OP-03
2024-10-21,MP-0088,salida,53.3,CONS-104328,BOD-02,OP-05
2024-10-21,MP-0143,salida,59.6,CONS-104335,BOD-03,OP-02
2024-10-21,MP-0181,salida,50.0,CONS-104342,BOD-01,OP-04
2024-10-21,MP-0385,salida,14.7,CONS-104349,BOD-03,OP-06
2024-10-21,MP-0321,salida,27.0,CONS-104356,BOD-03,OP-03
2024-10-21,MP-0343,salida,60.0,CONS-104363,BOD-02,OP-03
2024-10-21,MP-0036,salida,38.9,CONS-104370,BOD-02,OP-01
2024-10-21,MP-0080,salida,43.0,CONS-104377,BOD-03,OP-04
2024-10-21,MP-0139,salida,79.2,CONS-104384,BOD-01,OP-01
2024-10-21,MP-0356,salida,50.7,CONS-104391,BOD-01,OP-01
2024-10-21,MP-0339,salida,16.9,CONS-104398,BOD-02,OP-04
2024-10-21,MP-0078,salida,86.6,CONS-104405,BOD-03,OP-06
2024-10-21,MP-0059,salida,53.3,CONS-104412,BOD-02,OP-02
2024-10-21,MP-0211,salida,41.8,CONS-104419,BOD-02,OP-05
2024-10-21,MP-0340,salida,41.8,CONS-104426,BOD-01,OP-04
2024-10-21,MP-0390,salida,30.0,CONS-104433,BOD-03,OP-05
2024-10-21,MP-0268,salida,27.4,CONS-104440,BOD-03,OP-05
2024-10-21,MP-0039,salida,2.7,CONS-104447,BOD-01,OP-05
2024-10-21,MP-0032,salida,5.3,CONS-104454,BOD-01,OP-04
2024-10-21,MP-0129,salida,18.0,CONS-104461,BOD-01,OP-01
2024-10-21,MP-0136,salida,15.5,CONS-104468,BOD-01,OP-05
2024-10-21,MP-0217,salida,13.7,CONS-104475,BOD-02,OP-03
2024-10-22,MP-0074,entrada,313,REC-OC-5772,BOD-02,OP-04
2024-10-22,MP-0061,entrada,222,REC-OC-5713,BOD-03,OP-04
2024-10-22,MP-0320,entrada,45,REC-OC-6368,BOD-03,OP-03
2024-10-22,MP-0124,entrada,211,REC-OC-6031,BOD-03,OP-01
2024-10-23,MP-0158,entrada,63,REC-OC-6198,BOD-03,OP-02
2024-10-23,MP-0063,entrada,154,REC-OC-5721,BOD-01,OP-03
2024-10-24,MP-0126,entrada,322,REC-OC-6044,BOD-02,OP-05
2024-10-24,MP-0093,entrada,305,REC-OC-5872,BOD-01,OP-03
2024-10-25,MP-0191,entrada,30,REC-OC-6233,BOD-01,OP-04
2024-10-25,MP-0034,entrada,1137,REC-OC-5500,BOD-03,OP-02
2024-10-25,MP-0019,salida,116.4,CONS-103713,BOD-01,OP-02
2024-10-25,MP-0022,salida,150.1,CONS-103720,BOD-01,OP-02
2024-10-25,MP-0094,salida,85.9,CONS-103727,BOD-02,OP-06
2024-10-25,MP-0074,salida,89.3,CONS-103734,BOD-02,OP-02
2024-10-25,MP-0370,salida,28.9,CONS-103741,BOD-01,OP-05
2024-10-25,MP-0299,salida,111.6,CONS-103748,BOD-01,OP-05
2024-10-25,MP-0309,salida,101.3,CONS-103755,BOD-02,OP-03
2024-10-25,MP-0418,salida,94.0,CONS-103762,BOD-01,OP-05
2024-10-25,MP-0008,salida,115.3,CONS-103769,BOD-01,OP-02
2024-10-25,MP-0005,salida,73.3,CONS-103776,BOD-01,OP-03
2024-10-25,MP-0133,salida,95.5,CONS-103783,BOD-02,OP-06
2024-10-25,MP-0101,salida,83.9,CONS-103790,BOD-03,OP-01
2024-10-25,MP-0149,salida,99.2,CONS-103797,BOD-02,OP-06
2024-10-25,MP-0189,salida,67.9,CONS-103804,BOD-03,OP-04
2024-10-25,MP-0254,salida,98.8,CONS-103811,BOD-03,OP-05
2024-10-25,MP-0161,salida,36.9,CONS-103818,BOD-01,OP-02
2024-10-25,MP-0037,salida,75.2,CONS-103832,BOD-02,OP-01
2024-10-25,MP-0018,salida,12.5,CONS-103839,BOD-02,OP-03
2024-10-25,MP-0137,salida,63.0,CONS-103846,BOD-02,OP-02
2024-10-25,MP-0073,salida,90.8,CONS-103853,BOD-03,OP-05
2024-10-25,MP-0118,salida,81.6,CONS-103860,BOD-01,OP-05
2024-10-25,MP-0199,salida,77.2,CONS-103867,BOD-03,OP-01
2024-10-25,MP-0232,salida,69.1,CONS-103874,BOD-02,OP-06
2024-10-25,MP-0027,salida,7.0,CONS-103881,BOD-01,OP-04
2024-10-25,MP-0116,salida,21.2,CONS-103888,BOD-03,OP-02
2024-10-25,MP-0108,salida,53.9,CONS-103895,BOD-01,OP-04
2024-10-25,MP-0293,salida,37.2,CONS-103902,BOD-01,OP-01
2024-10-25,MP-0239,salida,17.7,CONS-103909,BOD-02,OP-05
2024-10-25,MP-0016,salida,114.0,CONS-103916,BOD-02,OP-05
2024-10-25,MP-0030,salida,14.3,CONS-103923,BOD-02,OP-06
2024-10-25,MP-0120,salida,68.2,CONS-103930,BOD-02,OP-05
2024-10-25,MP-0043,salida,39.4,CONS-103937,BOD-03,OP-04
2024-10-25,MP-0182,salida,-75.0,CONS-103944,BOD-02,OP-01
2024-10-25,MP-0369,salida,79.4,CONS-103951,BOD-01,OP-01
2024-10-25,MP-0157,salida,75.4,CONS-103958,BOD-03,OP-02
2024-10-25,MP-0014,salida,27.7,CONS-103972,BOD-01,OP-06
2024-10-25,MP-0128,salida,89.5,CONS-103979,BOD-01,OP-02
2024-10-25,MP-0047,salida,14.7,CONS-103986,BOD-03,OP-06
2024-10-25,MP-0244,salida,16.5,CONS-103993,BOD-02,OP-04
2024-10-25,MP-0122,salida,52.1,CONS-104000,BOD-02,OP-05
2024-10-25,MP-0132,salida,-86.5,CONS-104007,BOD-03,OP-04
2024-10-25,MP-0131,salida,32.0,CONS-104014,BOD-02,OP-01
2024-10-25,MP-0216,salida,66.9,CONS-104021,BOD-01,OP-02
2024-10-25,MP-0272,salida,8.5,CONS-104028,BOD-01,OP-06
2024-10-25,MP-0010,salida,22.8,CONS-104035,BOD-01,OP-06
2024-10-25,MP-0002,salida,13.0,CONS-104042,BOD-03,OP-05
2024-10-25,MP-0085,salida,40.8,CONS-104056,BOD-02,OP-02
2024-10-25,MP-0202,salida,27.8,CONS-104063,BOD-02,OP-06
2024-10-25,MP-0153,salida,12.8,CONS-104070,BOD-03,OP-04
2024-10-25,MP-0178,salida,6.0,CONS-104077,BOD-01,OP-04
2024-10-25,MP-0229,salida,28.5,CONS-104084,BOD-03,OP-03
2024-10-25,MP-0013,salida,73.8,CONS-104091,BOD-02,OP-06
2024-10-25,MP-0020,salida,76.7,CONS-104098,BOD-01,OP-01
2024-10-25,MP-0106,salida,48.6,CONS-104105,BOD-02,OP-03
2024-10-25,MP-0411,salida,73.2,CONS-104119,BOD-02,OP-05
2024-10-25,MP-0238,salida,68.9,CONS-104126,BOD-03,OP-04
2024-10-25,MP-0004,salida,48.8,CONS-104133,BOD-03,OP-04
2024-10-25,MP-0033,salida,43.1,CONS-104140,BOD-01,OP-06
2024-10-25,MP-0045,salida,27.3,CONS-104147,BOD-03,OP-03
2024-10-25,MP-0386,salida,60.4,CONS-104154,BOD-02,OP-02
2024-10-25,MP-0393,salida,19.4,CONS-104161,BOD-01,OP-01
2024-10-25,MP-0373,salida,157.7,CONS-104168,BOD-02,OP-03
2024-10-25,MP-0015,salida,17.7,CONS-104175,BOD-03,OP-06
2024-10-25,MP-0012,salida,26.8,CONS-104182,BOD-02,OP-03
2024-10-25,MP-0142,salida,27.0,CONS-104189,BOD-03,OP-02
2024-10-25,MP-0102,salida,32.9,CONS-104196,BOD-01,OP-01
2024-10-25,MP-0114,salida,7.8,CONS-104203,BOD-01,OP-03
2024-10-25,MP-0325,salida,21.1,CONS-104210,BOD-03,OP-01
2024-10-25,MP-0193,salida,19.0,CONS-104217,BOD-01,OP-03
2024-10-25,MP-0330,salida,8.8,CONS-104224,BOD-03,OP-02
2024-10-25,MP-0024,salida,172.5,CONS-104231,BOD-03,OP-06
2024-10-25,MP-0117,salida,43.5,CONS-104238,BOD-03,OP-02
2024-10-25,MP-0060,salida,38.9,CONS-104245,BOD-01,OP-03
2024-10-25,MP-0357,salida,47.9,CONS-104252,BOD-02,OP-04
2024-10-25,MP-0162,salida,7.4,CONS-104259,BOD-03,OP-05
2024-10-25,MP-0009,salida,88.3,CONS-104266,BOD-01,OP-01
2024-10-25,MP-0076,salida,122.1,CONS-104273,BOD-01,OP-04
2024-10-25,MP-0077,salida,128.6,CONS-104280,BOD-02,OP-02
2024-10-25,MP-0273,salida,137.1,CONS-104287,BOD-01,OP-06
2024-10-25,MP-0026,salida,70.2,CONS-104294,BOD-01,OP-05
2024-10-25,MP-0111,salida,108.0,CONS-104301,BOD-03,OP-03
2024-10-25,MP-0071,salida,85.6,CONS-104308,BOD-03,OP-04
2024-10-25,MP-0388,salida,82.5,CONS-104315,BOD-01,OP-01
2024-10-25,MP-0227,salida,49.5,CONS-104322,BOD-03,OP-02
2024-10-25,MP-0088,salida,53.3,CONS-104329,BOD-01,OP-04
2024-10-25,MP-0181,salida,50.0,CONS-104343,BOD-01,OP-06
2024-10-25,MP-0385,salida,14.7,CONS-104350,BOD-01,OP-04
2024-10-25,MP-0343,salida,60.0,CONS-104364,BOD-03,OP-04
2024-10-25,MP-0036,salida,38.9,CONS-104371,BOD-01,OP-05
2024-10-25,MP-0080,salida,43.0,CONS-104378,BOD-01,OP-02
2024-10-25,MP-0139,salida,79.2,CONS-104385,BOD-01,OP-04
2024-10-25,MP-0356,salida,50.7,CONS-104392,BOD-02,OP-04
2024-10-25,MP-0339,salida,16.9,CONS-104399,BOD-02,OP-06
2024-10-25,MP-0078,salida,86.6,CONS-104406,BOD-01,OP-05
2024-10-25,MP-0059,salida,53.3,CONS-104413,BOD-02,OP-05
2024-10-25,MP-0211,salida,-41.8,CONS-104420,BOD-03,OP-02
2024-10-25,MP-0340,salida,41.8,CONS-104427,BOD-02,OP-05
2024-10-25,MP-0390,salida,30.0,CONS-104434,BOD-01,OP-05
2024-10-25,MP-0039,salida,-2.7,CONS-104448,BOD-03,OP-01
2024-10-25,MP-0032,salida,5.3,CONS-104455,BOD-01,OP-06
2024-10-25,MP-0129,salida,18.0,CONS-104462,BOD-02,OP-06
2024-10-25,MP-0136,salida,15.5,CONS-104469,BOD-02,OP-05
2024-10-25,MP-0217,salida,13.7,CONS-104476,BOD-02,OP-06
2024-10-25,MP-0344,salida,22.7,CONS-104483,BOD-02,OP-03
2024-10-27,MP-0077,entrada,545,REC-OC-5782,BOD-02,OP-02
2024-10-28,MP-0023,entrada,1938,REC-OC-5323,BOD-02,OP-02
2024-10-28,MP-0135,entrada,278,REC-OC-6101,BOD-03,OP-05
2024-10-29,MP-0033,entrada,2131,REC-OC-5493,BOD-02,OP-02
2024-10-29,MP-0184,entrada,78,REC-OC-6226,BOD-01,OP-03
2024-10-29,MP-0023,entrada,1427,REC-OC-5326,BOD-03,OP-01
2024-10-30,MP-0149,entrada,206,REC-OC-6186,BOD-01,OP-01
2024-10-30,MP-0023,entrada,1674,REC-OC-5324,BOD-02,OP-02
2024-10-30,MP-0009,entrada,1233,REC-OC-5097,BOD-01,OP-03
2024-10-31,MP-0035,entrada,1845,REC-OC-5525,BOD-02,OP-03
2024-10-31,MP-0014,entrada,1064,REC-OC-5188,BOD-03,OP-04
2024-10-31,MP-0093,entrada,363,REC-OC-5874,BOD-01,OP-02
2024-10-31,MP-0062,entrada,337,REC-OC-5717,BOD-02,OP-04
2024-10-31,MP-0353,entrada,107,REC-OC-6402,BOD-02,OP-04
2024-11-01,MP-0033,entrada,1776,REC-OC-5486,BOD-01,OP-03
2024-11-01,MP-0141,entrada,317,REC-OC-6135,BOD-03,OP-06
2024-11-01,MP-0315,entrada,69,REC-OC-6361,BOD-03,OP-06
2024-11-01,MP-0019,salida,65.1,CONS-104484,BOD-01,OP-04
2024-11-01,MP-0022,salida,107.9,CONS-104491,BOD-03,OP-02
2024-11-01,MP-0094,salida,38.7,CONS-104498,BOD-01,OP-05
2024-11-01,MP-0074,salida,40.2,CONS-104505,BOD-03,OP-03
2024-11-01,MP-0370,salida,13.0,CONS-104512,BOD-02,OP-04
2024-11-01,MP-0299,salida,50.3,CONS-104519,BOD-03,OP-05
2024-11-01,MP-0309,salida,45.6,CONS-104526,BOD-02,OP-04
2024-11-01,MP-0418,salida,42.4,CONS-104533,BOD-03,OP-04
2024-11-01,MP-0008,salida,162.8,CONS-104540,BOD-01,OP-06
2024-11-01,MP-0005,salida,117.9,CONS-104547,BOD-01,OP-04
2024-11-01,MP-0133,salida,134.1,CONS-104554,BOD-03,OP-02
2024-11-01,MP-0101,salida,117.9,CONS-104561,BOD-03,OP-02
2024-11-01,MP-0149,salida,112.6,CONS-104568,BOD-03,OP-02
2024-11-01,MP-0189,salida,95.4,CONS-104575,BOD-02,OP-04
2024-11-01,MP-0254,salida,138.8,CONS-104582,BOD-03,OP-01
2024-11-01,MP-0161,salida,51.8,CONS-104589,BOD-02,OP-06
2024-11-01,MP-0037,salida,44.2,CONS-104603,BOD-01,OP-04
2024-11-01,MP-0018,salida,7.4,CONS-104610,BOD-03,OP-01
2024-11-01,MP-0137,salida,37.1,CONS-104617,BOD-03,OP-05
2024-11-01,MP-0073,salida,53.4,CONS-104624,BOD-02,OP-05
2024-11-01,MP-0118,salida,48.0,CONS-104631,BOD-01,OP-01
2024-11-01,MP-0199,salida,45.4,CONS-104638,BOD-03,OP-05
2024-11-01,MP-0232,salida,40.6,CONS-104645,BOD-02,OP-05
2024-11-01,MP-0027,salida,5.6,CONS-104652,BOD-02,OP-04
2024-11-01,MP-0108,salida,65.5,CONS-104666,BOD-02,OP-05
2024-11-01,MP-0239,salida,14.1,CONS-104680,BOD-02,OP-06
2024-11-01,MP-0016,salida,111.9,CONS-104687,BOD-03,OP-03
2024-11-01,MP-0030,salida,13.1,CONS-104694,BOD-02,OP-02
2024-11-01,MP-0120,salida,62.6,CONS-104701,BOD-01,OP-04
2024-11-01,MP-0182,salida,118.5,CONS-104715,BOD-03,OP-06
2024-11-01,MP-0369,salida,72.9,CONS-104722,BOD-02,OP-02
2024-11-01,MP-0157,salida,-134.7,CONS-104729,BOD-01,OP-02
2024-11-01,MP-0001,salida,109.9,CONS-104736,BOD-03,OP-03
2024-11-01,MP-0014,salida,89.3,CONS-104743,BOD-01,OP-06
2024-11-01,MP-0128,salida,84.6,CONS-104750,BOD-03,OP-03
2024-11-01,MP-0047,salida,47.2,CONS-104757,BOD-02,OP-03
2024-11-01,MP-0244,salida,53.3,CONS-104764,BOD-03,OP-01
2024-11-01,MP-0122,salida,56.8,CONS-104771,BOD-01,OP-06
2024-11-01,MP-0132,salida,94.2,CONS-104778,BOD-02,OP-02
2024-11-01,MP-0216,salida,72.9,CONS-104792,BOD-01,OP-05
2024-11-01,MP-0272,salida,-9.2,CONS-104799,BOD-02,OP-01
2024-11-01,MP-0010,salida,78.5,CONS-104806,BOD-01,OP-01
2024-11-01,MP-0002,salida,44.6,CONS-104813,BOD-02,OP-05
2024-11-01,MP-0150,salida,62.4,CONS-104820,BOD-02,OP-05
2024-11-01,MP-0085,salida,95.0,CONS-104827,BOD-03,OP-01
2024-11-01,MP-0202,salida,95.7,CONS-104834,BOD-01,OP-01
2024-11-01,MP-0153,salida,44.0,CONS-104841,BOD-01,OP-01
2024-11-01,MP-0178,salida,20.8,CONS-104848,BOD-03,OP-02
2024-11-01,MP-0229,salida,98.0,CONS-104855,BOD-02,OP-03
2024-11-01,MP-0013,salida,73.1,CONS-104862,BOD-03,OP-05
2024-11-01,MP-0106,salida,48.1,CONS-104876,BOD-03,OP-05
2024-11-01,MP-0051,salida,97.3,CONS-104883,BOD-03,OP-06
2024-11-01,MP-0411,salida,72.5,CONS-104890,BOD-01,OP-04
2024-11-01,MP-0238,salida,68.3,CONS-104897,BOD-03,OP-04
2024-11-01,MP-0004,salida,13.7,CONS-104904,BOD-02,OP-05
2024-11-01,MP-0045,salida,7.6,CONS-104918,BOD-03,OP-06
2024-11-01,MP-0386,salida,16.9,CONS-104925,BOD-03,OP-01
2024-11-01,MP-0393,salida,5.4,CONS-104932,BOD-03,OP-01
2024-11-01,MP-0373,salida,45.7,CONS-104939,BOD-02,OP-06
2024-11-01,MP-0015,salida,50.1,CONS-104946,BOD-02,OP-03
2024-11-01,MP-0012,salida,76.0,CONS-104953,BOD-03,OP-01
2024-11-01,MP-0142,salida,76.4,CONS-104960,BOD-02,OP-01
2024-11-01,MP-0102,salida,93.1,CONS-104967,BOD-01,OP-02
2024-11-01,MP-0114,salida,22.2,CONS-104974,BOD-02,OP-06
2024-11-01,MP-0325,salida,59.9,CONS-104981,BOD-01,OP-06
2024-11-01,MP-0193,salida,53.9,CONS-104988,BOD-01,OP-01
2024-11-01,MP-0024,salida,90.0,CONS-105002,BOD-01,OP-01
2024-11-01,MP-0117,salida,53.3,CONS-105009,BOD-01,OP-04
2024-11-01,MP-0060,salida,47.7,CONS-105016,BOD-01,OP-05
2024-11-01,MP-0357,salida,58.6,CONS-105023,BOD-03,OP-03
2024-11-01,MP-0162,salida,9.0,CONS-105030,BOD-01,OP-02
2024-11-01,MP-0009,salida,26.5,CONS-105037,BOD-02,OP-03
2024-11-01,MP-0076,salida,36.6,CONS-105044,BOD-02,OP-02
2024-11-01,MP-0077,salida,38.6,CONS-105051,BOD-02,OP-02
2024-11-01,MP-0273,salida,41.1,CONS-105058,BOD-01,OP-06
2024-11-01,MP-0026,salida,42.4,CONS-105065,BOD-03,OP-02
2024-11-01,MP-0111,salida,65.2,CONS-105072,BOD-02,OP-06
2024-11-01,MP-0071,salida,51.7,CONS-105079,BOD-01,OP-02
2024-11-01,MP-0388,salida,49.8,CONS-105086,BOD-03,OP-02
2024-11-01,MP-0227,salida,29.9,CONS-105093,BOD-02,OP-04
2024-11-01,MP-0088,salida,107.5,CONS-105100,BOD-03,OP-05
2024-11-01,MP-0143,salida,120.2,CONS-105107,BOD-03,OP-01
2024-11-01,MP-0181,salida,101.0,CONS-105114,BOD-03,OP-06
2024-11-01,MP-0385,salida,29.6,CONS-105121,BOD-02,OP-02
2024-11-01,MP-0321,salida,-54.5,CONS-105128,BOD-01,OP-03
2024-11-01,MP-0343,salida,121.0,CONS-105135,BOD-03,OP-01
2024-11-01,MP-0036,salida,35.8,CONS-105142,BOD-01,OP-03
2024-11-01,MP-0080,salida,-39.6,CONS-105149,BOD-01,OP-06
2024-11-01,MP-0139,salida,73.0,CONS-105156,BOD-02,OP-02
2024-11-01,MP-0356,salida,46.7,CONS-105163,BOD-03,OP-06
2024-11-01,MP-0339,salida,15.6,CONS-105170,BOD-02,OP-05
2024-11-01,MP-0078,salida,116.5,CONS-105177,BOD-01,OP-06
2024-11-01,MP-0059,salida,71.8,CONS-105184,BOD-02,OP-04
2024-11-01,MP-0211,salida,56.2,CONS-105191,BOD-02,OP-02
2024-11-01,MP-0340,salida,56.2,CONS-105198,BOD-01,OP-03
2024-11-01,MP-0390,salida,40.3,CONS-105205,BOD-01,OP-05
2024-11-01,MP-0268,salida,36.9,CONS-105212,BOD-01,OP-06
2024-11-01,MP-0039,salida,12.9,CONS-105219,BOD-01,OP-01
2024-11-01,MP-0032,salida,-25.2,CONS-105226,BOD-01,OP-02
2024-11-01,MP-0129,salida,85.5,CONS-105233,BOD-03,OP-02
2024-11-01,MP-0136,salida,73.6,CONS-105240,BOD-03,OP-03
2024-11-01,MP-0217,salida,64.9,CONS-105247,BOD-01,OP-05
2024-11-01,MP-0344,salida,107.6,CONS-105254,BOD-02,OP-03
2024-11-02,MP-0281,entrada,20,REC-OC-6325,BOD-01,OP-03
2024-11-03,MP-0088,entrada,439,REC-OC-5840,BOD-03,OP-06
2024-11-04,MP-0076,entrada,118,REC-OC-5779,BOD-03,OP-02
2024-11-05,MP-0019,salida,65.1,CONS-104485,BOD-02,OP-04
2024-11-05,MP-0022,salida,107.9,CONS-104492,BOD-01,OP-05
2024-11-05,MP-0094,salida,38.7,CONS-104499,BOD-02,OP-04
2024-11-05,MP-0074,salida,40.2,CONS-104506,BOD-02,OP-01
2024-11-05,MP-0370,salida,13.0,CONS-104513,BOD-02,OP-03
2024-11-05,MP-0299,salida,50.3,CONS-104520,BOD-02,OP-03
2024-11-05,MP-0418,salida,42.4,CONS-104534,BOD-02,OP-01
2024-11-05,MP-0008,salida,162.8,CONS-104541,BOD-01,OP-04
2024-11-05,MP-0005,salida,117.9,CONS-104548,BOD-03,OP-02
2024-11-05,MP-0133,salida,134.1,CONS-104555,BOD-03,OP-06
2024-11-05,MP-0101,salida,117.9,CONS-104562,BOD-03,OP-03
2024-11-05,MP-0149,salida,112.6,CONS-104569,BOD-02,OP-03
2024-11-05,MP-0189,salida,95.4,CONS-104576,BOD-03,OP-05
2024-11-05,MP-0254,salida,138.8,CONS-104583,BOD-03,OP-04
2024-11-05,MP-0161,salida,51.8,CONS-104590,BOD-03,OP-05
2024-11-05,MP-0197,salida,125.5,CONS-104597,BOD-03,OP-03
2024-11-05,MP-0037,salida,-44.2,CONS-104604,BOD-03,OP-06
2024-11-05,MP-0018,salida,7.4,CONS-104611,BOD-03,OP-03
2024-11-05,MP-0137,salida,37.1,CONS-104618,BOD-03,OP-03
2024-11-05,MP-0073,salida,53.4,CONS-104625,BOD-02,OP-01
2024-11-05,MP-0118,salida,48.0,CONS-104632,BOD-03,OP-04
2024-11-05,MP-0199,salida,45.4,CONS-104639,BOD-03,OP-03
2024-11-05,MP-0232,salida,40.6,CONS-104646,BOD-01,OP-04
2024-11-05,MP-0027,salida,-5.6,CONS-104653,BOD-02,OP-06
2024-11-05,MP-0116,salida,16.9,CONS-104660,BOD-01,OP-05
2024-11-05,MP-0108,salida,65.5,CONS-104667,BOD-02,OP-03
2024-11-05,MP-0293,salida,-29.6,CONS-104674,BOD-03,OP-03
2024-11-05,MP-0239,salida,14.1,CONS-104681,BOD-02,OP-05
2024-11-05,MP-0016,salida,111.9,CONS-104688,BOD-01,OP-04
2024-11-05,MP-0030,salida,13.1,CONS-104695,BOD-01,OP-06
2024-11-05,MP-0120,salida,-62.6,CONS-104702,BOD-01,OP-02
2024-11-05,MP-0043,salida,36.2,CONS-104709,BOD-01,OP-01
2024-11-05,MP-0182,salida,118.5,CONS-104716,BOD-03,OP-05
2024-11-05,MP-0369,salida,72.9,CONS-104723,BOD-02,OP-05
2024-11-05,MP-0157,salida,134.7,CONS-104730,BOD-01,OP-04
2024-11-05,MP-0001,salida,109.9,CONS-104737,BOD-02,OP-05
2024-11-05,MP-0128,salida,84.6,CONS-104751,BOD-01,OP-04
2024-11-05,MP-0047,salida,47.2,CONS-104758,BOD-03,OP-01
2024-11-05,MP-0244,salida,53.3,CONS-104765,BOD-03,OP-04
2024-11-05,MP-0122,salida,56.8,CONS-104772,BOD-03,OP-03
2024-11-05,MP-0132,salida,94.2,CONS-104779,BOD-02,OP-03
2024-11-05,MP-0131,salida,34.9,CONS-104786,BOD-03,OP-03
2024-11-05,MP-0216,salida,72.9,CONS-104793,BOD-03,OP-06
2024-11-05,MP-0272,salida,9.2,CONS-104800,BOD-02,OP-04
2024-11-05,MP-0010,salida,78.5,CONS-104807,BOD-02,OP-04
2024-11-05,MP-0002,salida,44.6,CONS-104814,BOD-03,OP-05
2024-11-05,MP-0150,salida,62.4,CONS-104821,BOD-02,OP-06
2024-11-05,MP-0085,salida,95.0,CONS-104828,BOD-02,OP-02
2024-11-05,MP-0202,salida,95.7,CONS-104835,BOD-01,OP-03
2024-11-05,MP-0153,salida,44.0,CONS-104842,BOD-01,OP-03
2024-11-05,MP-0178,salida,20.8,CONS-104849,BOD-02,OP-03
2024-11-05,MP-0229,salida,98.0,CONS-104856,BOD-02,OP-05
2024-11-05,MP-0013,salida,73.1,CONS-104863,BOD-02,OP-01
2024-11-05,MP-0020,salida,84.2,CONS-104870,BOD-03,OP-06
2024-11-05,MP-0051,salida,97.3,CONS-104884,BOD-03,OP-03
2024-11-05,MP-0411,salida,72.5,CONS-104891,BOD-01,OP-05
2024-11-05,MP-0238,salida,68.3,CONS-104898,BOD-01,OP-04
2024-11-05,MP-0004,salida,13.7,CONS-104905,BOD-02,OP-06
2024-11-05,MP-0033,salida,12.1,CONS-104912,BOD-03,OP-04
2024-11-05,MP-0045,salida,7.6,CONS-104919,BOD-03,OP-06
2024-11-05,MP-0386,salida,16.9,CONS-104926,BOD-01,OP-04
2024-11-05,MP-0373,salida,45.7,CONS-104940,BOD-02,OP-01
2024-11-05,MP-0015,salida,50.1,CONS-104947,BOD-02,OP-01
2024-11-05,MP-0012,salida,76.0,CONS-104954,BOD-02,OP-05
2024-11-05,MP-0142,salida,76.4,CONS-104961,BOD-03,OP-06
2024-11-05,MP-0102,salida,93.1,CONS-104968,BOD-03,OP-03
2024-11-05,MP-0114,salida,22.2,CONS-104975,BOD-03,OP-02
2024-11-05,MP-0325,salida,59.9,CONS-104982,BOD-03,OP-02
2024-11-05,MP-0193,salida,53.9,CONS-104989,BOD-03,OP-04
2024-11-05,MP-0330,salida,24.9,CONS-104996,BOD-01,OP-01
2024-11-05,MP-0024,salida,90.0,CONS-105003,BOD-01,OP-04
2024-11-05,MP-0117,salida,53.3,CONS-105010,BOD-03,OP-04
2024-11-05,MP-0060,salida,47.7,CONS-105017,BOD-02,OP-01
2024-11-05,MP-0357,salida,58.6,CONS-105024,BOD-01,OP-03
2024-11-05,MP-0162,salida,9.0,CONS-105031,BOD-03,OP-06
2024-11-05,MP-0009,salida,26.5,CONS-105038,BOD-03,OP-06
2024-11-05,MP-0076,salida,36.6,CONS-105045,BOD-01,OP-04
2024-11-05,MP-0077,salida,38.6,CONS-105052,BOD-03,OP-05
2024-11-05,MP-0273,salida,41.1,CONS-105059,BOD-02,OP-03
2024-11-05,MP-0026,salida,42.4,CONS-105066,BOD-03,OP-04
2024-11-05,MP-0111,salida,65.2,CONS-105073,BOD-01,OP-03
2024-11-05,MP-0071,salida,51.7,CONS-105080,BOD-02,OP-05
2024-11-05,MP-0388,salida,49.8,CONS-105087,BOD-02,OP-06
2024-11-05,MP-0227,salida,29.9,CONS-105094,BOD-03,OP-01
2024-11-05,MP-0088,salida,107.5,CONS-105101,BOD-03,OP-03
2024-11-05,MP-0143,salida,120.2,CONS-105108,BOD-02,OP-02
2024-11-05,MP-0181,salida,101.0,CONS-105115,BOD-02,OP-03
2024-11-05,MP-0385,salida,29.6,CONS-105122,BOD-02,OP-05
2024-11-05,MP-0321,salida,54.5,CONS-105129,BOD-01,OP-04
2024-11-05,MP-0343,salida,121.0,CONS-105136,BOD-03,OP-05
2024-11-05,MP-0036,salida,35.8,CONS-105143,BOD-03,OP-03
2024-11-05,MP-0080,salida,39.6,CONS-105150,BOD-01,OP-03
2024-11-05,MP-0139,salida,73.0,CONS-105157,BOD-02,OP-01
2024-11-05,MP-0356,salida,46.7,CONS-105164,BOD-03,OP-04
2024-11-05,MP-0339,salida,15.6,CONS-105171,BOD-01,OP-05
2024-11-05,MP-0078,salida,116.5,CONS-105178,BOD-02,OP-06
2024-11-05,MP-0059,salida,71.8,CONS-105185,BOD-03,OP-03
2024-11-05,MP-0211,salida,56.2,CONS-105192,BOD-03,OP-06
2024-11-05,MP-0340,salida,56.2,CONS-105199,BOD-02,OP-01
2024-11-05,MP-0390,salida,-40.3,CONS-105206,BOD-01,OP-03
2024-11-05,MP-0268,salida,36.9,CONS-105213,BOD-03,OP-04
2024-11-05,MP-0039,salida,12.9,CONS-105220,BOD-02,OP-04
2024-11-05,MP-0032,salida,25.2,CONS-105227,BOD-01,OP-05
2024-11-05,MP-0136,salida,73.6,CONS-105241,BOD-02,OP-03
2024-11-05,MP-0217,salida,64.9,CONS-105248,BOD-01,OP-01
2024-11-05,MP-0344,salida,107.6,CONS-105255,BOD-02,OP-01
2024-11-06,MP-0095,entrada,313,REC-OC-5885,BOD-02,OP-06
2024-11-08,MP-0024,entrada,1291,REC-OC-5338,BOD-02,OP-02
2024-11-09,MP-0298,entrada,60,REC-OC-6343,BOD-01,OP-03
2024-11-09,MP-0012,entrada,809,REC-OC-5150,BOD-03,OP-03
2024-11-09,MP-0019,salida,65.1,CONS-104486,BOD-01,OP-01
2024-11-09,MP-0022,salida,107.9,CONS-104493,BOD-02,OP-01
2024-11-09,MP-0094,salida,38.7,CONS-104500,BOD-01,OP-01
2024-11-09,MP-0074,salida,40.2,CONS-104507,BOD-02,OP-04
2024-11-09,MP-0370,salida,13.0,CONS-104514,BOD-02,OP-04
2024-11-09,MP-0299,salida,50.3,CONS-104521,BOD-02,OP-01
2024-11-09,MP-0309,salida,-45.6,CONS-104528,BOD-03,OP-01
2024-11-09,MP-0418,salida,42.4,CONS-104535,BOD-01,OP-02
2024-11-09,MP-0008,salida,162.8,CONS-104542,BOD-01,OP-04
2024-11-09,MP-0005,salida,117.9,CONS-104549,BOD-02,OP-02
2024-11-09,MP-0133,salida,134.1,CONS-104556,BOD-01,OP-01
2024-11-09,MP-0101,salida,117.9,CONS-104563,BOD-03,OP-05
2024-11-09,MP-0149,salida,112.6,CONS-104570,BOD-02,OP-05
2024-11-09,MP-0189,salida,95.4,CONS-104577,BOD-01,OP-03
2024-11-09,MP-0254,salida,138.8,CONS-104584,BOD-02,OP-05
2024-11-09,MP-0161,salida,51.8,CONS-104591,BOD-02,OP-03
2024-11-09,MP-0197,salida,125.5,CONS-104598,BOD-01,OP-04
2024-11-09,MP-0037,salida,44.2,CONS-104605,BOD-03,OP-02
2024-11-09,MP-0018,salida,7.4,CONS-104612,BOD-01,OP-02
2024-11-09,MP-0137,salida,37.1,CONS-104619,BOD-01,OP-06
2024-11-09,MP-0073,salida,53.4,CONS-104626,BOD-03,OP-05
2024-11-09,MP-0118,salida,48.0,CONS-104633,BOD-01,OP-02
2024-11-09,MP-0199,salida,45.4,CONS-104640,BOD-03,OP-02
2024-11-09,MP-0232,salida,40.6,CONS-104647,BOD-02,OP-03
2024-11-09,MP-0027,salida,5.6,CONS-104654,BOD-02,OP-01
2024-11-09,MP-0116,salida,16.9,CONS-104661,BOD-02,OP-01
2024-11-09,MP-0108,salida,65.5,CONS-104668,BOD-02,OP-06
2024-11-09,MP-0293,salida,29.6,CONS-104675,BOD-02,OP-05
2024-11-09,MP-0239,salida,14.1,CONS-104682,BOD-03,OP-01
2024-11-09,MP-0016,salida,111.9,CONS-104689,BOD-03,OP-01
2024-11-09,MP-0030,salida,13.1,CONS-104696,BOD-03,OP-01
2024-11-09,MP-0120,salida,62.6,CONS-104703,BOD-03,OP-01
2024-11-09,MP-0043,salida,36.2,CONS-104710,BOD-03,OP-01
2024-11-09,MP-0182,salida,118.5,CONS-104717,BOD-03,OP-04
2024-11-09,MP-0157,salida,134.7,CONS-104731,BOD-03,OP-04
2024-11-09,MP-0001,salida,-109.9,CONS-104738,BOD-02,OP-06
2024-11-09,MP-0014,salida,89.3,CONS-104745,BOD-01,OP-05
2024-11-09,MP-0128,salida,84.6,CONS-104752,BOD-02,OP-01
2024-11-09,MP-0047,salida,47.2,CONS-104759,BOD-03,OP-02
2024-11-09,MP-0244,salida,53.3,CONS-104766,BOD-03,OP-03
2024-11-09,MP-0122,salida,56.8,CONS-104773,BOD-03,OP-04
2024-11-09,MP-0132,salida,94.2,CONS-104780,BOD-01,OP-04
2024-11-09,MP-0131,salida,-34.9,CONS-104787,BOD-02,OP-02
2024-11-09,MP-0216,salida,72.9,CONS-104794,BOD-02,OP-01
2024-11-09,MP-0272,salida,9.2,CONS-104801,BOD-01,OP-06
2024-11-09,MP-0010,salida,78.5,CONS-104808,BOD-03,OP-03
2024-11-09,MP-0002,salida,44.6,CONS-104815,BOD-01,OP-03
2024-11-09,MP-0150,salida,62.4,CONS-104822,BOD-02,OP-04
2024-11-09,MP-0085,salida,95.0,CONS-104829,BOD-02,OP-03
2024-11-09,MP-0202,salida,95.7,CONS-104836,BOD-02,OP-02
2024-11-09,MP-0153,salida,44.0,CONS-104843,BOD-03,OP-05
2024-11-09,MP-0178,salida,20.8,CONS-104850,BOD-03,OP-02
2024-11-09,MP-0229,salida,98.0,CONS-104857,BOD-01,OP-03
2024-11-09,MP-0013,salida,73.1,CONS-104864,BOD-02,OP-05
2024-11-09,MP-0020,salida,84.2,CONS-104871,BOD-03,OP-02
2024-11-09,MP-0051,salida,97.3,CONS-104885,BOD-01,OP-01
2024-11-09,MP-0411,salida,72.5,CONS-104892,BOD-02,OP-04
2024-11-09,MP-0238,salida,68.3,CONS-104899,BOD-03,OP-05
2024-11-09,MP-0004,salida,13.7,CONS-104906,BOD-03,OP-04
2024-11-09,MP-0033,salida,12.1,CONS-104913,BOD-03,OP-02
2024-11-09,MP-0386,salida,16.9,CONS-104927,BOD-01,OP-04
2024-11-09,MP-0393,salida,5.4,CONS-104934,BOD-02,OP-03
2024-11-09,MP-0373,salida,45.7,CONS-104941,BOD-03,OP-01
2024-11-09,MP-0015,salida,50.1,CONS-104948,BOD-02,OP-01
2024-11-09,MP-0012,salida,76.0,CONS-104955,BOD-03,OP-05
2024-11-09,MP-0142,salida,76.4,CONS-104962,BOD-01,OP-01
2024-11-09,MP-0102,salida,93.1,CONS-104969,BOD-03,OP-04
2024-11-09,MP-0114,salida,22.2,CONS-104976,BOD-01,OP-03
2024-11-09,MP-0325,salida,59.9,CONS-104983,BOD-02,OP-04
2024-11-09,MP-0193,salida,53.9,CONS-104990,BOD-03,OP-05
2024-11-09,MP-0024,salida,90.0,CONS-105004,BOD-03,OP-06
2024-11-09,MP-0117,salida,53.3,CONS-105011,BOD-01,OP-03
2024-11-09,MP-0060,salida,47.7,CONS-105018,BOD-01,OP-03
2024-11-09,MP-0357,salida,58.6,CONS-105025,BOD-01,OP-02
2024-11-09,MP-0162,salida,9.0,CONS-105032,BOD-01,OP-01
2024-11-09,MP-0009,salida,26.5,CONS-105039,BOD-01,OP-06
2024-11-09,MP-0076,salida,36.6,CONS-105046,BOD-02,OP-04
2024-11-09,MP-0077,salida,38.6,CONS-105053,BOD-03,OP-01
2024-11-09,MP-0273,salida,41.1,CONS-105060,BOD-03,OP-06
2024-11-09,MP-0026,salida,42.4,CONS-105067,BOD-03,OP-01
2024-11-09,MP-0111,salida,65.2,CONS-105074,BOD-03,OP-01
2024-11-09,MP-0071,salida,51.7,CONS-105081,BOD-01,OP-06
2024-11-09,MP-0227,salida,29.9,CONS-105095,BOD-02,OP-03
2024-11-09,MP-0088,salida,107.5,CONS-105102,BOD-03,OP-05
2024-11-09,MP-0143,salida,120.2,CONS-105109,BOD-03,OP-01
2024-11-09,MP-0181,salida,101.0,CONS-105116,BOD-01,OP-04
2024-11-09,MP-0385,salida,29.6,CONS-105123,BOD-02,OP-03
2024-11-09,MP-0321,salida,54.5,CONS-105130,BOD-01,OP-03
2024-11-09,MP-0343,salida,121.0,CONS-105137,BOD-03,OP-06
2024-11-09,MP-0036,salida,35.8,CONS-105144,BOD-01,OP-04
2024-11-09,MP-0080,salida,39.6,CONS-105151,BOD-01,OP-04
2024-11-09,MP-0356,salida,46.7,CONS-105165,BOD-01,OP-05
2024-11-09,MP-0339,salida,15.6,CONS-105172,BOD-02,OP-04
2024-11-09,MP-0078,salida,116.5,CONS-105179,BOD-02,OP-05
2024-11-09,MP-0059,salida,71.8,CONS-105186,BOD-01,OP-02
2024-11-09,MP-0211,salida,56.2,CONS-105193,BOD-02,OP-04
2024-11-09,MP-0390,salida,40.3,CONS-105207,BOD-02,OP-04
2024-11-09,MP-0268,salida,36.9,CONS-105214,BOD-01,OP-06
2024-11-09,MP-0039,salida,12.9,CONS-105221,BOD-03,OP-05
2024-11-09,MP-0032,salida,25.2,CONS-105228,BOD-02,OP-05
2024-11-09,MP-0129,salida,85.5,CONS-105235,BOD-02,OP-04
2024-11-09,MP-0136,salida,-73.6,CONS-105242,BOD-01,OP-05
2024-11-09,MP-0217,salida,64.9,CONS-105249,BOD-03,OP-03
2024-11-09,MP-0344,salida,107.6,CONS-105256,BOD-03,OP-03
2024-11-10,MP-0030,entrada,1829,REC-OC-5421,BOD-03,OP-03
2024-11-10,MP-0010,entrada,1418,REC-OC-5125,BOD-01,OP-03
2024-11-10,MP-0045,entrada,421,REC-OC-5623,BOD-02,OP-06
2024-11-10,MP-0038,entrada,686,REC-OC-5554,BOD-02,OP-05
2024-11-10,MP-0323,entrada,20,REC-OC-6371,BOD-02,OP-05
2024-11-11,MP-0033,entrada,2201,REC-OC-5497,BOD-01,OP-04
2024-11-11,MP-0011,entrada,1129,REC-OC-5141,BOD-01,OP-04
2024-11-12,MP-0322,entrada,27,REC-OC-6370,BOD-03,OP-04
2024-11-13,MP-0050,entrada,313,REC-OC-5646,BOD-02,OP-04
2024-11-13,MP-0014,entrada,748,REC-OC-5180,BOD-01,OP-05
2024-11-13,MP-0019,salida,65.1,CONS-104487,BOD-01,OP-02
2024-11-13,MP-0022,salida,107.9,CONS-104494,BOD-01,OP-01
2024-11-13,MP-0094,salida,38.7,CONS-104501,BOD-01,OP-06
2024-11-13,MP-0074,salida,40.2,CONS-104508,BOD-03,OP-06
2024-11-13,MP-0370,salida,13.0,CONS-104515,BOD-03,OP-04
2024-11-13,MP-0299,salida,50.3,CONS-104522,BOD-03,OP-05
2024-11-13,MP-0418,salida,42.4,CONS-104536,BOD-03,OP-01
2024-11-13,MP-0008,salida,162.8,CONS-104543,BOD-01,OP-03
2024-11-13,MP-0005,salida,117.9,CONS-104550,BOD-01,OP-05
2024-11-13,MP-0133,salida,134.1,CONS-104557,BOD-01,OP-04
2024-11-13,MP-0101,salida,117.9,CONS-104564,BOD-02,OP-06
2024-11-13,MP-0149,salida,112.6,CONS-104571,BOD-02,OP-05
2024-11-13,MP-0189,salida,95.4,CONS-104578,BOD-02,OP-01
2024-11-13,MP-0254,salida,138.8,CONS-104585,BOD-03,OP-06
2024-11-13,MP-0161,salida,51.8,CONS-104592,BOD-03,OP-02
2024-11-13,MP-0197,salida,125.5,CONS-104599,BOD-02,OP-05
2024-11-13,MP-0037,salida,44.2,CONS-104606,BOD-01,OP-03
2024-11-13,MP-0018,salida,7.4,CONS-104613,BOD-02,OP-03
2024-11-13,MP-0137,salida,37.1,CONS-104620,BOD-01,OP-02
2024-11-13,MP-0073,salida,-53.4,CONS-104627,BOD-02,OP-03
2024-11-13,MP-0118,salida,48.0,CONS-104634,BOD-01,OP-05
2024-11-13,MP-0199,salida,45.4,CONS-104641,BOD-02,OP-06
2024-11-13,MP-0116,salida,-16.9,CONS-104662,BOD-01,OP-02
2024-11-13,MP-0108,salida,65.5,CONS-104669,BOD-03,OP-03
2024-11-13,MP-0293,salida,29.6,CONS-104676,BOD-01,OP-01
2024-11-13,MP-0239,salida,14.1,CONS-104683,BOD-03,OP-06
2024-11-13,MP-0016,salida,111.9,CONS-104690,BOD-01,OP-02
2024-11-13,MP-0030,salida,13.1,CONS-104697,BOD-02,OP-02
2024-11-13,MP-0120,salida,62.6,CONS-104704,BOD-01,OP-01
2024-11-13,MP-0043,salida,36.2,CONS-104711,BOD-01,OP-05
2024-11-13,MP-0182,salida,118.5,CONS-104718,BOD-02,OP-04
2024-11-13,MP-0369,salida,72.9,CONS-104725,BOD-02,OP-02
2024-11-13,MP-0157,salida,134.7,CONS-104732,BOD-03,OP-06
2024-11-13,MP-0001,salida,109.9,CONS-104739,BOD-03,OP-04
2024-11-13,MP-0014,salida,89.3,CONS-104746,BOD-01,OP-03
2024-11-13,MP-0128,salida,84.6,CONS-104753,BOD-01,OP-02
2024-11-13,MP-0047,salida,47.2,CONS-104760,BOD-02,OP-06
2024-11-13,MP-0244,salida,53.3,CONS-104767,BOD-02,OP-02
2024-11-13,MP-0132,salida,-94.2,CONS-104781,BOD-01,OP-06
2024-11-13,MP-0131,salida,34.9,CONS-104788,BOD-02,OP-04
2024-11-13,MP-0216,salida,-72.9,CONS-104795,BOD-01,OP-02
2024-11-13,MP-0272,salida,9.2,CONS-104802,BOD-02,OP-05
2024-11-13,MP-0010,salida,-78.5,CONS-104809,BOD-02,OP-05
2024-11-13,MP-0002,salida,44.6,CONS-104816,BOD-02,OP-02
2024-11-13,MP-0150,salida,62.4,CONS-104823,BOD-03,OP-04
2024-11-13,MP-0085,salida,95.0,CONS-104830,BOD-01,OP-04
2024-11-13,MP-0202,salida,95.7,CONS-104837,BOD-02,OP-02
2024-11-13,MP-0153,salida,44.0,CONS-104844,BOD-01,OP-05
2024-11-13,MP-0178,salida,20.8,CONS-104851,BOD-02,OP-03
2024-11-13,MP-0229,salida,98.0,CONS-104858,BOD-03,OP-04
2024-11-13,MP-0013,salida,73.1,CONS-104865,BOD-01,OP-02
2024-11-13,MP-0020,salida,84.2,CONS-104872,BOD-03,OP-05
2024-11-13,MP-0106,salida,48.1,CONS-104879,BOD-02,OP-03
2024-11-13,MP-0051,salida,97.3,CONS-104886,BOD-01,OP-06
2024-11-13,MP-0238,salida,68.3,CONS-104900,BOD-02,OP-02
2024-11-13,MP-0004,salida,13.7,CONS-104907,BOD-01,OP-03
2024-11-13,MP-0033,salida,12.1,CONS-104914,BOD-03,OP-04
2024-11-13,MP-0045,salida,7.6,CONS-104921,BOD-03,OP-06
2024-11-13,MP-0386,salida,16.9,CONS-104928,BOD-01,OP-05
2024-11-13,MP-0393,salida,5.4,CONS-104935,BOD-02,OP-05
2024-11-13,MP-0373,salida,45.7,CONS-104942,BOD-03,OP-04
2024-11-13,MP-0015,salida,50.1,CONS-104949,BOD-01,OP-03
2024-11-13,MP-0012,salida,76.0,CONS-104956,BOD-02,OP-03
2024-11-13,MP-0142,salida,76.4,CONS-104963,BOD-03,OP-04
2024-11-13,MP-0102,salida,93.1,CONS-104970,BOD-02,OP-01
2024-11-13,MP-0114,salida,22.2,CONS-104977,BOD-03,OP-04
2024-11-13,MP-0325,salida,59.9,CONS-104984,BOD-02,OP-01
2024-11-13,MP-0193,salida,53.9,CONS-104991,BOD-02,OP-06
2024-11-13,MP-0330,salida,24.9,CONS-104998,BOD-03,OP-04
2024-11-13,MP-0024,salida,90.0,CONS-105005,BOD-02,OP-05
2024-11-13,MP-0060,salida,47.7,CONS-105019,BOD-03,OP-03
2024-11-13,MP-0357,salida,58.6,CONS-105026,BOD-01,OP-01
2024-11-13,MP-0162,salida,9.0,CONS-105033,BOD-01,OP-04
2024-11-13,MP-0009,salida,26.5,CONS-105040,BOD-03,OP-01
2024-11-13,MP-0076,salida,36.6,CONS-105047,BOD-03,OP-03
2024-11-13,MP-0077,salida,38.6,CONS-105054,BOD-02,OP-02
2024-11-13,MP-0273,salida,41.1,CONS-105061,BOD-02,OP-01
2024-11-13,MP-0026,salida,42.4,CONS-105068,BOD-03,OP-01
2024-11-13,MP-0111,salida,65.2,CONS-105075,BOD-02,OP-05
2024-11-13,MP-0071,salida,51.7,CONS-105082,BOD-03,OP-01
2024-11-13,MP-0388,salida,49.8,CONS-105089,BOD-01,OP-02
2024-11-13,MP-0227,salida,29.9,CONS-105096,BOD-03,OP-01
2024-11-13,MP-0088,salida,107.5,CONS-105103,BOD-01,OP-01
2024-11-13,MP-0181,salida,101.0,CONS-105117,BOD-01,OP-03
2024-11-13,MP-0385,salida,29.6,CONS-105124,BOD-01,OP-02
2024-11-13,MP-0321,salida,54.5,CONS-105131,BOD-03,OP-04
2024-11-13,MP-0343,salida,121.0,CONS-105138,BOD-02,OP-04
2024-11-13,MP-0036,salida,35.8,CONS-105145,BOD-01,OP-03
2024-11-13,MP-0080,salida,39.6,CONS-105152,BOD-01,OP-04
2024-11-13,MP-0139,salida,73.0,CONS-105159,BOD-03,OP-01
2024-11-13,MP-0356,salida,46.7,CONS-105166,BOD-01,OP-06
2024-11-13,MP-0339,salida,15.6,CONS-105173,BOD-01,OP-04
2024-11-13,MP-0078,salida,116.5,CONS-105180,BOD-02,OP-04
2024-11-13,MP-0211,salida,56.2,CONS-105194,BOD-03,OP-01
2024-11-13,MP-0340,salida,56.2,CONS-105201,BOD-01,OP-03
2024-11-13,MP-0390,salida,40.3,CONS-105208,BOD-02,OP-06
2024-11-13,MP-0268,salida,36.9,CONS-105215,BOD-01,OP-04
2024-11-13,MP-0039,salida,12.9,CONS-105222,BOD-02,OP-02
2024-11-13,MP-0032,salida,25.2,CONS-105229,BOD-02,OP-02
2024-11-13,MP-0129,salida,85.5,CONS-105236,BOD-02,OP-06
2024-11-13,MP-0136,salida,73.6,CONS-105243,BOD-02,OP-06
2024-11-13,MP-0217,salida,64.9,CONS-105250,BOD-03,OP-02
2024-11-13,MP-0344,salida,107.6,CONS-105257,BOD-02,OP-02
2024-11-14,MP-0183,entrada,15,REC-OC-6225,BOD-01,OP-01
2024-11-14,MP-0025,entrada,720,REC-OC-5353,BOD-01,OP-02
2024-11-14,MP-0041,entrada,252,REC-OC-5593,BOD-03,OP-04
2024-11-15,MP-0018,entrada,1101,REC-OC-5260,BOD-02,OP-01
2024-11-15,MP-0103,entrada,580,REC-OC-5940,BOD-02,OP-05
2024-11-17,MP-0022,entrada,1433,REC-OC-5303,BOD-01,OP-01
2024-11-17,MP-0037,entrada,893,REC-OC-5542,BOD-02,OP-03
2024-11-17,MP-0019,salida,65.1,CONS-104488,BOD-03,OP-04
2024-11-17,MP-0022,salida,107.9,CONS-104495,BOD-01,OP-02
2024-11-17,MP-0094,salida,38.7,CONS-104502,BOD-03,OP-06
2024-11-17,MP-0074,salida,40.2,CONS-104509,BOD-01,OP-03
2024-11-17,MP-0370,salida,13.0,CONS-104516,BOD-01,OP-05
2024-11-17,MP-0299,salida,50.3,CONS-104523,BOD-02,OP-06
2024-11-17,MP-0309,salida,45.6,CONS-104530,BOD-02,OP-01
2024-11-17,MP-0418,salida,42.4,CONS-104537,BOD-03,OP-04
2024-11-17,MP-0008,salida,162.8,CONS-104544,BOD-02,OP-06
2024-11-17,MP-0005,salida,117.9,CONS-104551,BOD-03,OP-02
2024-11-17,MP-0133,salida,134.1,CONS-104558,BOD-01,OP-06
2024-11-17,MP-0101,salida,117.9,CONS-104565,BOD-03,OP-03
2024-11-17,MP-0149,salida,112.6,CONS-104572,BOD-01,OP-06
2024-11-17,MP-0189,salida,95.4,CONS-104579,BOD-03,OP-03
2024-11-17,MP-0161,salida,51.8,CONS-104593,BOD-02,OP-04
2024-11-17,MP-0197,salida,125.5,CONS-104600,BOD-03,OP-06
2024-11-17,MP-0037,salida,44.2,CONS-104607,BOD-01,OP-01
2024-11-17,MP-0018,salida,7.4,CONS-104614,BOD-03,OP-02
2024-11-17,MP-0137,salida,37.1,CONS-104621,BOD-02,OP-02
2024-11-17,MP-0073,salida,53.4,CONS-104628,BOD-02,OP-01
2024-11-17,MP-0118,salida,48.0,CONS-104635,BOD-03,OP-06
2024-11-17,MP-0199,salida,45.4,CONS-104642,BOD-02,OP-04
2024-11-17,MP-0232,salida,40.6,CONS-104649,BOD-03,OP-01
2024-11-17,MP-0027,salida,5.6,CONS-104656,BOD-02,OP-03
2024-11-17,MP-0116,salida,16.9,CONS-104663,BOD-03,OP-05
2024-11-17,MP-0108,salida,65.5,CONS-104670,BOD-01,OP-03
2024-11-17,MP-0293,salida,29.6,CONS-104677,BOD-01,OP-05
2024-11-17,MP-0239,salida,14.1,CONS-104684,BOD-01,OP-01
2024-11-17,MP-0016,salida,111.9,CONS-104691,BOD-01,OP-05
2024-11-17,MP-0030,salida,13.1,CONS-104698,BOD-02,OP-02
2024-11-17,MP-0120,salida,62.6,CONS-104705,BOD-03,OP-03
2024-11-17,MP-0043,salida,36.2,CONS-104712,BOD-03,OP-01
2024-11-17,MP-0182,salida,118.5,CONS-104719,BOD-03,OP-01
2024-11-17,MP-0157,salida,134.7,CONS-104733,BOD-01,OP-04
2024-11-17,MP-0001,salida,109.9,CONS-104740,BOD-03,OP-02
2024-11-17,MP-0014,salida,89.3,CONS-104747,BOD-02,OP-01
2024-11-17,MP-0128,salida,84.6,CONS-104754,BOD-01,OP-03
2024-11-17,MP-0047,salida,47.2,CONS-104761,BOD-02,OP-03
2024-11-17,MP-0244,salida,53.3,CONS-104768,BOD-01,OP-06
2024-11-17,MP-0122,salida,56.8,CONS-104775,BOD-03,OP-03
2024-11-17,MP-0132,salida,94.2,CONS-104782,BOD-01,OP-03
2024-11-17,MP-0131,salida,-34.9,CONS-104789,BOD-03,OP-06
2024-11-17,MP-0216,salida,72.9,CONS-104796,BOD-01,OP-04
2024-11-17,MP-0272,salida,9.2,CONS-104803,BOD-01,OP-01
2024-11-17,MP-0010,salida,78.5,CONS-104810,BOD-01,OP-04
2024-11-17,MP-0002,salida,44.6,CONS-104817,BOD-03,OP-04
2024-11-17,MP-0150,salida,62.4,CONS-104824,BOD-02,OP-06
2024-11-17,MP-0085,salida,95.0,CONS-104831,BOD-03,OP-04
2024-11-17,MP-0202,salida,95.7,CONS-104838,BOD-03,OP-04
2024-11-17,MP-0178,salida,20.8,CONS-104852,BOD-01,OP-03
2024-11-17,MP-0229,salida,98.0,CONS-104859,BOD-01,OP-01
2024-11-17,MP-0013,salida,73.1,CONS-104866,BOD-02,OP-03
2024-11-17,MP-0020,salida,84.2,CONS-104873,BOD-03,OP-02
2024-11-17,MP-0106,salida,48.1,CONS-104880,BOD-02,OP-02
2024-11-17,MP-0051,salida,97.3,CONS-104887,BOD-03,OP-06
2024-11-17,MP-0238,salida,68.3,CONS-104901,BOD-03,OP-02
2024-11-17,MP-0004,salida,13.7,CONS-104908,BOD-03,OP-02
2024-11-17,MP-0045,salida,7.6,CONS-104922,BOD-01,OP-04
2024-11-17,MP-0386,salida,16.9,CONS-104929,BOD-03,OP-02
2024-11-17,MP-0393,salida,5.4,CONS-104936,BOD-03,OP-04
2024-11-17,MP-0015,salida,50.1,CONS-104950,BOD-03,OP-06
2024-11-17,MP-0012,salida,76.0,CONS-104957,BOD-02,OP-04
2024-11-17,MP-0142,salida,76.4,CONS-104964,BOD-01,OP-02
2024-11-17,MP-0102,salida,93.1,CONS-104971,BOD-01,OP-01
2024-11-17,MP-0114,salida,22.2,CONS-104978,BOD-03,OP-01
2024-11-17,MP-0325,salida,59.9,CONS-104985,BOD-02,OP-04
2024-11-17,MP-0193,salida,53.9,CONS-104992,BOD-03,OP-03
2024-11-17,MP-0330,salida,24.9,CONS-104999,BOD-03,OP-03
2024-11-17,MP-0024,salida,90.0,CONS-105006,BOD-03,OP-06
2024-11-17,MP-0117,salida,53.3,CONS-105013,BOD-01,OP-03
2024-11-17,MP-0357,salida,58.6,CONS-105027,BOD-03,OP-05
2024-11-17,MP-0162,salida,9.0,CONS-105034,BOD-01,OP-05
2024-11-17,MP-0009,salida,26.5,CONS-105041,BOD-02,OP-04
2024-11-17,MP-0076,salida,36.6,CONS-105048,BOD-03,OP-04
2024-11-17,MP-0077,salida,38.6,CONS-105055,BOD-03,OP-02
2024-11-17,MP-0273,salida,41.1,CONS-105062,BOD-02,OP-03
2024-11-17,MP-0111,salida,65.2,CONS-105076,BOD-03,OP-02
2024-11-17,MP-0071,salida,51.7,CONS-105083,BOD-02,OP-04
2024-11-17,MP-0388,salida,49.8,CONS-105090,BOD-01,OP-04
2024-11-17,MP-0227,salida,-29.9,CONS-105097,BOD-03,OP-01
2024-11-17,MP-0088,salida,107.5,CONS-105104,BOD-02,OP-06
2024-11-17,MP-0143,salida,120.2,CONS-105111,BOD-02,OP-05
2024-11-17,MP-0181,salida,101.0,CONS-105118,BOD-03,OP-05
2024-11-17,MP-0385,salida,-29.6,CONS-105125,BOD-03,OP-01
2024-11-17,MP-0321,salida,54.5,CONS-105132,BOD-03,OP-06
2024-11-17,MP-0343,salida,-121.0,CONS-105139,BOD-03,OP-02
2024-11-17,MP-0139,salida,73.0,CONS-105160,BOD-02,OP-02
2024-11-17,MP-0356,salida,46.7,CONS-105167,BOD-03,OP-01
2024-11-17,MP-0339,salida,15.6,CONS-105174,BOD-03,OP-05
2024-11-17,MP-0078,salida,116.5,CONS-105181,BOD-01,OP-02
2024-11-17,MP-0211,salida,56.2,CONS-105195,BOD-02,OP-05
2024-11-17,MP-0340,salida,56.2,CONS-105202,BOD-02,OP-06
2024-11-17,MP-0268,salida,36.9,CONS-105216,BOD-01,OP-01
2024-11-17,MP-0039,salida,12.9,CONS-105223,BOD-03,OP-05
2024-11-17,MP-0032,salida,25.2,CONS-105230,BOD-01,OP-04
2024-11-17,MP-0129,salida,85.5,CONS-105237,BOD-02,OP-02
2024-11-17,MP-0136,salida,73.6,CONS-105244,BOD-02,OP-03
2024-11-17,MP-0217,salida,64.9,CONS-105251,BOD-02,OP-04
2024-11-17,MP-0344,salida,107.6,CONS-105258,BOD-03,OP-06
2024-11-17,MP-0183,ajuste,26,AJU-120026,BOD-02,AUDIT
2024-11-18,MP-0071,entrada,413,REC-OC-5754,BOD-03,OP-05
2024-11-18,MP-0038,entrada,587,REC-OC-5560,BOD-03,OP-02
2024-11-19,MP-0179,entrada,43,REC-OC-6221,BOD-01,OP-04
2024-11-20,MP-0068,entrada,156,REC-OC-5741,BOD-02,OP-02
2024-11-21,MP-0295,entrada,40,REC-OC-6340,BOD-02,OP-04
2024-11-21,MP-0019,salida,65.1,CONS-104489,BOD-01,OP-04
2024-11-21,MP-0022,salida,107.9,CONS-104496,BOD-03,OP-03
2024-11-21,MP-0094,salida,38.7,CONS-104503,BOD-03,OP-05
2024-11-21,MP-0074,salida,40.2,CONS-104510,BOD-03,OP-03
2024-11-21,MP-0370,salida,13.0,CONS-104517,BOD-01,OP-02
2024-11-21,MP-0299,salida,50.3,CONS-104524,BOD-01,OP-01
2024-11-21,MP-0309,salida,-45.6,CONS-104531,BOD-01,OP-06
2024-11-21,MP-0418,salida,42.4,CONS-104538,BOD-03,OP-01
2024-11-21,MP-0008,salida,162.8,CONS-104545,BOD-01,OP-01
2024-11-21,MP-0005,salida,117.9,CONS-104552,BOD-03,OP-05
2024-11-21,MP-0133,salida,134.1,CONS-104559,BOD-01,OP-05
2024-11-21,MP-0101,salida,117.9,CONS-104566,BOD-03,OP-03
2024-11-21,MP-0149,salida,112.6,CONS-104573,BOD-01,OP-02
2024-11-21,MP-0189,salida,95.4,CONS-104580,BOD-01,OP-06
2024-11-21,MP-0254,salida,138.8,CONS-104587,BOD-01,OP-04
2024-11-21,MP-0161,salida,51.8,CONS-104594,BOD-02,OP-04
2024-11-21,MP-0197,salida,125.5,CONS-104601,BOD-02,OP-04
2024-11-21,MP-0037,salida,44.2,CONS-104608,BOD-02,OP-04
2024-11-21,MP-0018,salida,7.4,CONS-104615,BOD-02,OP-06
2024-11-21,MP-0137,salida,37.1,CONS-104622,BOD-03,OP-03
2024-11-21,MP-0073,salida,53.4,CONS-104629,BOD-01,OP-02
2024-11-21,MP-0118,salida,48.0,CONS-104636,BOD-02,OP-06
2024-11-21,MP-0199,salida,45.4,CONS-104643,BOD-03,OP-01
2024-11-21,MP-0232,salida,40.6,CONS-104650,BOD-02,OP-04
2024-11-21,MP-0027,salida,5.6,CONS-104657,BOD-01,OP-01
2024-11-21,MP-0116,salida,16.9,CONS-104664,BOD-03,OP-01
2024-11-21,MP-0293,salida,29.6,CONS-104678,BOD-01,OP-01
2024-11-21,MP-0239,salida,14.1,CONS-104685,BOD-02,OP-06
2024-11-21,MP-0016,salida,111.9,CONS-104692,BOD-03,OP-06
2024-11-21,MP-0120,salida,62.6,CONS-104706,BOD-01,OP-04
2024-11-21,MP-0043,salida,36.2,CONS-104713,BOD-02,OP-05
2024-11-21,MP-0182,salida,-118.5,CONS-104720,BOD-02,OP-05
2024-11-21,MP-0369,salida,72.9,CONS-104727,BOD-02,OP-04
2024-11-21,MP-0157,salida,134.7,CONS-104734,BOD-02,OP-05
2024-11-21,MP-0014,salida,89.3,CONS-104748,BOD-02,OP-05
2024-11-21,MP-0128,salida,84.6,CONS-104755,BOD-02,OP-05
2024-11-21,MP-0047,salida,47.2,CONS-104762,BOD-02,OP-02
2024-11-21,MP-0244,salida,53.3,CONS-104769,BOD-02,OP-04
2024-11-21,MP-0122,salida,56.8,CONS-104776,BOD-01,OP-04
2024-11-21,MP-0132,salida,94.2,CONS-104783,BOD-01,OP-02
2024-11-21,MP-0131,salida,34.9,CONS-104790,BOD-02,OP-01
2024-11-21,MP-0216,salida,72.9,CONS-104797,BOD-02,OP-02
2024-11-21,MP-0272,salida,9.2,CONS-104804,BOD-03,OP-02
2024-11-21,MP-0010,salida,78.5,CONS-104811,BOD-01,OP-06
2024-11-21,MP-0002,salida,44.6,CONS-104818,BOD-03,OP-04
2024-11-21,MP-0150,salida,62.4,CONS-104825,BOD-03,OP-03
2024-11-21,MP-0085,salida,95.0,CONS-104832,BOD-02,OP-03
2024-11-21,MP-0202,salida,95.7,CONS-104839,BOD-02,OP-04
2024-11-21,MP-0153,salida,44.0,CONS-104846,BOD-03,OP-01
2024-11-21,MP-0178,salida,-20.8,CONS-104853,BOD-03,OP-06
2024-11-21,MP-0229,salida,98.0,CONS-104860,BOD-03,OP-03
2024-11-21,MP-0013,salida,73.1,CONS-104867,BOD-02,OP-04
2024-11-21,MP-0020,salida,84.2,CONS-104874,BOD-01,OP-06
2024-11-21,MP-0106,salida,48.1,CONS-104881,BOD-03,OP-02
2024-11-21,MP-0051,salida,97.3,CONS-104888,BOD-03,OP-01
2024-11-21,MP-0411,salida,72.5,CONS-104895,BOD-01,OP-03
2024-11-21,MP-0238,salida,68.3,CONS-104902,BOD-02,OP-03
2024-11-21,MP-0033,salida,12.1,CONS-104916,BOD-03,OP-05
2024-11-21,MP-0045,salida,7.6,CONS-104923,BOD-01,OP-03
2024-11-21,MP-0386,salida,16.9,CONS-104930,BOD-01,OP-05
2024-11-21,MP-0393,salida,5.4,CONS-104937,BOD-03,OP-06
2024-11-21,MP-0373,salida,45.7,CONS-104944,BOD-03,OP-05
2024-11-21,MP-0012,salida,76.0,CONS-104958,BOD-03,OP-03
2024-11-21,MP-0142,salida,76.4,CONS-104965,BOD-02,OP-05
2024-11-21,MP-0102,salida,93.1,CONS-104972,BOD-02,OP-02
2024-11-21,MP-0114,salida,22.2,CONS-104979,BOD-03,OP-06
2024-11-21,MP-0325,salida,59.9,CONS-104986,BOD-01,OP-04
2024-11-21,MP-0193,salida,53.9,CONS-104993,BOD-02,OP-03
2024-11-21,MP-0330,salida,24.9,CONS-105000,BOD-01,OP-05
2024-11-21,MP-0024,salida,90.0,CONS-105007,BOD-01,OP-02
2024-11-21,MP-0117,salida,53.3,CONS-105014,BOD-02,OP-06
2024-11-21,MP-0060,salida,47.7,CONS-105021,BOD-03,OP-02
2024-11-21,MP-0357,salida,58.6,CONS-105028,BOD-02,OP-05
2024-11-21,MP-0009,salida,26.5,CONS-105042,BOD-03,OP-03
2024-11-21,MP-0076,salida,36.6,CONS-105049,BOD-02,OP-05
2024-11-21,MP-0077,salida,38.6,CONS-105056,BOD-03,OP-04
2024-11-21,MP-0111,salida,65.2,CONS-105077,BOD-03,OP-06
2024-11-21,MP-0071,salida,51.7,CONS-105084,BOD-01,OP-02
2024-11-21,MP-0388,salida,49.8,CONS-105091,BOD-01,OP-02
2024-11-21,MP-0227,salida,29.9,CONS-105098,BOD-02,OP-01
2024-11-21,MP-0088,salida,107.5,CONS-105105,BOD-01,OP-02
2024-11-21,MP-0143,salida,120.2,CONS-105112,BOD-02,OP-04
2024-11-21,MP-0181,salida,101.0,CONS-105119,BOD-01,OP-06
2024-11-21,MP-0385,salida,29.6,CONS-105126,BOD-03,OP-05
2024-11-21,MP-0321,salida,54.5,CONS-105133,BOD-02,OP-05
2024-11-21,MP-0036,salida,35.8,CONS-105147,BOD-02,OP-02
2024-11-21,MP-0080,salida,39.6,CONS-105154,BOD-02,OP-05
2024-11-21,MP-0139,salida,73.0,CONS-105161,BOD-02,OP-04
2024-11-21,MP-0339,salida,15.6,CONS-105175,BOD-03,OP-05
2024-11-21,MP-0211,salida,56.2,CONS-105196,BOD-01,OP-02
2024-11-21,MP-0340,salida,56.2,CONS-105203,BOD-02,OP-05
2024-11-21,MP-0390,salida,40.3,CONS-105210,BOD-02,OP-03
2024-11-21,MP-0268,salida,36.9,CONS-105217,BOD-02,OP-05
2024-11-21,MP-0039,salida,12.9,CONS-105224,BOD-01,OP-01
2024-11-21,MP-0032,salida,25.2,CONS-105231,BOD-02,OP-02
2024-11-21,MP-0217,salida,64.9,CONS-105252,BOD-02,OP-04
2024-11-21,MP-0344,salida,107.6,CONS-105259,BOD-01,OP-02
2024-11-22,MP-0367,entrada,34,REC-OC-6416,BOD-02,OP-02
2024-11-22,MP-0081,entrada,331,REC-OC-5795,BOD-02,OP-04
2024-11-22,MP-0110,entrada,182,REC-OC-5968,BOD-03,OP-01
2024-11-23,MP-0125,entrada,463,REC-OC-6036,BOD-03,OP-04
2024-11-23,MP-0103,entrada,365,REC-OC-5938,BOD-02,OP-03
2024-11-24,MP-0027,entrada,532,REC-OC-5378,BOD-03,OP-03
2024-11-25,MP-0070,entrada,217,REC-OC-5751,BOD-02,OP-06
2024-11-25,MP-0019,salida,65.1,CONS-104490,BOD-02,OP-04
2024-11-25,MP-0094,salida,38.7,CONS-104504,BOD-02,OP-04
2024-11-25,MP-0074,salida,40.2,CONS-104511,BOD-03,OP-04
2024-11-25,MP-0370,salida,13.0,CONS-104518,BOD-01,OP-01
2024-11-25,MP-0299,salida,50.3,CONS-104525,BOD-02,OP-03
2024-11-25,MP-0309,salida,45.6,CONS-104532,BOD-03,OP-03
2024-11-25,MP-0418,salida,42.4,CONS-104539,BOD-02,OP-03
2024-11-25,MP-0005,salida,117.9,CONS-104553,BOD-03,OP-05
2024-11-25,MP-0133,salida,134.1,CONS-104560,BOD-01,OP-04
2024-11-25,MP-0101,salida,117.9,CONS-104567,BOD-02,OP-02
2024-11-25,MP-0149,salida,112.6,CONS-104574,BOD-01,OP-01
2024-11-25,MP-0189,salida,95.4,CONS-104581,BOD-02,OP-05
2024-11-25,MP-0254,salida,-138.8,CONS-104588,BOD-03,OP-01
2024-11-25,MP-0161,salida,51.8,CONS-104595,BOD-02,OP-04
2024-11-25,MP-0197,salida,125.5,CONS-104602,BOD-01,OP-03
2024-11-25,MP-0037,salida,44.2,CONS-104609,BOD-03,OP-05
2024-11-25,MP-0018,salida,7.4,CONS-104616,BOD-02,OP-03
2024-11-25,MP-0137,salida,37.1,CONS-104623,BOD-01,OP-06
2024-11-25,MP-0073,salida,53.4,CONS-104630,BOD-01,OP-04
2024-11-25,MP-0118,salida,-48.0,CONS-104637,BOD-02,OP-05
2024-11-25,MP-0199,salida,45.4,CONS-104644,BOD-03,OP-06
2024-11-25,MP-0232,salida,40.6,CONS-104651,BOD-03,OP-05
2024-11-25,MP-0027,salida,5.6,CONS-104658,BOD-02,OP-06
2024-11-25,MP-0116,salida,16.9,CONS-104665,BOD-01,OP-01
2024-11-25,MP-0108,salida,65.5,CONS-104672,BOD-02,OP-01
2024-11-25,MP-0293,salida,29.6,CONS-104679,BOD-01,OP-06
2024-11-25,MP-0239,salida,14.1,CONS-104686,BOD-03,OP-03
2024-11-25,MP-0016,salida,111.9,CONS-104693,BOD-01,OP-06
2024-11-25,MP-0030,salida,13.1,CONS-104700,BOD-02,OP-06
2024-11-25,MP-0120,salida,62.6,CONS-104707,BOD-03,OP-02
2024-11-25,MP-0043,salida,36.2,CONS-104714,BOD-01,OP-02
2024-11-25,MP-0182,salida,118.5,CONS-104721,BOD-03,OP-01
2024-11-25,MP-0157,salida,134.7,CONS-104735,BOD-02,OP-01
2024-11-25,MP-0001,salida,109.9,CONS-104742,BOD-03,OP-01
2024-11-25,MP-0014,salida,89.3,CONS-104749,BOD-03,OP-04
2024-11-25,MP-0128,salida,84.6,CONS-104756,BOD-03,OP-02
2024-11-25,MP-0047,salida,47.2,CONS-104763,BOD-01,OP-06
2024-11-25,MP-0244,salida,53.3,CONS-104770,BOD-03,OP-05
2024-11-25,MP-0122,salida,56.8,CONS-104777,BOD-01,OP-06
2024-11-25,MP-0132,salida,94.2,CONS-104784,BOD-02,OP-03
2024-11-25,MP-0131,salida,34.9,CONS-104791,BOD-01,OP-02
2024-11-25,MP-0216,salida,72.9,CONS-104798,BOD-01,OP-02
2024-11-25,MP-0272,salida,9.2,CONS-104805,BOD-02,OP-03
2024-11-25,MP-0010,salida,78.5,CONS-104812,BOD-03,OP-06
2024-11-25,MP-0002,salida,44.6,CONS-104819,BOD-01,OP-04
2024-11-25,MP-0150,salida,62.4,CONS-104826,BOD-03,OP-03
2024-11-25,MP-0085,salida,95.0,CONS-104833,BOD-03,OP-04
2024-11-25,MP-0202,salida,95.7,CONS-104840,BOD-03,OP-01
2024-11-25,MP-0153,salida,44.0,CONS-104847,BOD-01,OP-03
2024-11-25,MP-0178,salida,20.8,CONS-104854,BOD-03,OP-02
2024-11-25,MP-0229,salida,98.0,CONS-104861,BOD-01,OP-03
2024-11-25,MP-0013,salida,73.1,CONS-104868,BOD-02,OP-03
2024-11-25,MP-0020,salida,84.2,CONS-104875,BOD-01,OP-03
2024-11-25,MP-0106,salida,48.1,CONS-104882,BOD-03,OP-04
2024-11-25,MP-0051,salida,97.3,CONS-104889,BOD-01,OP-01
2024-11-25,MP-0411,salida,72.5,CONS-104896,BOD-03,OP-01
2024-11-25,MP-0238,salida,68.3,CONS-104903,BOD-02,OP-04
2024-11-25,MP-0033,salida,12.1,CONS-104917,BOD-02,OP-03
2024-11-25,MP-0386,salida,16.9,CONS-104931,BOD-03,OP-06
2024-11-25,MP-0393,salida,5.4,CONS-104938,BOD-01,OP-03
2024-11-25,MP-0373,salida,45.7,CONS-104945,BOD-02,OP-04
2024-11-25,MP-0015,salida,50.1,CONS-104952,BOD-02,OP-03
2024-11-25,MP-0012,salida,76.0,CONS-104959,BOD-03,OP-02
2024-11-25,MP-0142,salida,76.4,CONS-104966,BOD-02,OP-03
2024-11-25,MP-0102,salida,93.1,CONS-104973,BOD-03,OP-01
2024-11-25,MP-0114,salida,22.2,CONS-104980,BOD-01,OP-05
2024-11-25,MP-0325,salida,59.9,CONS-104987,BOD-02,OP-04
2024-11-25,MP-0330,salida,24.9,CONS-105001,BOD-01,OP-02
2024-11-25,MP-0024,salida,90.0,CONS-105008,BOD-02,OP-02
2024-11-25,MP-0117,salida,53.3,CONS-105015,BOD-01,OP-06
2024-11-25,MP-0060,salida,47.7,CONS-105022,BOD-03,OP-03
2024-11-25,MP-0357,salida,58.6,CONS-105029,BOD-03,OP-06
2024-11-25,MP-0162,salida,9.0,CONS-105036,BOD-02,OP-05
2024-11-25,MP-0076,salida,36.6,CONS-105050,BOD-03,OP-05
2024-11-25,MP-0077,salida,38.6,CONS-105057,BOD-03,OP-06
2024-11-25,MP-0273,salida,41.1,CONS-105064,BOD-03,OP-01
2024-11-25,MP-0026,salida,42.4,CONS-105071,BOD-01,OP-02
2024-11-25,MP-0111,salida,65.2,CONS-105078,BOD-02,OP-02
2024-11-25,MP-0071,salida,51.7,CONS-105085,BOD-01,OP-02
2024-11-25,MP-0388,salida,49.8,CONS-105092,BOD-01,OP-01
2024-11-25,MP-0227,salida,29.9,CONS-105099,BOD-01,OP-03
2024-11-25,MP-0088,salida,-107.5,CONS-105106,BOD-02,OP-05
2024-11-25,MP-0143,salida,120.2,CONS-105113,BOD-01,OP-01
2024-11-25,MP-0181,salida,101.0,CONS-105120,BOD-03,OP-04
2024-11-25,MP-0385,salida,29.6,CONS-105127,BOD-03,OP-04
2024-11-25,MP-0321,salida,54.5,CONS-105134,BOD-01,OP-06
2024-11-25,MP-0343,salida,121.0,CONS-105141,BOD-02,OP-02
2024-11-25,MP-0036,salida,35.8,CONS-105148,BOD-01,OP-05
2024-11-25,MP-0080,salida,39.6,CONS-105155,BOD-02,OP-05
2024-11-25,MP-0139,salida,-73.0,CONS-105162,BOD-02,OP-01
2024-11-25,MP-0356,salida,46.7,CONS-105169,BOD-03,OP-02
2024-11-25,MP-0078,salida,116.5,CONS-105183,BOD-03,OP-01
2024-11-25,MP-0059,salida,71.8,CONS-105190,BOD-02,OP-01
2024-11-25,MP-0211,salida,56.2,CONS-105197,BOD-03,OP-04
2024-11-25,MP-0340,salida,56.2,CONS-105204,BOD-02,OP-06
2024-11-25,MP-0390,salida,40.3,CONS-105211,BOD-02,OP-02
2024-11-25,MP-0268,salida,-36.9,CONS-105218,BOD-01,OP-01
2024-11-25,MP-0039,salida,12.9,CONS-105225,BOD-02,OP-06
2024-11-25,MP-0032,salida,25.2,CONS-105232,BOD-01,OP-04
2024-11-25,MP-0129,salida,-85.5,CONS-105239,BOD-03,OP-03
2024-11-25,MP-0136,salida,73.6,CONS-105246,BOD-01,OP-05
2024-11-25,MP-0217,salida,64.9,CONS-105253,BOD-03,OP-03
2024-11-26,MP-0078,entrada,157,REC-OC-5786,BOD-03,OP-03
2024-11-27,MP-0023,entrada,1510,REC-OC-5327,BOD-03,OP-02
2024-11-28,MP-0125,entrada,290,REC-OC-6040,BOD-01,OP-02
2024-11-28,MP-0266,entrada,43,REC-OC-6310,BOD-01,OP-06
2024-11-29,MP-0058,entrada,446,REC-OC-5700,BOD-01,OP-06
2024-11-29,MP-0009,entrada,1213,REC-OC-5100,BOD-01,OP-06
2024-11-29,MP-0015,entrada,913,REC-OC-5202,BOD-01,OP-01
2024-11-29,MP-0101,entrada,316,REC-OC-5924,BOD-03,OP-05
2024-11-30,MP-0120,entrada,381,REC-OC-6009,BOD-02,OP-03
2024-12-01,MP-0094,entrada,382,REC-OC-5879,BOD-02,OP-06
2024-12-01,MP-0034,entrada,1617,REC-OC-5498,BOD-01,OP-04
2024-12-01,MP-0074,entrada,368,REC-OC-5766,BOD-02,OP-05
2024-12-01,MP-0279,entrada,43,REC-OC-6323,BOD-03,OP-02
2024-12-01,MP-0013,entrada,853,REC-OC-5170,BOD-03,OP-05
2024-12-01,MP-0019,salida,78.7,CONS-105261,BOD-01,OP-05
2024-12-01,MP-0022,salida,97.0,CONS-105268,BOD-02,OP-02
2024-12-01,MP-0094,salida,59.6,CONS-105275,BOD-02,OP-04
2024-12-01,MP-0074,salida,61.9,CONS-105282,BOD-03,OP-02
2024-12-01,MP-0299,salida,77.4,CONS-105296,BOD-02,OP-06
2024-12-01,MP-0309,salida,70.3,CONS-105303,BOD-01,OP-03
2024-12-01,MP-0418,salida,65.2,CONS-105310,BOD-03,OP-05
2024-12-01,MP-0008,salida,105.4,CONS-105317,BOD-01,OP-04
2024-12-01,MP-0005,salida,79.6,CONS-105324,BOD-02,OP-01
2024-12-01,MP-0133,salida,126.6,CONS-105331,BOD-02,OP-02
2024-12-01,MP-0101,salida,-111.3,CONS-105338,BOD-02,OP-05
2024-12-01,MP-0149,salida,108.3,CONS-105345,BOD-01,OP-04
2024-12-01,MP-0189,salida,90.0,CONS-105352,BOD-03,OP-06
2024-12-01,MP-0254,salida,131.0,CONS-105359,BOD-02,OP-05
2024-12-01,MP-0197,salida,118.5,CONS-105373,BOD-01,OP-06
2024-12-01,MP-0037,salida,95.5,CONS-105380,BOD-02,OP-02
2024-12-01,MP-0018,salida,15.9,CONS-105387,BOD-02,OP-03
2024-12-01,MP-0137,salida,80.1,CONS-105394,BOD-02,OP-04
2024-12-01,MP-0073,salida,115.4,CONS-105401,BOD-03,OP-03
2024-12-01,MP-0118,salida,103.7,CONS-105408,BOD-02,OP-03
2024-12-01,MP-0199,salida,98.1,CONS-105415,BOD-03,OP-05
2024-12-01,MP-0232,salida,87.8,CONS-105422,BOD-01,OP-05
2024-12-01,MP-0027,salida,5.6,CONS-105429,BOD-01,OP-02
2024-12-01,MP-0116,salida,16.9,CONS-105436,BOD-01,OP-05
2024-12-01,MP-0108,salida,41.3,CONS-105443,BOD-02,OP-06
2024-12-01,MP-0293,salida,29.6,CONS-105450,BOD-02,OP-03
2024-12-01,MP-0239,salida,14.1,CONS-105457,BOD-03,OP-02
2024-12-01,MP-0016,salida,61.2,CONS-105464,BOD-01,OP-04
2024-12-01,MP-0030,salida,3.8,CONS-105471,BOD-02,OP-03
2024-12-01,MP-0120,salida,18.2,CONS-105478,BOD-01,OP-01
2024-12-01,MP-0043,salida,10.5,CONS-105485,BOD-02,OP-06
2024-12-01,MP-0182,salida,68.2,CONS-105492,BOD-03,OP-06
2024-12-01,MP-0369,salida,21.2,CONS-105499,BOD-03,OP-03
2024-12-01,MP-0157,salida,97.6,CONS-105506,BOD-03,OP-04
2024-12-01,MP-0001,salida,85.4,CONS-105513,BOD-01,OP-06
2024-12-01,MP-0014,salida,69.4,CONS-105520,BOD-02,OP-06
2024-12-01,MP-0047,salida,36.7,CONS-105534,BOD-02,OP-02
2024-12-01,MP-0244,salida,41.4,CONS-105541,BOD-02,OP-06
2024-12-01,MP-0122,salida,52.1,CONS-105548,BOD-02,OP-02
2024-12-01,MP-0132,salida,86.5,CONS-105555,BOD-03,OP-01
2024-12-01,MP-0131,salida,32.0,CONS-105562,BOD-02,OP-02
2024-12-01,MP-0216,salida,66.9,CONS-105569,BOD-02,OP-03
2024-12-01,MP-0272,salida,8.5,CONS-105576,BOD-02,OP-01
2024-12-01,MP-0010,salida,88.5,CONS-105583,BOD-03,OP-06
2024-12-01,MP-0002,salida,50.3,CONS-105590,BOD-03,OP-06
2024-12-01,MP-0150,salida,70.4,CONS-105597,BOD-01,OP-03
2024-12-01,MP-0085,salida,53.7,CONS-105604,BOD-02,OP-03
2024-12-01,MP-0202,salida,107.9,CONS-105611,BOD-01,OP-02
2024-12-01,MP-0153,salida,49.6,CONS-105618,BOD-03,OP-01
2024-12-01,MP-0178,salida,23.4,CONS-105625,BOD-01,OP-06
2024-12-01,MP-0229,salida,110.6,CONS-105632,BOD-02,OP-05
2024-12-01,MP-0013,salida,77.4,CONS-105639,BOD-03,OP-04
2024-12-01,MP-0020,salida,62.8,CONS-105646,BOD-02,OP-06
2024-12-01,MP-0106,salida,-50.9,CONS-105653,BOD-01,OP-06
2024-12-01,MP-0411,salida,76.8,CONS-105667,BOD-02,OP-03
2024-12-01,MP-0238,salida,72.3,CONS-105674,BOD-02,OP-01
2024-12-01,MP-0004,salida,24.7,CONS-105681,BOD-02,OP-05
2024-12-01,MP-0033,salida,21.8,CONS-105688,BOD-02,OP-06
2024-12-01,MP-0045,salida,13.8,CONS-105695,BOD-01,OP-06
2024-12-01,MP-0386,salida,-30.6,CONS-105702,BOD-02,OP-03
2024-12-01,MP-0393,salida,9.8,CONS-105709,BOD-02,OP-05
2024-12-01,MP-0373,salida,62.8,CONS-105716,BOD-03,OP-06
2024-12-01,MP-0015,salida,44.8,CONS-105723,BOD-02,OP-05
2024-12-01,MP-0012,salida,68.0,CONS-105730,BOD-02,OP-06
2024-12-01,MP-0142,salida,68.3,CONS-105737,BOD-01,OP-04
2024-12-01,MP-0102,salida,-83.3,CONS-105744,BOD-02,OP-04
2024-12-01,MP-0114,salida,19.9,CONS-105751,BOD-01,OP-04
2024-12-01,MP-0325,salida,53.5,CONS-105758,BOD-01,OP-05
2024-12-01,MP-0193,salida,48.2,CONS-105765,BOD-02,OP-05
2024-12-01,MP-0330,salida,22.3,CONS-105772,BOD-01,OP-02
2024-12-01,MP-0060,salida,21.4,CONS-105793,BOD-01,OP-02
2024-12-01,MP-0357,salida,26.4,CONS-105800,BOD-01,OP-02
2024-12-01,MP-0162,salida,4.0,CONS-105807,BOD-03,OP-04
2024-12-01,MP-0009,salida,25.8,CONS-105814,BOD-02,OP-01
2024-12-01,MP-0076,salida,35.6,CONS-105821,BOD-03,OP-06
2024-12-01,MP-0077,salida,37.5,CONS-105828,BOD-01,OP-06
2024-12-01,MP-0273,salida,40.0,CONS-105835,BOD-01,OP-05
2024-12-01,MP-0026,salida,59.5,CONS-105842,BOD-01,OP-04
2024-12-01,MP-0111,salida,91.4,CONS-105849,BOD-03,OP-03
2024-12-01,MP-0071,salida,72.5,CONS-105856,BOD-01,OP-01
2024-12-01,MP-0388,salida,69.8,CONS-105863,BOD-02,OP-06
2024-12-01,MP-0227,salida,41.9,CONS-105870,BOD-01,OP-02
2024-12-01,MP-0088,salida,32.1,CONS-105877,BOD-03,OP-01
2024-12-01,MP-0143,salida,36.0,CONS-105884,BOD-01,OP-04
2024-12-01,MP-0181,salida,30.2,CONS-105891,BOD-03,OP-05
2024-12-01,MP-0385,salida,8.8,CONS-105898,BOD-02,OP-02
2024-12-01,MP-0321,salida,16.3,CONS-105905,BOD-01,OP-06
2024-12-01,MP-0343,salida,36.2,CONS-105912,BOD-02,OP-03
2024-12-01,MP-0036,salida,24.0,CONS-105919,BOD-03,OP-05
2024-12-01,MP-0080,salida,26.6,CONS-105926,BOD-03,OP-06
2024-12-01,MP-0139,salida,49.0,CONS-105933,BOD-03,OP-06
2024-12-01,MP-0356,salida,31.4,CONS-105940,BOD-01,OP-01
2024-12-01,MP-0339,salida,10.5,CONS-105947,BOD-01,OP-05
2024-12-01,MP-0078,salida,42.7,CONS-105954,BOD-03,OP-03
2024-12-01,MP-0059,salida,26.3,CONS-105961,BOD-01,OP-02
2024-12-01,MP-0211,salida,20.6,CONS-105968,BOD-02,OP-01
2024-12-01,MP-0340,salida,20.6,CONS-105975,BOD-01,OP-01
2024-12-01,MP-0390,salida,14.8,CONS-105982,BOD-02,OP-01
2024-12-01,MP-0268,salida,13.5,CONS-105989,BOD-03,OP-03
2024-12-01,MP-0039,salida,10.3,CONS-105996,BOD-03,OP-04
2024-12-01,MP-0129,salida,68.4,CONS-106010,BOD-01,OP-01
2024-12-01,MP-0136,salida,58.8,CONS-106017,BOD-03,OP-05
2024-12-01,MP-0217,salida,51.9,CONS-106024,BOD-01,OP-06
2024-12-01,MP-0344,salida,86.1,CONS-106031,BOD-01,OP-02
2024-12-02,MP-0045,entrada,410,REC-OC-5624,BOD-03,OP-03
2024-12-02,MP-0002,entrada,2421,REC-OC-5012,BOD-02,OP-04
2024-12-05,MP-0093,entrada,248,REC-OC-5868,BOD-02,OP-06
2024-12-05,MP-0019,salida,78.7,CONS-105262,BOD-02,OP-02
2024-12-05,MP-0022,salida,97.0,CONS-105269,BOD-02,OP-04
2024-12-05,MP-0094,salida,59.6,CONS-105276,BOD-02,OP-01
2024-12-05,MP-0074,salida,61.9,CONS-105283,BOD-02,OP-02
2024-12-05,MP-0370,salida,20.0,CONS-105290,BOD-02,OP-05
2024-12-05,MP-0299,salida,77.4,CONS-105297,BOD-03,OP-06
2024-12-05,MP-0309,salida,70.3,CONS-105304,BOD-02,OP-06
2024-12-05,MP-0418,salida,65.2,CONS-105311,BOD-01,OP-02
2024-12-05,MP-0008,salida,105.4,CONS-105318,BOD-02,OP-04
2024-12-05,MP-0005,salida,79.6,CONS-105325,BOD-02,OP-03
2024-12-05,MP-0133,salida,126.6,CONS-105332,BOD-02,OP-05
2024-12-05,MP-0101,salida,111.3,CONS-105339,BOD-02,OP-06
2024-12-05,MP-0149,salida,108.3,CONS-105346,BOD-01,OP-03
2024-12-05,MP-0189,salida,90.0,CONS-105353,BOD-02,OP-06
2024-12-05,MP-0161,salida,48.9,CONS-105367,BOD-02,OP-01
2024-12-05,MP-0197,salida,118.5,CONS-105374,BOD-03,OP-05
2024-12-05,MP-0037,salida,95.5,CONS-105381,BOD-02,OP-02
2024-12-05,MP-0018,salida,15.9,CONS-105388,BOD-01,OP-01
2024-12-05,MP-0137,salida,80.1,CONS-105395,BOD-01,OP-06
2024-12-05,MP-0073,salida,115.4,CONS-105402,BOD-03,OP-03
2024-12-05,MP-0118,salida,103.7,CONS-105409,BOD-01,OP-02
2024-12-05,MP-0199,salida,98.1,CONS-105416,BOD-01,OP-01
2024-12-05,MP-0232,salida,-87.8,CONS-105423,BOD-02,OP-01
2024-12-05,MP-0027,salida,5.6,CONS-105430,BOD-01,OP-05
2024-12-05,MP-0116,salida,16.9,CONS-105437,BOD-02,OP-01
2024-12-05,MP-0108,salida,-41.3,CONS-105444,BOD-01,OP-05
2024-12-05,MP-0239,salida,14.1,CONS-105458,BOD-01,OP-03
2024-12-05,MP-0016,salida,61.2,CONS-105465,BOD-01,OP-05
2024-12-05,MP-0030,salida,3.8,CONS-105472,BOD-03,OP-03
2024-12-05,MP-0120,salida,18.2,CONS-105479,BOD-02,OP-03
2024-12-05,MP-0043,salida,10.5,CONS-105486,BOD-01,OP-06
2024-12-05,MP-0182,salida,68.2,CONS-105493,BOD-03,OP-01
2024-12-05,MP-0369,salida,21.2,CONS-105500,BOD-03,OP-04
2024-12-05,MP-0157,salida,97.6,CONS-105507,BOD-01,OP-06
2024-12-05,MP-0001,salida,85.4,CONS-105514,BOD-01,OP-02
2024-12-05,MP-0014,salida,69.4,CONS-105521,BOD-03,OP-01
2024-12-05,MP-0128,salida,85.7,CONS-105528,BOD-01,OP-03
2024-12-05,MP-0047,salida,36.7,CONS-105535,BOD-03,OP-02
2024-12-05,MP-0244,salida,41.4,CONS-105542,BOD-03,OP-06
2024-12-05,MP-0122,salida,52.1,CONS-105549,BOD-01,OP-06
2024-12-05,MP-0132,salida,86.5,CONS-105556,BOD-02,OP-05
2024-12-05,MP-0216,salida,66.9,CONS-105570,BOD-01,OP-01
2024-12-05,MP-0272,salida,8.5,CONS-105577,BOD-01,OP-01
2024-12-05,MP-0010,salida,88.5,CONS-105584,BOD-02,OP-03
2024-12-05,MP-0002,salida,50.3,CONS-105591,BOD-01,OP-06
2024-12-05,MP-0150,salida,70.4,CONS-105598,BOD-01,OP-05
2024-12-05,MP-0202,salida,107.9,CONS-105612,BOD-03,OP-01
2024-12-05,MP-0178,salida,23.4,CONS-105626,BOD-02,OP-04
2024-12-05,MP-0229,salida,110.6,CONS-105633,BOD-02,OP-03
2024-12-05,MP-0013,salida,77.4,CONS-105640,BOD-01,OP-06
2024-12-05,MP-0020,salida,62.8,CONS-105647,BOD-03,OP-03
2024-12-05,MP-0106,salida,50.9,CONS-105654,BOD-03,OP-01
2024-12-05,MP-0051,salida,115.5,CONS-105661,BOD-02,OP-06
2024-12-05,MP-0411,salida,76.8,CONS-105668,BOD-01,OP-03
2024-12-05,MP-0238,salida,72.3,CONS-105675,BOD-01,OP-05
2024-12-05,MP-0004,salida,24.7,CONS-105682,BOD-03,OP-06
2024-12-05,MP-0033,salida,21.8,CONS-105689,BOD-02,OP-06
2024-12-05,MP-0045,salida,-13.8,CONS-105696,BOD-01,OP-02
2024-12-05,MP-0386,salida,30.6,CONS-105703,BOD-02,OP-06
2024-12-05,MP-0393,salida,9.8,CONS-105710,BOD-02,OP-04
2024-12-05,MP-0373,salida,62.8,CONS-105717,BOD-02,OP-05
2024-12-05,MP-0015,salida,44.8,CONS-105724,BOD-03,OP-02
2024-12-05,MP-0012,salida,68.0,CONS-105731,BOD-01,OP-04
2024-12-05,MP-0142,salida,68.3,CONS-105738,BOD-03,OP-06
2024-12-05,MP-0102,salida,83.3,CONS-105745,BOD-01,OP-03
2024-12-05,MP-0114,salida,19.9,CONS-105752,BOD-01,OP-02
2024-12-05,MP-0325,salida,53.5,CONS-105759,BOD-03,OP-02
2024-12-05,MP-0330,salida,22.3,CONS-105773,BOD-02,OP-04
2024-12-05,MP-0024,salida,67.7,CONS-105780,BOD-03,OP-01
2024-12-05,MP-0357,salida,26.4,CONS-105801,BOD-03,OP-01
2024-12-05,MP-0162,salida,4.0,CONS-105808,BOD-02,OP-01
2024-12-05,MP-0009,salida,-25.8,CONS-105815,BOD-03,OP-01
2024-12-05,MP-0076,salida,35.6,CONS-105822,BOD-02,OP-03
2024-12-05,MP-0077,salida,37.5,CONS-105829,BOD-01,OP-01
2024-12-05,MP-0273,salida,40.0,CONS-105836,BOD-01,OP-06
2024-12-05,MP-0026,salida,59.5,CONS-105843,BOD-01,OP-02
2024-12-05,MP-0111,salida,-91.4,CONS-105850,BOD-02,OP-01
2024-12-05,MP-0071,salida,72.5,CONS-105857,BOD-01,OP-04
2024-12-05,MP-0388,salida,69.8,CONS-105864,BOD-02,OP-05
2024-12-05,MP-0227,salida,41.9,CONS-105871,BOD-02,OP-01
2024-12-05,MP-0088,salida,32.1,CONS-105878,BOD-03,OP-06
2024-12-05,MP-0143,salida,36.0,CONS-105885,BOD-03,OP-06
2024-12-05,MP-0181,salida,30.2,CONS-105892,BOD-02,OP-03
2024-12-05,MP-0385,salida,8.8,CONS-105899,BOD-02,OP-03
2024-12-05,MP-0321,salida,16.3,CONS-105906,BOD-02,OP-03
2024-12-05,MP-0343,salida,36.2,CONS-105913,BOD-01,OP-05
2024-12-05,MP-0036,salida,24.0,CONS-105920,BOD-02,OP-06
2024-12-05,MP-0080,salida,26.6,CONS-105927,BOD-02,OP-01
2024-12-05,MP-0356,salida,31.4,CONS-105941,BOD-02,OP-06
2024-12-05,MP-0339,salida,10.5,CONS-105948,BOD-03,OP-02
2024-12-05,MP-0078,salida,-42.7,CONS-105955,BOD-03,OP-04
2024-12-05,MP-0059,salida,26.3,CONS-105962,BOD-03,OP-05
2024-12-05,MP-0211,salida,20.6,CONS-105969,BOD-03,OP-01
2024-12-05,MP-0340,salida,20.6,CONS-105976,BOD-02,OP-02
2024-12-05,MP-0390,salida,14.8,CONS-105983,BOD-03,OP-03
2024-12-05,MP-0268,salida,13.5,CONS-105990,BOD-03,OP-05
2024-12-05,MP-0039,salida,10.3,CONS-105997,BOD-03,OP-01
2024-12-05,MP-0032,salida,20.2,CONS-106004,BOD-01,OP-02
2024-12-05,MP-0129,salida,68.4,CONS-106011,BOD-02,OP-02
2024-12-05,MP-0136,salida,58.8,CONS-106018,BOD-03,OP-01
2024-12-05,MP-0217,salida,51.9,CONS-106025,BOD-01,OP-01
2024-12-05,MP-0344,salida,86.1,CONS-106032,BOD-03,OP-02
2024-12-06,MP-0048,entrada,367,REC-OC-5640,BOD-02,OP-04
2024-12-06,MP-0014,entrada,1376,REC-OC-5187,BOD-03,OP-03
2024-12-07,MP-0014,entrada,973,REC-OC-5195,BOD-02,OP-06
2024-12-08,MP-0210,entrada,59,REC-OC-6252,BOD-03,OP-02
2024-12-08,MP-0079,entrada,223,REC-OC-5788,BOD-02,OP-05
2024-12-08,MP-0033,entrada,2103,REC-OC-5490,BOD-01,OP-03
2024-12-09,MP-0019,salida,78.7,CONS-105263,BOD-03,OP-03
2024-12-09,MP-0022,salida,97.0,CONS-105270,BOD-03,OP-05
2024-12-09,MP-0094,salida,59.6,CONS-105277,BOD-02,OP-04
2024-12-09,MP-0074,salida,61.9,CONS-105284,BOD-03,OP-01
2024-12-09,MP-0370,salida,20.0,CONS-105291,BOD-01,OP-01
2024-12-09,MP-0299,salida,77.4,CONS-105298,BOD-02,OP-01
2024-12-09,MP-0309,salida,70.3,CONS-105305,BOD-03,OP-03
2024-12-09,MP-0418,salida,65.2,CONS-105312,BOD-02,OP-02
2024-12-09,MP-0005,salida,79.6,CONS-105326,BOD-03,OP-01
2024-12-09,MP-0133,salida,126.6,CONS-105333,BOD-01,OP-05
2024-12-09,MP-0101,salida,111.3,CONS-105340,BOD-02,OP-01
2024-12-09,MP-0254,salida,131.0,CONS-105361,BOD-03,OP-03
2024-12-09,MP-0161,salida,48.9,CONS-105368,BOD-02,OP-03
2024-12-09,MP-0197,salida,118.5,CONS-105375,BOD-02,OP-05
2024-12-09,MP-0037,salida,95.5,CONS-105382,BOD-03,OP-03
2024-12-09,MP-0018,salida,15.9,CONS-105389,BOD-01,OP-02
2024-12-09,MP-0137,salida,80.1,CONS-105396,BOD-03,OP-06
2024-12-09,MP-0073,salida,115.4,CONS-105403,BOD-03,OP-04
2024-12-09,MP-0118,salida,103.7,CONS-105410,BOD-03,OP-06
2024-12-09,MP-0199,salida,98.1,CONS-105417,BOD-01,OP-06
2024-12-09,MP-0232,salida,87.8,CONS-105424,BOD-02,OP-05
2024-12-09,MP-0027,salida,5.6,CONS-105431,BOD-03,OP-03
2024-12-09,MP-0116,salida,16.9,CONS-105438,BOD-03,OP-06
2024-12-09,MP-0108,salida,41.3,CONS-105445,BOD-01,OP-06
2024-12-09,MP-0293,salida,29.6,CONS-105452,BOD-01,OP-02
2024-12-09,MP-0239,salida,14.1,CONS-105459,BOD-01,OP-04
2024-12-09,MP-0030,salida,3.8,CONS-105473,BOD-03,OP-04
2024-12-09,MP-0120,salida,18.2,CONS-105480,BOD-03,OP-04
2024-12-09,MP-0043,salida,10.5,CONS-105487,BOD-01,OP-05
2024-12-09,MP-0182,salida,68.2,CONS-105494,BOD-02,OP-02
2024-12-09,MP-0369,salida,21.2,CONS-105501,BOD-03,OP-03
2024-12-09,MP-0001,salida,85.4,CONS-105515,BOD-02,OP-03
2024-12-09,MP-0014,salida,69.4,CONS-105522,BOD-02,OP-01
2024-12-09,MP-0128,salida,85.7,CONS-105529,BOD-02,OP-01
2024-12-09,MP-0047,salida,36.7,CONS-105536,BOD-01,OP-06
2024-12-09,MP-0244,salida,41.4,CONS-105543,BOD-03,OP-02
2024-12-09,MP-0122,salida,52.1,CONS-105550,BOD-03,OP-04
2024-12-09,MP-0132,salida,86.5,CONS-105557,BOD-01,OP-05
2024-12-09,MP-0131,salida,32.0,CONS-105564,BOD-01,OP-01
2024-12-09,MP-0216,salida,66.9,CONS-105571,BOD-02,OP-04
2024-12-09,MP-0272,salida,8.5,CONS-105578,BOD-02,OP-04
2024-12-09,MP-0010,salida,88.5,CONS-105585,BOD-01,OP-06
2024-12-09,MP-0002,salida,50.3,CONS-105592,BOD-01,OP-03
2024-12-09,MP-0150,salida,70.4,CONS-105599,BOD-02,OP-04
2024-12-09,MP-0085,salida,53.7,CONS-105606,BOD-03,OP-05
2024-12-09,MP-0202,salida,107.9,CONS-105613,BOD-03,OP-02
2024-12-09,MP-0153,salida,49.6,CONS-105620,BOD-03,OP-01
2024-12-09,MP-0178,salida,23.4,CONS-105627,BOD-03,OP-06
2024-12-09,MP-0229,salida,110.6,CONS-105634,BOD-01,OP-06
2024-12-09,MP-0013,salida,77.4,CONS-105641,BOD-01,OP-04
2024-12-09,MP-0020,salida,62.8,CONS-105648,BOD-03,OP-06
2024-12-09,MP-0051,salida,115.5,CONS-105662,BOD-03,OP-05
2024-12-09,MP-0411,salida,76.8,CONS-105669,BOD-01,OP-03
2024-12-09,MP-0238,salida,72.3,CONS-105676,BOD-03,OP-03
2024-12-09,MP-0004,salida,24.7,CONS-105683,BOD-03,OP-06
2024-12-09,MP-0033,salida,21.8,CONS-105690,BOD-01,OP-03
2024-12-09,MP-0045,salida,13.8,CONS-105697,BOD-01,OP-05
2024-12-09,MP-0386,salida,30.6,CONS-105704,BOD-01,OP-04
2024-12-09,MP-0393,salida,9.8,CONS-105711,BOD-02,OP-06
2024-12-09,MP-0373,salida,62.8,CONS-105718,BOD-02,OP-05
2024-12-09,MP-0015,salida,44.8,CONS-105725,BOD-03,OP-03
2024-12-09,MP-0012,salida,68.0,CONS-105732,BOD-03,OP-04
2024-12-09,MP-0142,salida,68.3,CONS-105739,BOD-02,OP-04
2024-12-09,MP-0102,salida,83.3,CONS-105746,BOD-01,OP-04
2024-12-09,MP-0114,salida,19.9,CONS-105753,BOD-03,OP-04
2024-12-09,MP-0325,salida,53.5,CONS-105760,BOD-03,OP-05
2024-12-09,MP-0193,salida,48.2,CONS-105767,BOD-02,OP-03
2024-12-09,MP-0330,salida,22.3,CONS-105774,BOD-01,OP-02
2024-12-09,MP-0117,salida,24.0,CONS-105788,BOD-03,OP-02
2024-12-09,MP-0060,salida,21.4,CONS-105795,BOD-03,OP-06
2024-12-09,MP-0357,salida,26.4,CONS-105802,BOD-01,OP-02
2024-12-09,MP-0162,salida,4.0,CONS-105809,BOD-02,OP-05
2024-12-09,MP-0009,salida,25.8,CONS-105816,BOD-03,OP-05
2024-12-09,MP-0076,salida,-35.6,CONS-105823,BOD-01,OP-05
2024-12-09,MP-0077,salida,37.5,CONS-105830,BOD-03,OP-05
2024-12-09,MP-0273,salida,40.0,CONS-105837,BOD-01,OP-02
2024-12-09,MP-0026,salida,59.5,CONS-105844,BOD-03,OP-04
2024-12-09,MP-0111,salida,91.4,CONS-105851,BOD-01,OP-06
2024-12-09,MP-0071,salida,72.5,CONS-105858,BOD-03,OP-04
2024-12-09,MP-0388,salida,69.8,CONS-105865,BOD-03,OP-02
2024-12-09,MP-0227,salida,41.9,CONS-105872,BOD-03,OP-03
2024-12-09,MP-0088,salida,32.1,CONS-105879,BOD-03,OP-01
2024-12-09,MP-0143,salida,36.0,CONS-105886,BOD-02,OP-06
2024-12-09,MP-0181,salida,30.2,CONS-105893,BOD-02,OP-05
2024-12-09,MP-0321,salida,16.3,CONS-105907,BOD-03,OP-03
2024-12-09,MP-0343,salida,36.2,CONS-105914,BOD-03,OP-02
2024-12-09,MP-0036,salida,24.0,CONS-105921,BOD-01,OP-05
2024-12-09,MP-0080,salida,26.6,CONS-105928,BOD-03,OP-03
2024-12-09,MP-0139,salida,49.0,CONS-105935,BOD-03,OP-04
2024-12-09,MP-0356,salida,31.4,CONS-105942,BOD-02,OP-04
2024-12-09,MP-0339,salida,10.5,CONS-105949,BOD-03,OP-03
2024-12-09,MP-0078,salida,-42.7,CONS-105956,BOD-01,OP-02
2024-12-09,MP-0059,salida,26.3,CONS-105963,BOD-01,OP-04
2024-12-09,MP-0211,salida,20.6,CONS-105970,BOD-02,OP-01
2024-12-09,MP-0340,salida,20.6,CONS-105977,BOD-02,OP-06
2024-12-09,MP-0390,salida,14.8,CONS-105984,BOD-03,OP-01
2024-12-09,MP-0268,salida,13.5,CONS-105991,BOD-01,OP-03
2024-12-09,MP-0039,salida,10.3,CONS-105998,BOD-03,OP-05
2024-12-09,MP-0136,salida,58.8,CONS-106019,BOD-03,OP-03
2024-12-09,MP-0217,salida,51.9,CONS-106026,BOD-02,OP-05
2024-12-09,MP-0344,salida,86.1,CONS-106033,BOD-01,OP-03
2024-12-10,MP-0150,entrada,134,REC-OC-6189,BOD-02,OP-06
2024-12-11,MP-0089,entrada,397,REC-OC-5849,BOD-03,OP-01
2024-12-11,MP-0142,entrada,463,REC-OC-6140,BOD-03,OP-06
2024-12-11,MP-0027,entrada,512,REC-OC-5379,BOD-02,OP-06
2024-12-11,MP-0015,ajuste,36,AJU-120044,BOD-01,AUDIT
2024-12-12,MP-0206,entrada,93,REC-OC-6248,BOD-02,OP-03
2024-12-13,MP-0034,entrada,1327,REC-OC-5510,BOD-01,OP-03
2024-12-13,MP-0022,salida,97.0,CONS-105271,BOD-02,OP-02
2024-12-13,MP-0094,salida,59.6,CONS-105278,BOD-02,OP-02
2024-12-13,MP-0370,salida,20.0,CONS-105292,BOD-03,OP-03
2024-12-13,MP-0299,salida,77.4,CONS-105299,BOD-02,OP-03
2024-12-13,MP-0309,salida,70.3,CONS-105306,BOD-02,OP-06
2024-12-13,MP-0418,salida,65.2,CONS-105313,BOD-02,OP-03
2024-12-13,MP-0008,salida,105.4,CONS-105320,BOD-03,OP-05
2024-12-13,MP-0005,salida,79.6,CONS-105327,BOD-02,OP-05
2024-12-13,MP-0133,salida,126.6,CONS-105334,BOD-01,OP-02
2024-12-13,MP-0101,salida,111.3,CONS-105341,BOD-01,OP-05
2024-12-13,MP-0149,salida,108.3,CONS-105348,BOD-02,OP-03
2024-12-13,MP-0189,salida,90.0,CONS-105355,BOD-03,OP-04
2024-12-13,MP-0254,salida,131.0,CONS-105362,BOD-02,OP-05
2024-12-13,MP-0161,salida,48.9,CONS-105369,BOD-03,OP-06
2024-12-13,MP-0197,salida,118.5,CONS-105376,BOD-02,OP-01
2024-12-13,MP-0037,salida,95.5,CONS-105383,BOD-02,OP-05
2024-12-13,MP-0018,salida,15.9,CONS-105390,BOD-03,OP-02
2024-12-13,MP-0137,salida,-80.1,CONS-105397,BOD-02,OP-01
2024-12-13,MP-0073,salida,115.4,CONS-105404,BOD-03,OP-02
2024-12-13,MP-0118,salida,103.7,CONS-105411,BOD-02,OP-03
2024-12-13,MP-0199,salida,98.1,CONS-105418,BOD-03,OP-03
2024-12-13,MP-0232,salida,87.8,CONS-105425,BOD-03,OP-03
2024-12-13,MP-0027,salida,5.6,CONS-105432,BOD-03,OP-01
2024-12-13,MP-0116,salida,16.9,CONS-105439,BOD-03,OP-06
2024-12-13,MP-0108,salida,41.3,CONS-105446,BOD-03,OP-03
2024-12-13,MP-0293,salida,29.6,CONS-105453,BOD-02,OP-03
2024-12-13,MP-0239,salida,-14.1,CONS-105460,BOD-02,OP-04
2024-12-13,MP-0016,salida,61.2,CONS-105467,BOD-03,OP-01
2024-12-13,MP-0030,salida,-3.8,CONS-105474,BOD-01,OP-05
2024-12-13,MP-0120,salida,18.2,CONS-105481,BOD-02,OP-02
2024-12-13,MP-0043,salida,10.5,CONS-105488,BOD-02,OP-04
2024-12-13,MP-0369,salida,21.2,CONS-105502,BOD-03,OP-02
2024-12-13,MP-0157,salida,97.6,CONS-105509,BOD-01,OP-04
2024-12-13,MP-0001,salida,85.4,CONS-105516,BOD-02,OP-06
2024-12-13,MP-0014,salida,69.4,CONS-105523,BOD-03,OP-01
2024-12-13,MP-0047,salida,36.7,CONS-105537,BOD-03,OP-01
2024-12-13,MP-0244,salida,41.4,CONS-105544,BOD-01,OP-01
2024-12-13,MP-0122,salida,52.1,CONS-105551,BOD-03,OP-04
2024-12-13,MP-0132,salida,86.5,CONS-105558,BOD-02,OP-02
2024-12-13,MP-0216,salida,66.9,CONS-105572,BOD-03,OP-04
2024-12-13,MP-0272,salida,8.5,CONS-105579,BOD-01,OP-03
2024-12-13,MP-0010,salida,88.5,CONS-105586,BOD-02,OP-04
2024-12-13,MP-0002,salida,50.3,CONS-105593,BOD-01,OP-05
2024-12-13,MP-0150,salida,70.4,CONS-105600,BOD-01,OP-05
2024-12-13,MP-0085,salida,53.7,CONS-105607,BOD-01,OP-03
2024-12-13,MP-0202,salida,107.9,CONS-105614,BOD-01,OP-04
2024-12-13,MP-0153,salida,49.6,CONS-105621,BOD-01,OP-02
2024-12-13,MP-0178,salida,23.4,CONS-105628,BOD-01,OP-03
2024-12-13,MP-0229,salida,110.6,CONS-105635,BOD-01,OP-05
2024-12-13,MP-0013,salida,77.4,CONS-105642,BOD-01,OP-01
2024-12-13,MP-0020,salida,62.8,CONS-105649,BOD-02,OP-05
2024-12-13,MP-0106,salida,50.9,CONS-105656,BOD-01,OP-02
2024-12-13,MP-0051,salida,115.5,CONS-105663,BOD-02,OP-06
2024-12-13,MP-0411,salida,76.8,CONS-105670,BOD-01,OP-02
2024-12-13,MP-0238,salida,72.3,CONS-105677,BOD-02,OP-05
2024-12-13,MP-0004,salida,24.7,CONS-105684,BOD-03,OP-06
2024-12-13,MP-0045,salida,13.8,CONS-105698,BOD-03,OP-03
2024-12-13,MP-0386,salida,30.6,CONS-105705,BOD-01,OP-01
2024-12-13,MP-0393,salida,9.8,CONS-105712,BOD-02,OP-06
2024-12-13,MP-0373,salida,62.8,CONS-105719,BOD-02,OP-05
2024-12-13,MP-0015,salida,44.8,CONS-105726,BOD-01,OP-02
2024-12-13,MP-0012,salida,68.0,CONS-105733,BOD-01,OP-06
2024-12-13,MP-0142,salida,68.3,CONS-105740,BOD-02,OP-04
2024-12-13,MP-0102,salida,83.3,CONS-105747,BOD-02,OP-03
2024-12-13,MP-0114,salida,19.9,CONS-105754,BOD-01,OP-06
2024-12-13,MP-0325,salida,53.5,CONS-105761,BOD-03,OP-05
2024-12-13,MP-0193,salida,48.2,CONS-105768,BOD-01,OP-04
2024-12-13,MP-0330,salida,22.3,CONS-105775,BOD-03,OP-02
2024-12-13,MP-0024,salida,67.7,CONS-105782,BOD-01,OP-01
2024-12-13,MP-0117,salida,24.0,CONS-105789,BOD-03,OP-03
2024-12-13,MP-0060,salida,21.4,CONS-105796,BOD-03,OP-01
2024-12-13,MP-0357,salida,26.4,CONS-105803,BOD-02,OP-02
2024-12-13,MP-0162,salida,4.0,CONS-105810,BOD-01,OP-06
2024-12-13,MP-0009,salida,25.8,CONS-105817,BOD-01,OP-06
2024-12-13,MP-0076,salida,35.6,CONS-105824,BOD-01,OP-06
2024-12-13,MP-0077,salida,37.5,CONS-105831,BOD-01,OP-04
2024-12-13,MP-0273,salida,40.0,CONS-105838,BOD-01,OP-03
2024-12-13,MP-0026,salida,59.5,CONS-105845,BOD-01,OP-03
2024-12-13,MP-0111,salida,91.4,CONS-105852,BOD-01,OP-04
2024-12-13,MP-0071,salida,72.5,CONS-105859,BOD-02,OP-02
2024-12-13,MP-0388,salida,69.8,CONS-105866,BOD-03,OP-05
2024-12-13,MP-0227,salida,41.9,CONS-105873,BOD-03,OP-01
2024-12-13,MP-0088,salida,32.1,CONS-105880,BOD-02,OP-06
2024-12-13,MP-0143,salida,36.0,CONS-105887,BOD-02,OP-04
2024-12-13,MP-0181,salida,30.2,CONS-105894,BOD-02,OP-01
2024-12-13,MP-0385,salida,8.8,CONS-105901,BOD-01,OP-06
2024-12-13,MP-0321,salida,16.3,CONS-105908,BOD-02,OP-06
2024-12-13,MP-0343,salida,36.2,CONS-105915,BOD-01,OP-01
2024-12-13,MP-0080,salida,26.6,CONS-105929,BOD-02,OP-06
2024-12-13,MP-0139,salida,49.0,CONS-105936,BOD-01,OP-02
2024-12-13,MP-0356,salida,31.4,CONS-105943,BOD-01,OP-04
2024-12-13,MP-0339,salida,10.5,CONS-105950,BOD-02,OP-05
2024-12-13,MP-0078,salida,42.7,CONS-105957,BOD-01,OP-01
2024-12-13,MP-0059,salida,26.3,CONS-105964,BOD-03,OP-01
2024-12-13,MP-0211,salida,20.6,CONS-105971,BOD-02,OP-04
2024-12-13,MP-0340,salida,20.6,CONS-105978,BOD-03,OP-03
2024-12-13,MP-0390,salida,14.8,CONS-105985,BOD-03,OP-01
2024-12-13,MP-0268,salida,13.5,CONS-105992,BOD-01,OP-06
2024-12-13,MP-0032,salida,20.2,CONS-106006,BOD-02,OP-05
2024-12-13,MP-0129,salida,68.4,CONS-106013,BOD-02,OP-03
2024-12-13,MP-0136,salida,58.8,CONS-106020,BOD-01,OP-02
2024-12-13,MP-0217,salida,51.9,CONS-106027,BOD-03,OP-05
2024-12-13,MP-0344,salida,86.1,CONS-106034,BOD-02,OP-01
2024-12-16,MP-0055,entrada,424,REC-OC-5674,BOD-02,OP-02
2024-12-16,MP-0147,entrada,340,REC-OC-6179,BOD-01,OP-03
2024-12-17,MP-0075,entrada,135,REC-OC-5774,BOD-01,OP-06
2024-12-17,MP-0351,entrada,12,REC-OC-6400,BOD-03,OP-03
2024-12-17,MP-0019,salida,78.7,CONS-105265,BOD-01,OP-01
2024-12-17,MP-0022,salida,97.0,CONS-105272,BOD-03,OP-02
2024-12-17,MP-0094,salida,59.6,CONS-105279,BOD-03,OP-02
2024-12-17,MP-0074,salida,61.9,CONS-105286,BOD-01,OP-06
2024-12-17,MP-0370,salida,20.0,CONS-105293,BOD-01,OP-01
2024-12-17,MP-0299,salida,77.4,CONS-105300,BOD-01,OP-06
2024-12-17,MP-0309,salida,70.3,CONS-105307,BOD-02,OP-05
2024-12-17,MP-0418,salida,65.2,CONS-105314,BOD-03,OP-03
2024-12-17,MP-0008,salida,105.4,CONS-105321,BOD-02,OP-05
2024-12-17,MP-0133,salida,126.6,CONS-105335,BOD-02,OP-02
2024-12-17,MP-0101,salida,111.3,CONS-105342,BOD-01,OP-03
2024-12-17,MP-0149,salida,-108.3,CONS-105349,BOD-01,OP-03
2024-12-17,MP-0189,salida,90.0,CONS-105356,BOD-01,OP-01
2024-12-17,MP-0254,salida,131.0,CONS-105363,BOD-02,OP-06
2024-12-17,MP-0161,salida,48.9,CONS-105370,BOD-01,OP-05
2024-12-17,MP-0197,salida,118.5,CONS-105377,BOD-03,OP-03
2024-12-17,MP-0037,salida,95.5,CONS-105384,BOD-03,OP-06
2024-12-17,MP-0018,salida,15.9,CONS-105391,BOD-02,OP-05
2024-12-17,MP-0137,salida,80.1,CONS-105398,BOD-01,OP-04
2024-12-17,MP-0073,salida,115.4,CONS-105405,BOD-01,OP-04
2024-12-17,MP-0118,salida,103.7,CONS-105412,BOD-03,OP-01
2024-12-17,MP-0232,salida,87.8,CONS-105426,BOD-02,OP-04
2024-12-17,MP-0027,salida,5.6,CONS-105433,BOD-02,OP-03
2024-12-17,MP-0116,salida,16.9,CONS-105440,BOD-01,OP-01
2024-12-17,MP-0108,salida,41.3,CONS-105447,BOD-03,OP-05
2024-12-17,MP-0293,salida,29.6,CONS-105454,BOD-01,OP-05
2024-12-17,MP-0239,salida,-14.1,CONS-105461,BOD-02,OP-03
2024-12-17,MP-0016,salida,61.2,CONS-105468,BOD-03,OP-03
2024-12-17,MP-0120,salida,18.2,CONS-105482,BOD-02,OP-04
2024-12-17,MP-0043,salida,10.5,CONS-105489,BOD-02,OP-06
2024-12-17,MP-0182,salida,68.2,CONS-105496,BOD-03,OP-06
2024-12-17,MP-0369,salida,21.2,CONS-105503,BOD-01,OP-01
2024-12-17,MP-0157,salida,97.6,CONS-105510,BOD-02,OP-04
2024-12-17,MP-0014,salida,69.4,CONS-105524,BOD-01,OP-06
2024-12-17,MP-0128,salida,85.7,CONS-105531,BOD-01,OP-01
2024-12-17,MP-0047,salida,-36.7,CONS-105538,BOD-02,OP-02
2024-12-17,MP-0244,salida,41.4,CONS-105545,BOD-01,OP-02
2024-12-17,MP-0122,salida,52.1,CONS-105552,BOD-03,OP-06
2024-12-17,MP-0132,salida,86.5,CONS-105559,BOD-03,OP-06
2024-12-17,MP-0131,salida,32.0,CONS-105566,BOD-03,OP-02
2024-12-17,MP-0216,salida,66.9,CONS-105573,BOD-02,OP-04
2024-12-17,MP-0272,salida,8.5,CONS-105580,BOD-02,OP-06
2024-12-17,MP-0010,salida,88.5,CONS-105587,BOD-01,OP-02
2024-12-17,MP-0002,salida,50.3,CONS-105594,BOD-03,OP-04
2024-12-17,MP-0150,salida,70.4,CONS-105601,BOD-03,OP-02
2024-12-17,MP-0085,salida,53.7,CONS-105608,BOD-01,OP-04
2024-12-17,MP-0153,salida,49.6,CONS-105622,BOD-02,OP-01
2024-12-17,MP-0178,salida,23.4,CONS-105629,BOD-03,OP-06
2024-12-17,MP-0229,salida,110.6,CONS-105636,BOD-02,OP-04
2024-12-17,MP-0106,salida,50.9,CONS-105657,BOD-01,OP-02
2024-12-17,MP-0051,salida,115.5,CONS-105664,BOD-03,OP-02
2024-12-17,MP-0411,salida,76.8,CONS-105671,BOD-03,OP-03
2024-12-17,MP-0238,salida,72.3,CONS-105678,BOD-02,OP-02
2024-12-17,MP-0004,salida,24.7,CONS-105685,BOD-01,OP-05
2024-12-17,MP-0045,salida,13.8,CONS-105699,BOD-02,OP-04
2024-12-17,MP-0386,salida,30.6,CONS-105706,BOD-02,OP-05
2024-12-17,MP-0393,salida,9.8,CONS-105713,BOD-01,OP-02
2024-12-17,MP-0373,salida,62.8,CONS-105720,BOD-01,OP-05
2024-12-17,MP-0015,salida,44.8,CONS-105727,BOD-03,OP-03
2024-12-17,MP-0012,salida,68.0,CONS-105734,BOD-03,OP-01
2024-12-17,MP-0142,salida,68.3,CONS-105741,BOD-02,OP-05
2024-12-17,MP-0102,salida,83.3,CONS-105748,BOD-01,OP-05
2024-12-17,MP-0325,salida,53.5,CONS-105762,BOD-02,OP-06
2024-12-17,MP-0193,salida,48.2,CONS-105769,BOD-02,OP-06
2024-12-17,MP-0330,salida,22.3,CONS-105776,BOD-03,OP-06
2024-12-17,MP-0117,salida,24.0,CONS-105790,BOD-01,OP-06
2024-12-17,MP-0060,salida,21.4,CONS-105797,BOD-01,OP-03
2024-12-17,MP-0357,salida,26.4,CONS-105804,BOD-03,OP-05
2024-12-17,MP-0162,salida,4.0,CONS-105811,BOD-01,OP-06
2024-12-17,MP-0009,salida,25.8,CONS-105818,BOD-03,OP-01
2024-12-17,MP-0076,salida,-35.6,CONS-105825,BOD-01,OP-02
2024-12-17,MP-0077,salida,37.5,CONS-105832,BOD-03,OP-02
2024-12-17,MP-0273,salida,40.0,CONS-105839,BOD-03,OP-03
2024-12-17,MP-0026,salida,59.5,CONS-105846,BOD-01,OP-05
2024-12-17,MP-0111,salida,91.4,CONS-105853,BOD-01,OP-01
2024-12-17,MP-0071,salida,72.5,CONS-105860,BOD-02,OP-04
2024-12-17,MP-0388,salida,69.8,CONS-105867,BOD-02,OP-04
2024-12-17,MP-0227,salida,41.9,CONS-105874,BOD-01,OP-06
2024-12-17,MP-0088,salida,32.1,CONS-105881,BOD-01,OP-04
2024-12-17,MP-0143,salida,36.0,CONS-105888,BOD-01,OP-02
2024-12-17,MP-0181,salida,30.2,CONS-105895,BOD-02,OP-06
2024-12-17,MP-0385,salida,8.8,CONS-105902,BOD-03,OP-01
2024-12-17,MP-0321,salida,16.3,CONS-105909,BOD-03,OP-06
2024-12-17,MP-0343,salida,36.2,CONS-105916,BOD-03,OP-01
2024-12-17,MP-0036,salida,24.0,CONS-105923,BOD-01,OP-03
2024-12-17,MP-0080,salida,26.6,CONS-105930,BOD-02,OP-02
2024-12-17,MP-0139,salida,49.0,CONS-105937,BOD-01,OP-02
2024-12-17,MP-0356,salida,31.4,CONS-105944,BOD-01,OP-05
2024-12-17,MP-0339,salida,10.5,CONS-105951,BOD-01,OP-03
2024-12-17,MP-0078,salida,42.7,CONS-105958,BOD-01,OP-05
2024-12-17,MP-0059,salida,26.3,CONS-105965,BOD-03,OP-03
2024-12-17,MP-0211,salida,20.6,CONS-105972,BOD-02,OP-02
2024-12-17,MP-0340,salida,20.6,CONS-105979,BOD-02,OP-03
2024-12-17,MP-0390,salida,14.8,CONS-105986,BOD-02,OP-05
2024-12-17,MP-0268,salida,13.5,CONS-105993,BOD-03,OP-02
2024-12-17,MP-0039,salida,10.3,CONS-106000,BOD-03,OP-04
2024-12-17,MP-0129,salida,68.4,CONS-106014,BOD-02,OP-02
2024-12-17,MP-0136,salida,58.8,CONS-106021,BOD-02,OP-04
2024-12-17,MP-0344,salida,86.1,CONS-106035,BOD-02,OP-04
2024-12-18,MP-0024,entrada,1382,REC-OC-5337,BOD-01,OP-04
2024-12-18,MP-0071,entrada,281,REC-OC-5757,BOD-01,OP-04
2024-12-19,MP-0128,entrada,369,REC-OC-6054,BOD-03,OP-04
2024-12-19,MP-0023,entrada,2087,REC-OC-5315,BOD-01,OP-04
2024-12-19,MP-0024,entrada,1399,REC-OC-5334,BOD-02,OP-05
2024-12-20,MP-0169,ajuste,-8,AJU-120029,BOD-01,AUDIT
2024-12-21,MP-0043,entrada,207,REC-OC-5603,BOD-02,OP-06
2024-12-21,MP-0084,entrada,303,REC-OC-5815,BOD-03,OP-06
2024-12-21,MP-0098,entrada,417,REC-OC-5896,BOD-03,OP-04
2024-12-21,MP-0242,entrada,13,REC-OC-6285,BOD-01,OP-02
2024-12-21,MP-0019,salida,78.7,CONS-105266,BOD-01,OP-02
2024-12-21,MP-0094,salida,59.6,CONS-105280,BOD-03,OP-04
2024-12-21,MP-0074,salida,61.9,CONS-105287,BOD-01,OP-05
2024-12-21,MP-0370,salida,20.0,CONS-105294,BOD-03,OP-01
2024-12-21,MP-0299,salida,77.4,CONS-105301,BOD-02,OP-03
2024-12-21,MP-0309,salida,70.3,CONS-105308,BOD-03,OP-01
2024-12-21,MP-0418,salida,65.2,CONS-105315,BOD-02,OP-05
2024-12-21,MP-0008,salida,105.4,CONS-105322,BOD-01,OP-01
2024-12-21,MP-0005,salida,79.6,CONS-105329,BOD-01,OP-03
2024-12-21,MP-0133,salida,126.6,CONS-105336,BOD-03,OP-03
2024-12-21,MP-0101,salida,111.3,CONS-105343,BOD-03,OP-04
2024-12-21,MP-0149,salida,108.3,CONS-105350,BOD-02,OP-04
2024-12-21,MP-0189,salida,90.0,CONS-105357,BOD-01,OP-02
2024-12-21,MP-0254,salida,131.0,CONS-105364,BOD-02,OP-03
2024-12-21,MP-0161,salida,48.9,CONS-105371,BOD-01,OP-02
2024-12-21,MP-0197,salida,118.5,CONS-105378,BOD-03,OP-01
2024-12-21,MP-0037,salida,95.5,CONS-105385,BOD-02,OP-06
2024-12-21,MP-0018,salida,15.9,CONS-105392,BOD-01,OP-02
2024-12-21,MP-0137,salida,80.1,CONS-105399,BOD-02,OP-01
2024-12-21,MP-0073,salida,115.4,CONS-105406,BOD-02,OP-03
2024-12-21,MP-0118,salida,103.7,CONS-105413,BOD-03,OP-06
2024-12-21,MP-0199,salida,98.1,CONS-105420,BOD-03,OP-05
2024-12-21,MP-0232,salida,87.8,CONS-105427,BOD-03,OP-06
2024-12-21,MP-0027,salida,5.6,CONS-105434,BOD-03,OP-03
2024-12-21,MP-0116,salida,16.9,CONS-105441,BOD-03,OP-02
2024-12-21,MP-0108,salida,41.3,CONS-105448,BOD-01,OP-06
2024-12-21,MP-0293,salida,29.6,CONS-105455,BOD-03,OP-02
2024-12-21,MP-0239,salida,14.1,CONS-105462,BOD-03,OP-04
2024-12-21,MP-0016,salida,61.2,CONS-105469,BOD-01,OP-03
2024-12-21,MP-0030,salida,3.8,CONS-105476,BOD-03,OP-01
2024-12-21,MP-0120,salida,18.2,CONS-105483,BOD-03,OP-02
2024-12-21,MP-0043,salida,10.5,CONS-105490,BOD-01,OP-05
2024-12-21,MP-0182,salida,68.2,CONS-105497,BOD-03,OP-01
2024-12-21,MP-0369,salida,21.2,CONS-105504,BOD-01,OP-05
2024-12-21,MP-0157,salida,97.6,CONS-105511,BOD-01,OP-05
2024-12-21,MP-0001,salida,85.4,CONS-105518,BOD-01,OP-04
2024-12-21,MP-0014,salida,69.4,CONS-105525,BOD-03,OP-03
2024-12-21,MP-0128,salida,85.7,CONS-105532,BOD-03,OP-05
2024-12-21,MP-0047,salida,36.7,CONS-105539,BOD-01,OP-02
2024-12-21,MP-0244,salida,41.4,CONS-105546,BOD-02,OP-05
2024-12-21,MP-0122,salida,52.1,CONS-105553,BOD-02,OP-05
2024-12-21,MP-0132,salida,86.5,CONS-105560,BOD-02,OP-03
2024-12-21,MP-0131,salida,32.0,CONS-105567,BOD-02,OP-02
2024-12-21,MP-0216,salida,66.9,CONS-105574,BOD-01,OP-04
2024-12-21,MP-0272,salida,8.5,CONS-105581,BOD-02,OP-04
2024-12-21,MP-0002,salida,50.3,CONS-105595,BOD-02,OP-06
2024-12-21,MP-0150,salida,70.4,CONS-105602,BOD-02,OP-06
2024-12-21,MP-0085,salida,53.7,CONS-105609,BOD-02,OP-01
2024-12-21,MP-0202,salida,107.9,CONS-105616,BOD-01,OP-01
2024-12-21,MP-0153,salida,49.6,CONS-105623,BOD-02,OP-06
2024-12-21,MP-0229,salida,110.6,CONS-105637,BOD-03,OP-06
2024-12-21,MP-0013,salida,77.4,CONS-105644,BOD-02,OP-02
2024-12-21,MP-0020,salida,62.8,CONS-105651,BOD-01,OP-06
2024-12-21,MP-0106,salida,50.9,CONS-105658,BOD-02,OP-01
2024-12-21,MP-0051,salida,115.5,CONS-105665,BOD-03,OP-01
2024-12-21,MP-0411,salida,76.8,CONS-105672,BOD-02,OP-01
2024-12-21,MP-0238,salida,72.3,CONS-105679,BOD-02,OP-02
2024-12-21,MP-0004,salida,24.7,CONS-105686,BOD-03,OP-04
2024-12-21,MP-0033,salida,21.8,CONS-105693,BOD-02,OP-05
2024-12-21,MP-0045,salida,13.8,CONS-105700,BOD-01,OP-05
2024-12-21,MP-0386,salida,30.6,CONS-105707,BOD-02,OP-06
2024-12-21,MP-0393,salida,9.8,CONS-105714,BOD-03,OP-05
2024-12-21,MP-0373,salida,62.8,CONS-105721,BOD-02,OP-01
2024-12-21,MP-0015,salida,44.8,CONS-105728,BOD-02,OP-01
2024-12-21,MP-0012,salida,68.0,CONS-105735,BOD-03,OP-05
2024-12-21,MP-0142,salida,68.3,CONS-105742,BOD-02,OP-04
2024-12-21,MP-0102,salida,83.3,CONS-105749,BOD-03,OP-01
2024-12-21,MP-0114,salida,19.9,CONS-105756,BOD-03,OP-01
2024-12-21,MP-0325,salida,53.5,CONS-105763,BOD-03,OP-02
2024-12-21,MP-0193,salida,48.2,CONS-105770,BOD-03,OP-01
2024-12-21,MP-0330,salida,-22.3,CONS-105777,BOD-01,OP-03
2024-12-21,MP-0024,salida,67.7,CONS-105784,BOD-01,OP-04
2024-12-21,MP-0117,salida,24.0,CONS-105791,BOD-01,OP-02
2024-12-21,MP-0060,salida,21.4,CONS-105798,BOD-01,OP-05
2024-12-21,MP-0357,salida,26.4,CONS-105805,BOD-03,OP-03
2024-12-21,MP-0162,salida,4.0,CONS-105812,BOD-02,OP-06
2024-12-21,MP-0009,salida,-25.8,CONS-105819,BOD-03,OP-03
2024-12-21,MP-0077,salida,37.5,CONS-105833,BOD-02,OP-03
2024-12-21,MP-0273,salida,40.0,CONS-105840,BOD-03,OP-06
2024-12-21,MP-0026,salida,59.5,CONS-105847,BOD-02,OP-05
2024-12-21,MP-0111,salida,91.4,CONS-105854,BOD-01,OP-05
2024-12-21,MP-0071,salida,72.5,CONS-105861,BOD-03,OP-02
2024-12-21,MP-0388,salida,69.8,CONS-105868,BOD-01,OP-06
2024-12-21,MP-0227,salida,41.9,CONS-105875,BOD-02,OP-02
2024-12-21,MP-0143,salida,36.0,CONS-105889,BOD-02,OP-04
2024-12-21,MP-0181,salida,30.2,CONS-105896,BOD-01,OP-03
2024-12-21,MP-0385,salida,8.8,CONS-105903,BOD-02,OP-03
2024-12-21,MP-0321,salida,16.3,CONS-105910,BOD-02,OP-01
2024-12-21,MP-0343,salida,36.2,CONS-105917,BOD-02,OP-05
2024-12-21,MP-0036,salida,24.0,CONS-105924,BOD-02,OP-04
2024-12-21,MP-0080,salida,26.6,CONS-105931,BOD-01,OP-06
2024-12-21,MP-0139,salida,49.0,CONS-105938,BOD-02,OP-06
2024-12-21,MP-0356,salida,31.4,CONS-105945,BOD-02,OP-03
2024-12-21,MP-0339,salida,10.5,CONS-105952,BOD-02,OP-02
2024-12-21,MP-0078,salida,42.7,CONS-105959,BOD-02,OP-05
2024-12-21,MP-0059,salida,26.3,CONS-105966,BOD-02,OP-02
2024-12-21,MP-0211,salida,20.6,CONS-105973,BOD-01,OP-03
2024-12-21,MP-0340,salida,20.6,CONS-105980,BOD-02,OP-06
2024-12-21,MP-0390,salida,14.8,CONS-105987,BOD-01,OP-01
2024-12-21,MP-0268,salida,13.5,CONS-105994,BOD-03,OP-05
2024-12-21,MP-0039,salida,10.3,CONS-106001,BOD-03,OP-06
2024-12-21,MP-0032,salida,20.2,CONS-106008,BOD-01,OP-03
2024-12-21,MP-0129,salida,68.4,CONS-106015,BOD-02,OP-01
2024-12-21,MP-0136,salida,58.8,CONS-106022,BOD-01,OP-01
2024-12-21,MP-0217,salida,51.9,CONS-106029,BOD-02,OP-04
2024-12-21,MP-0344,salida,86.1,CONS-106036,BOD-03,OP-04
2024-12-22,MP-0002,entrada,1344,REC-OC-5024,BOD-01,OP-05
2024-12-23,MP-0009,entrada,1953,REC-OC-5111,BOD-03,OP-05
2024-12-24,MP-0050,entrada,393,REC-OC-5651,BOD-01,OP-01
2024-12-24,MP-0064,entrada,189,REC-OC-5725,BOD-01,OP-05
2024-12-25,MP-0015,entrada,609,REC-OC-5198,BOD-03,OP-02
2024-12-25,MP-0019,salida,78.7,CONS-105267,BOD-03,OP-05
2024-12-25,MP-0022,salida,97.0,CONS-105274,BOD-02,OP-03
2024-12-25,MP-0094,salida,59.6,CONS-105281,BOD-01,OP-01
2024-12-25,MP-0074,salida,61.9,CONS-105288,BOD-02,OP-05
2024-12-25,MP-0370,salida,20.0,CONS-105295,BOD-02,OP-04
2024-12-25,MP-0299,salida,77.4,CONS-105302,BOD-01,OP-03
2024-12-25,MP-0309,salida,70.3,CONS-105309,BOD-02,OP-01
2024-12-25,MP-0418,salida,65.2,CONS-105316,BOD-03,OP-02
2024-12-25,MP-0008,salida,105.4,CONS-105323,BOD-02,OP-04
2024-12-25,MP-0005,salida,79.6,CONS-105330,BOD-03,OP-01
2024-12-25,MP-0101,salida,111.3,CONS-105344,BOD-02,OP-06
2024-12-25,MP-0149,salida,108.3,CONS-105351,BOD-02,OP-02
2024-12-25,MP-0189,salida,90.0,CONS-105358,BOD-01,OP-06
2024-12-25,MP-0254,salida,131.0,CONS-105365,BOD-01,OP-02
2024-12-25,MP-0161,salida,48.9,CONS-105372,BOD-02,OP-03
2024-12-25,MP-0197,salida,118.5,CONS-105379,BOD-02,OP-03
2024-12-25,MP-0037,salida,95.5,CONS-105386,BOD-02,OP-04
2024-12-25,MP-0018,salida,15.9,CONS-105393,BOD-02,OP-04
2024-12-25,MP-0137,salida,80.1,CONS-105400,BOD-03,OP-03
2024-12-25,MP-0073,salida,115.4,CONS-105407,BOD-02,OP-06
2024-12-25,MP-0118,salida,103.7,CONS-105414,BOD-02,OP-02
2024-12-25,MP-0199,salida,98.1,CONS-105421,BOD-03,OP-04
2024-12-25,MP-0232,salida,87.8,CONS-105428,BOD-02,OP-01
2024-12-25,MP-0027,salida,5.6,CONS-105435,BOD-01,OP-01
2024-12-25,MP-0116,salida,16.9,CONS-105442,BOD-02,OP-05
2024-12-25,MP-0108,salida,41.3,CONS-105449,BOD-02,OP-02
2024-12-25,MP-0293,salida,29.6,CONS-105456,BOD-02,OP-03
2024-12-25,MP-0016,salida,61.2,CONS-105470,BOD-02,OP-03
2024-12-25,MP-0030,salida,3.8,CONS-105477,BOD-03,OP-01
2024-12-25,MP-0120,salida,18.2,CONS-105484,BOD-02,OP-05
2024-12-25,MP-0043,salida,10.5,CONS-105491,BOD-01,OP-01
2024-12-25,MP-0182,salida,68.2,CONS-105498,BOD-02,OP-02
2024-12-25,MP-0369,salida,-21.2,CONS-105505,BOD-01,OP-05
2024-12-25,MP-0157,salida,97.6,CONS-105512,BOD-02,OP-01
2024-12-25,MP-0001,salida,85.4,CONS-105519,BOD-02,OP-04
2024-12-25,MP-0128,salida,85.7,CONS-105533,BOD-01,OP-04
2024-12-25,MP-0047,salida,36.7,CONS-105540,BOD-03,OP-01
2024-12-25,MP-0244,salida,41.4,CONS-105547,BOD-03,OP-02
2024-12-25,MP-0122,salida,52.1,CONS-105554,BOD-02,OP-03
2024-12-25,MP-0132,salida,86.5,CONS-105561,BOD-01,OP-01
2024-12-25,MP-0131,salida,32.0,CONS-105568,BOD-03,OP-04
2024-12-25,MP-0216,salida,66.9,CONS-105575,BOD-01,OP-05
2024-12-25,MP-0272,salida,8.5,CONS-105582,BOD-03,OP-06
2024-12-25,MP-0010,salida,88.5,CONS-105589,BOD-03,OP-01
2024-12-25,MP-0002,salida,50.3,CONS-105596,BOD-02,OP-04
2024-12-25,MP-0150,salida,-70.4,CONS-105603,BOD-03,OP-05
2024-12-25,MP-0085,salida,53.7,CONS-105610,BOD-01,OP-04
2024-12-25,MP-0202,salida,107.9,CONS-105617,BOD-03,OP-04
2024-12-25,MP-0153,salida,49.6,CONS-105624,BOD-02,OP-06
2024-12-25,MP-0178,salida,23.4,CONS-105631,BOD-02,OP-05
2024-12-25,MP-0013,salida,77.4,CONS-105645,BOD-01,OP-01
2024-12-25,MP-0020,salida,62.8,CONS-105652,BOD-03,OP-04
2024-12-25,MP-0106,salida,50.9,CONS-105659,BOD-03,OP-01
2024-12-25,MP-0051,salida,115.5,CONS-105666,BOD-03,OP-06
2024-12-25,MP-0411,salida,76.8,CONS-105673,BOD-02,OP-06
2024-12-25,MP-0004,salida,24.7,CONS-105687,BOD-03,OP-03
2024-12-25,MP-0033,salida,21.8,CONS-105694,BOD-02,OP-04
2024-12-25,MP-0045,salida,13.8,CONS-105701,BOD-01,OP-01
2024-12-25,MP-0386,salida,30.6,CONS-105708,BOD-03,OP-05
2024-12-25,MP-0393,salida,9.8,CONS-105715,BOD-02,OP-01
2024-12-25,MP-0012,salida,68.0,CONS-105736,BOD-01,OP-03
2024-12-25,MP-0142,salida,68.3,CONS-105743,BOD-03,OP-01
2024-12-25,MP-0102,salida,83.3,CONS-105750,BOD-01,OP-06
2024-12-25,MP-0114,salida,19.9,CONS-105757,BOD-02,OP-05
2024-12-25,MP-0325,salida,53.5,CONS-105764,BOD-01,OP-04
2024-12-25,MP-0193,salida,48.2,CONS-105771,BOD-03,OP-03
2024-12-25,MP-0330,salida,22.3,CONS-105778,BOD-02,OP-03
2024-12-25,MP-0024,salida,67.7,CONS-105785,BOD-03,OP-04
2024-12-25,MP-0117,salida,24.0,CONS-105792,BOD-02,OP-02
2024-12-25,MP-0060,salida,21.4,CONS-105799,BOD-01,OP-03
2024-12-25,MP-0357,salida,26.4,CONS-105806,BOD-01,OP-01
2024-12-25,MP-0162,salida,4.0,CONS-105813,BOD-01,OP-01
2024-12-25,MP-0009,salida,25.8,CONS-105820,BOD-03,OP-03
2024-12-25,MP-0076,salida,35.6,CONS-105827,BOD-01,OP-02
2024-12-25,MP-0077,salida,37.5,CONS-105834,BOD-01,OP-03
2024-12-25,MP-0273,salida,40.0,CONS-105841,BOD-01,OP-02
2024-12-25,MP-0026,salida,59.5,CONS-105848,BOD-02,OP-05
2024-12-25,MP-0111,salida,91.4,CONS-105855,BOD-02,OP-04
2024-12-25,MP-0071,salida,72.5,CONS-105862,BOD-03,OP-06
2024-12-25,MP-0388,salida,69.8,CONS-105869,BOD-02,OP-06
2024-12-25,MP-0227,salida,41.9,CONS-105876,BOD-02,OP-06
2024-12-25,MP-0088,salida,32.1,CONS-105883,BOD-03,OP-01
2024-12-25,MP-0143,salida,36.0,CONS-105890,BOD-02,OP-01
2024-12-25,MP-0181,salida,-30.2,CONS-105897,BOD-02,OP-04
2024-12-25,MP-0385,salida,8.8,CONS-105904,BOD-02,OP-04
2024-12-25,MP-0321,salida,16.3,CONS-105911,BOD-02,OP-05
2024-12-25,MP-0343,salida,36.2,CONS-105918,BOD-03,OP-04
2024-12-25,MP-0036,salida,24.0,CONS-105925,BOD-03,OP-05
2024-12-25,MP-0080,salida,26.6,CONS-105932,BOD-01,OP-01
2024-12-25,MP-0139,salida,49.0,CONS-105939,BOD-01,OP-04
2024-12-25,MP-0356,salida,31.4,CONS-105946,BOD-02,OP-04
2024-12-25,MP-0339,salida,10.5,CONS-105953,BOD-01,OP-02
2024-12-25,MP-0078,salida,42.7,CONS-105960,BOD-03,OP-03
2024-12-25,MP-0059,salida,26.3,CONS-105967,BOD-01,OP-01
2024-12-25,MP-0211,salida,20.6,CONS-105974,BOD-03,OP-06
2024-12-25,MP-0340,salida,20.6,CONS-105981,BOD-02,OP-06
2024-12-25,MP-0390,salida,14.8,CONS-105988,BOD-02,OP-03
2024-12-25,MP-0268,salida,-13.5,CONS-105995,BOD-02,OP-04
2024-12-25,MP-0039,salida,10.3,CONS-106002,BOD-02,OP-01
2024-12-25,MP-0032,salida,20.2,CONS-106009,BOD-03,OP-01
2024-12-25,MP-0129,salida,68.4,CONS-106016,BOD-03,OP-02
2024-12-25,MP-0217,salida,51.9,CONS-106030,BOD-01,OP-05
2024-12-25,MP-0344,salida,86.1,CONS-106037,BOD-03,OP-05
2024-12-26,MP-0054,entrada,335,REC-OC-5669,BOD-01,OP-03
2024-12-27,MP-0033,entrada,1193,REC-OC-5478,BOD-03,OP-04
2024-12-28,MP-0370,entrada,65,REC-OC-6419,BOD-02,OP-03
2024-12-28,MP-0235,entrada,10,REC-OC-6278,BOD-01,OP-03
2024-12-29,MP-0407,entrada,3,REC-OC-6458,BOD-03,OP-01
2025-01-01,MP-0137,entrada,333,REC-OC-6112,BOD-01,OP-01
2025-01-01,MP-0019,salida,60.4,CONS-106038,BOD-02,OP-04
2025-01-01,MP-0022,salida,-127.2,CONS-106045,BOD-03,OP-05
2025-01-01,MP-0094,salida,51.9,CONS-106052,BOD-01,OP-06
2025-01-01,MP-0074,salida,53.9,CONS-106059,BOD-02,OP-01
2025-01-01,MP-0370,salida,17.4,CONS-106066,BOD-01,OP-03
2025-01-01,MP-0299,salida,67.4,CONS-106073,BOD-01,OP-01
2025-01-01,MP-0309,salida,61.2,CONS-106080,BOD-01,OP-05
2025-01-01,MP-0418,salida,56.8,CONS-106087,BOD-02,OP-03
2025-01-01,MP-0008,salida,156.9,CONS-106094,BOD-03,OP-04
2025-01-01,MP-0005,salida,83.6,CONS-106101,BOD-01,OP-06
2025-01-01,MP-0133,salida,86.9,CONS-106108,BOD-01,OP-01
2025-01-01,MP-0101,salida,76.4,CONS-106115,BOD-01,OP-06
2025-01-01,MP-0149,salida,165.2,CONS-106122,BOD-01,OP-05
2025-01-01,MP-0189,salida,61.8,CONS-106129,BOD-03,OP-05
2025-01-01,MP-0254,salida,89.9,CONS-106136,BOD-03,OP-05
2025-01-01,MP-0161,salida,-33.6,CONS-106143,BOD-02,OP-06
2025-01-01,MP-0197,salida,81.3,CONS-106150,BOD-03,OP-01
2025-01-01,MP-0037,salida,40.7,CONS-106157,BOD-03,OP-01
2025-01-01,MP-0018,salida,6.8,CONS-106164,BOD-02,OP-06
2025-01-01,MP-0137,salida,34.1,CONS-106171,BOD-01,OP-06
2025-01-01,MP-0073,salida,49.2,CONS-106178,BOD-03,OP-05
2025-01-01,MP-0118,salida,44.2,CONS-106185,BOD-03,OP-02
2025-01-01,MP-0199,salida,41.8,CONS-106192,BOD-01,OP-03
2025-01-01,MP-0232,salida,37.4,CONS-106199,BOD-01,OP-06
2025-01-01,MP-0027,salida,18.4,CONS-106206,BOD-02,OP-02
2025-01-01,MP-0116,salida,55.4,CONS-106213,BOD-02,OP-01
2025-01-01,MP-0108,salida,96.0,CONS-106220,BOD-02,OP-01
2025-01-01,MP-0293,salida,97.3,CONS-106227,BOD-03,OP-06
2025-01-01,MP-0239,salida,46.2,CONS-106234,BOD-02,OP-01
2025-01-01,MP-0016,salida,117.4,CONS-106241,BOD-02,OP-05
2025-01-01,MP-0030,salida,10.8,CONS-106248,BOD-02,OP-03
2025-01-01,MP-0120,salida,51.5,CONS-106255,BOD-03,OP-01
2025-01-01,MP-0043,salida,29.8,CONS-106262,BOD-02,OP-03
2025-01-01,MP-0182,salida,76.1,CONS-106269,BOD-02,OP-02
2025-01-01,MP-0369,salida,60.0,CONS-106276,BOD-01,OP-01
2025-01-01,MP-0157,salida,130.3,CONS-106283,BOD-02,OP-05
2025-01-01,MP-0001,salida,56.6,CONS-106290,BOD-02,OP-03
2025-01-01,MP-0014,salida,46.0,CONS-106297,BOD-02,OP-06
2025-01-01,MP-0128,salida,65.8,CONS-106304,BOD-02,OP-04
2025-01-01,MP-0047,salida,24.3,CONS-106311,BOD-02,OP-02
2025-01-01,MP-0244,salida,27.4,CONS-106318,BOD-03,OP-04
2025-01-01,MP-0122,salida,78.2,CONS-106325,BOD-03,OP-05
2025-01-01,MP-0132,salida,129.7,CONS-106332,BOD-03,OP-05
2025-01-01,MP-0131,salida,48.0,CONS-106339,BOD-03,OP-05
2025-01-01,MP-0272,salida,12.7,CONS-106353,BOD-02,OP-06
2025-01-01,MP-0010,salida,-114.1,CONS-106360,BOD-01,OP-02
2025-01-01,MP-0150,salida,90.7,CONS-106374,BOD-03,OP-06
2025-01-01,MP-0085,salida,95.6,CONS-106381,BOD-01,OP-05
2025-01-01,MP-0202,salida,139.1,CONS-106388,BOD-01,OP-06
2025-01-01,MP-0153,salida,63.9,CONS-106395,BOD-02,OP-04
2025-01-01,MP-0178,salida,30.2,CONS-106402,BOD-03,OP-04
2025-01-01,MP-0013,salida,71.0,CONS-106416,BOD-02,OP-03
2025-01-01,MP-0020,salida,72.9,CONS-106423,BOD-02,OP-01
2025-01-01,MP-0106,salida,46.7,CONS-106430,BOD-02,OP-05
2025-01-01,MP-0051,salida,106.0,CONS-106437,BOD-01,OP-06
2025-01-01,MP-0411,salida,70.4,CONS-106444,BOD-01,OP-06
2025-01-01,MP-0238,salida,-66.3,CONS-106451,BOD-01,OP-04
2025-01-01,MP-0004,salida,22.8,CONS-106458,BOD-03,OP-03
2025-01-01,MP-0033,salida,20.1,CONS-106465,BOD-02,OP-02
2025-01-01,MP-0045,salida,12.8,CONS-106472,BOD-03,OP-01
2025-01-01,MP-0386,salida,28.2,CONS-106479,BOD-03,OP-06
2025-01-01,MP-0393,salida,9.1,CONS-106486,BOD-03,OP-06
2025-01-01,MP-0373,salida,111.4,CONS-106493,BOD-02,OP-05
2025-01-01,MP-0015,salida,51.3,CONS-106500,BOD-02,OP-01
2025-01-01,MP-0012,salida,77.8,CONS-106507,BOD-01,OP-02
2025-01-01,MP-0142,salida,78.2,CONS-106514,BOD-02,OP-06
2025-01-01,MP-0102,salida,95.3,CONS-106521,BOD-01,OP-06
2025-01-01,MP-0114,salida,22.7,CONS-106528,BOD-03,OP-03
2025-01-01,MP-0193,salida,55.2,CONS-106542,BOD-02,OP-02
2025-01-01,MP-0330,salida,25.5,CONS-106549,BOD-03,OP-01
2025-01-01,MP-0024,salida,154.3,CONS-106556,BOD-03,OP-01
2025-01-01,MP-0117,salida,40.9,CONS-106563,BOD-03,OP-02
2025-01-01,MP-0060,salida,36.5,CONS-106570,BOD-03,OP-01
2025-01-01,MP-0357,salida,44.9,CONS-106577,BOD-03,OP-01
2025-01-01,MP-0162,salida,6.9,CONS-106584,BOD-03,OP-04
2025-01-01,MP-0009,salida,83.1,CONS-106591,BOD-03,OP-01
2025-01-01,MP-0076,salida,114.9,CONS-106598,BOD-01,OP-05
2025-01-01,MP-0077,salida,121.1,CONS-106605,BOD-02,OP-04
2025-01-01,MP-0273,salida,129.1,CONS-106612,BOD-03,OP-04
2025-01-01,MP-0026,salida,26.6,CONS-106619,BOD-01,OP-04
2025-01-01,MP-0111,salida,40.9,CONS-106626,BOD-03,OP-03
2025-01-01,MP-0071,salida,32.4,CONS-106633,BOD-01,OP-02
2025-01-01,MP-0227,salida,18.7,CONS-106647,BOD-03,OP-04
2025-01-01,MP-0088,salida,85.4,CONS-106654,BOD-02,OP-01
2025-01-01,MP-0143,salida,95.5,CONS-106661,BOD-02,OP-05
2025-01-01,MP-0181,salida,80.2,CONS-106668,BOD-01,OP-04
2025-01-01,MP-0385,salida,23.5,CONS-106675,BOD-02,OP-01
2025-01-01,MP-0321,salida,43.3,CONS-106682,BOD-01,OP-05
2025-01-01,MP-0343,salida,96.2,CONS-106689,BOD-01,OP-02
2025-01-01,MP-0036,salida,9.2,CONS-106696,BOD-03,OP-02
2025-01-01,MP-0080,salida,10.1,CONS-106703,BOD-03,OP-02
2025-01-01,MP-0139,salida,18.7,CONS-106710,BOD-02,OP-02
2025-01-01,MP-0356,salida,12.0,CONS-106717,BOD-02,OP-04
2025-01-01,MP-0078,salida,84.4,CONS-106731,BOD-02,OP-03
2025-01-01,MP-0059,salida,-52.0,CONS-106738,BOD-02,OP-04
2025-01-01,MP-0211,salida,40.7,CONS-106745,BOD-02,OP-05
2025-01-01,MP-0340,salida,40.7,CONS-106752,BOD-01,OP-04
2025-01-01,MP-0390,salida,29.2,CONS-106759,BOD-02,OP-05
2025-01-01,MP-0268,salida,26.7,CONS-106766,BOD-02,OP-03
2025-01-01,MP-0039,salida,9.4,CONS-106773,BOD-02,OP-04
2025-01-01,MP-0032,salida,18.3,CONS-106780,BOD-02,OP-01
2025-01-01,MP-0129,salida,62.1,CONS-106787,BOD-03,OP-04
2025-01-01,MP-0136,salida,53.4,CONS-106794,BOD-02,OP-04
2025-01-01,MP-0217,salida,47.1,CONS-106801,BOD-03,OP-01
2025-01-01,MP-0344,salida,78.2,CONS-106808,BOD-03,OP-02
2025-01-02,MP-0030,entrada,1722,REC-OC-5429,BOD-01,OP-02
2025-01-02,MP-0092,entrada,269,REC-OC-5865,BOD-02,OP-06
2025-01-03,MP-0004,entrada,1257,REC-OC-5046,BOD-03,OP-06
2025-01-04,MP-0033,entrada,1232,REC-OC-5496,BOD-03,OP-02
2025-01-04,MP-0039,entrada,754,REC-OC-5571,BOD-02,OP-01
2025-01-05,MP-0069,entrada,437,REC-OC-5747,BOD-03,OP-02
2025-01-05,MP-0019,salida,60.4,CONS-106039,BOD-01,OP-03
2025-01-05,MP-0022,salida,127.2,CONS-106046,BOD-01,OP-03
2025-01-05,MP-0094,salida,51.9,CONS-106053,BOD-01,OP-06
2025-01-05,MP-0074,salida,53.9,CONS-106060,BOD-01,OP-03
2025-01-05,MP-0370,salida,17.4,CONS-106067,BOD-03,OP-03
2025-01-05,MP-0299,salida,67.4,CONS-106074,BOD-03,OP-03
2025-01-05,MP-0309,salida,61.2,CONS-106081,BOD-02,OP-02
2025-01-05,MP-0418,salida,56.8,CONS-106088,BOD-01,OP-02
2025-01-05,MP-0008,salida,156.9,CONS-106095,BOD-02,OP-01
2025-01-05,MP-0005,salida,83.6,CONS-106102,BOD-01,OP-03
2025-01-05,MP-0133,salida,86.9,CONS-106109,BOD-03,OP-04
2025-01-05,MP-0101,salida,76.4,CONS-106116,BOD-03,OP-01
2025-01-05,MP-0149,salida,165.2,CONS-106123,BOD-01,OP-05
2025-01-05,MP-0189,salida,61.8,CONS-106130,BOD-02,OP-04
2025-01-05,MP-0254,salida,89.9,CONS-106137,BOD-01,OP-06
2025-01-05,MP-0161,salida,33.6,CONS-106144,BOD-01,OP-02
2025-01-05,MP-0197,salida,81.3,CONS-106151,BOD-03,OP-04
2025-01-05,MP-0037,salida,40.7,CONS-106158,BOD-02,OP-01
2025-01-05,MP-0137,salida,34.1,CONS-106172,BOD-02,OP-04
2025-01-05,MP-0073,salida,49.2,CONS-106179,BOD-01,OP-05
2025-01-05,MP-0118,salida,44.2,CONS-106186,BOD-02,OP-05
2025-01-05,MP-0199,salida,41.8,CONS-106193,BOD-03,OP-03
2025-01-05,MP-0232,salida,37.4,CONS-106200,BOD-01,OP-06
2025-01-05,MP-0027,salida,18.4,CONS-106207,BOD-03,OP-02
2025-01-05,MP-0116,salida,55.4,CONS-106214,BOD-01,OP-02
2025-01-05,MP-0108,salida,96.0,CONS-106221,BOD-02,OP-03
2025-01-05,MP-0293,salida,97.3,CONS-106228,BOD-01,OP-03
2025-01-05,MP-0239,salida,46.2,CONS-106235,BOD-02,OP-01
2025-01-05,MP-0016,salida,117.4,CONS-106242,BOD-02,OP-04
2025-01-05,MP-0030,salida,10.8,CONS-106249,BOD-01,OP-05
2025-01-05,MP-0120,salida,51.5,CONS-106256,BOD-03,OP-01
2025-01-05,MP-0043,salida,-29.8,CONS-106263,BOD-02,OP-01
2025-01-05,MP-0182,salida,76.1,CONS-106270,BOD-02,OP-01
2025-01-05,MP-0369,salida,60.0,CONS-106277,BOD-02,OP-03
2025-01-05,MP-0157,salida,130.3,CONS-106284,BOD-01,OP-01
2025-01-05,MP-0001,salida,56.6,CONS-106291,BOD-02,OP-05
2025-01-05,MP-0014,salida,46.0,CONS-106298,BOD-03,OP-01
2025-01-05,MP-0128,salida,65.8,CONS-106305,BOD-02,OP-04
2025-01-05,MP-0047,salida,24.3,CONS-106312,BOD-03,OP-01
2025-01-05,MP-0244,salida,27.4,CONS-106319,BOD-01,OP-02
2025-01-05,MP-0132,salida,129.7,CONS-106333,BOD-03,OP-03
2025-01-05,MP-0131,salida,48.0,CONS-106340,BOD-02,OP-02
2025-01-05,MP-0216,salida,100.3,CONS-106347,BOD-02,OP-01
2025-01-05,MP-0272,salida,12.7,CONS-106354,BOD-02,OP-05
2025-01-05,MP-0010,salida,114.1,CONS-106361,BOD-01,OP-06
2025-01-05,MP-0002,salida,64.8,CONS-106368,BOD-01,OP-05
2025-01-05,MP-0150,salida,90.7,CONS-106375,BOD-01,OP-03
2025-01-05,MP-0085,salida,95.6,CONS-106382,BOD-01,OP-02
2025-01-05,MP-0202,salida,139.1,CONS-106389,BOD-03,OP-02
2025-01-05,MP-0153,salida,63.9,CONS-106396,BOD-01,OP-03
2025-01-05,MP-0178,salida,30.2,CONS-106403,BOD-03,OP-05
2025-01-05,MP-0229,salida,142.5,CONS-106410,BOD-01,OP-03
2025-01-05,MP-0013,salida,71.0,CONS-106417,BOD-01,OP-06
2025-01-05,MP-0020,salida,72.9,CONS-106424,BOD-02,OP-05
2025-01-05,MP-0106,salida,46.7,CONS-106431,BOD-01,OP-01
2025-01-05,MP-0051,salida,106.0,CONS-106438,BOD-01,OP-06
2025-01-05,MP-0411,salida,70.4,CONS-106445,BOD-02,OP-06
2025-01-05,MP-0238,salida,66.3,CONS-106452,BOD-01,OP-02
2025-01-05,MP-0004,salida,22.8,CONS-106459,BOD-01,OP-06
2025-01-05,MP-0045,salida,12.8,CONS-106473,BOD-03,OP-05
2025-01-05,MP-0386,salida,28.2,CONS-106480,BOD-03,OP-02
2025-01-05,MP-0373,salida,111.4,CONS-106494,BOD-02,OP-01
2025-01-05,MP-0015,salida,51.3,CONS-106501,BOD-02,OP-02
2025-01-05,MP-0012,salida,77.8,CONS-106508,BOD-02,OP-01
2025-01-05,MP-0142,salida,78.2,CONS-106515,BOD-01,OP-05
2025-01-05,MP-0102,salida,95.3,CONS-106522,BOD-03,OP-06
2025-01-05,MP-0114,salida,22.7,CONS-106529,BOD-03,OP-02
2025-01-05,MP-0325,salida,61.3,CONS-106536,BOD-03,OP-05
2025-01-05,MP-0330,salida,25.5,CONS-106550,BOD-03,OP-02
2025-01-05,MP-0024,salida,154.3,CONS-106557,BOD-01,OP-05
2025-01-05,MP-0117,salida,40.9,CONS-106564,BOD-03,OP-05
2025-01-05,MP-0060,salida,36.5,CONS-106571,BOD-02,OP-05
2025-01-05,MP-0357,salida,44.9,CONS-106578,BOD-02,OP-06
2025-01-05,MP-0162,salida,6.9,CONS-106585,BOD-02,OP-03
2025-01-05,MP-0009,salida,83.1,CONS-106592,BOD-01,OP-05
2025-01-05,MP-0076,salida,114.9,CONS-106599,BOD-03,OP-01
2025-01-05,MP-0077,salida,121.1,CONS-106606,BOD-02,OP-04
2025-01-05,MP-0273,salida,129.1,CONS-106613,BOD-03,OP-04
2025-01-05,MP-0026,salida,26.6,CONS-106620,BOD-02,OP-04
2025-01-05,MP-0111,salida,40.9,CONS-106627,BOD-01,OP-04
2025-01-05,MP-0071,salida,32.4,CONS-106634,BOD-03,OP-01
2025-01-05,MP-0388,salida,31.2,CONS-106641,BOD-03,OP-06
2025-01-05,MP-0227,salida,18.7,CONS-106648,BOD-03,OP-06
2025-01-05,MP-0088,salida,85.4,CONS-106655,BOD-03,OP-02
2025-01-05,MP-0143,salida,95.5,CONS-106662,BOD-02,OP-06
2025-01-05,MP-0181,salida,80.2,CONS-106669,BOD-02,OP-04
2025-01-05,MP-0321,salida,43.3,CONS-106683,BOD-03,OP-02
2025-01-05,MP-0343,salida,96.2,CONS-106690,BOD-02,OP-03
2025-01-05,MP-0036,salida,9.2,CONS-106697,BOD-03,OP-05
2025-01-05,MP-0080,salida,10.1,CONS-106704,BOD-01,OP-01
2025-01-05,MP-0356,salida,12.0,CONS-106718,BOD-02,OP-06
2025-01-05,MP-0339,salida,4.0,CONS-106725,BOD-03,OP-03
2025-01-05,MP-0078,salida,84.4,CONS-106732,BOD-01,OP-06
2025-01-05,MP-0059,salida,52.0,CONS-106739,BOD-03,OP-01
2025-01-05,MP-0211,salida,40.7,CONS-106746,BOD-02,OP-06
2025-01-05,MP-0340,salida,40.7,CONS-106753,BOD-03,OP-02
2025-01-05,MP-0390,salida,29.2,CONS-106760,BOD-03,OP-05
2025-01-05,MP-0268,salida,26.7,CONS-106767,BOD-03,OP-01
2025-01-05,MP-0039,salida,9.4,CONS-106774,BOD-01,OP-04
2025-01-05,MP-0032,salida,18.3,CONS-106781,BOD-01,OP-03
2025-01-05,MP-0129,salida,62.1,CONS-106788,BOD-03,OP-04
2025-01-05,MP-0136,salida,53.4,CONS-106795,BOD-02,OP-02
2025-01-05,MP-0217,salida,47.1,CONS-106802,BOD-02,OP-03
2025-01-05,MP-0344,salida,78.2,CONS-106809,BOD-02,OP-01
2025-01-06,MP-0130,entrada,467,REC-OC-6070,BOD-01,OP-01
2025-01-06,MP-0138,entrada,287,REC-OC-6123,BOD-02,OP-05
2025-01-06,MP-0105,entrada,167,REC-OC-5946,BOD-01,OP-02
2025-01-06,MP-0020,entrada,896,REC-OC-5277,BOD-03,OP-02
2025-01-06,MP-0032,entrada,2142,REC-OC-5456,BOD-01,OP-02
2025-01-07,MP-0223,entrada,21,REC-OC-6266,BOD-02,OP-02
2025-01-07,MP-0060,entrada,216,REC-OC-5712,BOD-02,OP-03
2025-01-07,MP-0045,entrada,418,REC-OC-5618,BOD-01,OP-01
2025-01-09,MP-0267,entrada,12,REC-OC-6311,BOD-03,OP-04
2025-01-09,MP-0019,salida,60.4,CONS-106040,BOD-01,OP-03
2025-01-09,MP-0022,salida,127.2,CONS-106047,BOD-01,OP-05
2025-01-09,MP-0094,salida,51.9,CONS-106054,BOD-01,OP-05
2025-01-09,MP-0074,salida,53.9,CONS-106061,BOD-01,OP-02
2025-01-09,MP-0370,salida,17.4,CONS-106068,BOD-01,OP-06
2025-01-09,MP-0299,salida,-67.4,CONS-106075,BOD-02,OP-04
2025-01-09,MP-0309,salida,61.2,CONS-106082,BOD-03,OP-03
2025-01-09,MP-0418,salida,-56.8,CONS-106089,BOD-02,OP-03
2025-01-09,MP-0008,salida,156.9,CONS-106096,BOD-02,OP-03
2025-01-09,MP-0133,salida,86.9,CONS-106110,BOD-02,OP-01
2025-01-09,MP-0101,salida,76.4,CONS-106117,BOD-02,OP-05
2025-01-09,MP-0189,salida,61.8,CONS-106131,BOD-01,OP-02
2025-01-09,MP-0254,salida,89.9,CONS-106138,BOD-01,OP-06
2025-01-09,MP-0161,salida,33.6,CONS-106145,BOD-01,OP-02
2025-01-09,MP-0197,salida,81.3,CONS-106152,BOD-01,OP-02
2025-01-09,MP-0037,salida,40.7,CONS-106159,BOD-03,OP-03
2025-01-09,MP-0018,salida,6.8,CONS-106166,BOD-03,OP-02
2025-01-09,MP-0073,salida,49.2,CONS-106180,BOD-03,OP-03
2025-01-09,MP-0118,salida,44.2,CONS-106187,BOD-01,OP-05
2025-01-09,MP-0199,salida,41.8,CONS-106194,BOD-03,OP-03
2025-01-09,MP-0232,salida,37.4,CONS-106201,BOD-02,OP-01
2025-01-09,MP-0027,salida,18.4,CONS-106208,BOD-02,OP-06
2025-01-09,MP-0116,salida,55.4,CONS-106215,BOD-01,OP-03
2025-01-09,MP-0108,salida,96.0,CONS-106222,BOD-01,OP-03
2025-01-09,MP-0293,salida,97.3,CONS-106229,BOD-03,OP-03
2025-01-09,MP-0239,salida,46.2,CONS-106236,BOD-03,OP-01
2025-01-09,MP-0016,salida,117.4,CONS-106243,BOD-03,OP-04
2025-01-09,MP-0030,salida,10.8,CONS-106250,BOD-01,OP-03
2025-01-09,MP-0120,salida,51.5,CONS-106257,BOD-03,OP-04
2025-01-09,MP-0043,salida,29.8,CONS-106264,BOD-03,OP-04
2025-01-09,MP-0182,salida,76.1,CONS-106271,BOD-02,OP-04
2025-01-09,MP-0369,salida,60.0,CONS-106278,BOD-03,OP-02
2025-01-09,MP-0157,salida,130.3,CONS-106285,BOD-03,OP-01
2025-01-09,MP-0001,salida,56.6,CONS-106292,BOD-01,OP-03
2025-01-09,MP-0014,salida,46.0,CONS-106299,BOD-03,OP-06
2025-01-09,MP-0128,salida,65.8,CONS-106306,BOD-03,OP-06
2025-01-09,MP-0047,salida,24.3,CONS-106313,BOD-03,OP-01
2025-01-09,MP-0244,salida,27.4,CONS-106320,BOD-02,OP-06
2025-01-09,MP-0122,salida,78.2,CONS-106327,BOD-01,OP-02
2025-01-09,MP-0132,salida,129.7,CONS-106334,BOD-01,OP-05
2025-01-09,MP-0131,salida,48.0,CONS-106341,BOD-03,OP-05
2025-01-09,MP-0216,salida,100.3,CONS-106348,BOD-02,OP-05
2025-01-09,MP-0272,salida,12.7,CONS-106355,BOD-01,OP-02
2025-01-09,MP-0010,salida,114.1,CONS-106362,BOD-01,OP-03
2025-01-09,MP-0002,salida,64.8,CONS-106369,BOD-03,OP-03
2025-01-09,MP-0150,salida,90.7,CONS-106376,BOD-03,OP-06
2025-01-09,MP-0085,salida,95.6,CONS-106383,BOD-02,OP-04
2025-01-09,MP-0178,salida,30.2,CONS-106404,BOD-03,OP-03
2025-01-09,MP-0229,salida,-142.5,CONS-106411,BOD-03,OP-01
2025-01-09,MP-0013,salida,71.0,CONS-106418,BOD-03,OP-06
2025-01-09,MP-0020,salida,-72.9,CONS-106425,BOD-03,OP-01
2025-01-09,MP-0106,salida,46.7,CONS-106432,BOD-02,OP-02
2025-01-09,MP-0051,salida,106.0,CONS-106439,BOD-01,OP-06
2025-01-09,MP-0411,salida,70.4,CONS-106446,BOD-03,OP-02
2025-01-09,MP-0238,salida,66.3,CONS-106453,BOD-02,OP-06
2025-01-09,MP-0004,salida,22.8,CONS-106460,BOD-02,OP-05
2025-01-09,MP-0033,salida,20.1,CONS-106467,BOD-03,OP-04
2025-01-09,MP-0045,salida,12.8,CONS-106474,BOD-03,OP-02
2025-01-09,MP-0386,salida,28.2,CONS-106481,BOD-03,OP-02
2025-01-09,MP-0393,salida,9.1,CONS-106488,BOD-01,OP-03
2025-01-09,MP-0373,salida,111.4,CONS-106495,BOD-03,OP-03
2025-01-09,MP-0015,salida,51.3,CONS-106502,BOD-03,OP-04
2025-01-09,MP-0012,salida,77.8,CONS-106509,BOD-03,OP-03
2025-01-09,MP-0142,salida,78.2,CONS-106516,BOD-03,OP-05
2025-01-09,MP-0102,salida,95.3,CONS-106523,BOD-02,OP-02
2025-01-09,MP-0325,salida,61.3,CONS-106537,BOD-02,OP-02
2025-01-09,MP-0193,salida,55.2,CONS-106544,BOD-02,OP-05
2025-01-09,MP-0330,salida,25.5,CONS-106551,BOD-03,OP-03
2025-01-09,MP-0024,salida,154.3,CONS-106558,BOD-01,OP-06
2025-01-09,MP-0117,salida,40.9,CONS-106565,BOD-02,OP-01
2025-01-09,MP-0060,salida,36.5,CONS-106572,BOD-02,OP-06
2025-01-09,MP-0357,salida,44.9,CONS-106579,BOD-03,OP-02
2025-01-09,MP-0162,salida,6.9,CONS-106586,BOD-03,OP-01
2025-01-09,MP-0009,salida,83.1,CONS-106593,BOD-03,OP-06
2025-01-09,MP-0076,salida,114.9,CONS-106600,BOD-02,OP-02
2025-01-09,MP-0273,salida,129.1,CONS-106614,BOD-01,OP-05
2025-01-09,MP-0111,salida,40.9,CONS-106628,BOD-03,OP-04
2025-01-09,MP-0071,salida,32.4,CONS-106635,BOD-03,OP-02
2025-01-09,MP-0388,salida,31.2,CONS-106642,BOD-03,OP-02
2025-01-09,MP-0227,salida,18.7,CONS-106649,BOD-03,OP-05
2025-01-09,MP-0088,salida,85.4,CONS-106656,BOD-03,OP-04
2025-01-09,MP-0143,salida,-95.5,CONS-106663,BOD-03,OP-02
2025-01-09,MP-0181,salida,80.2,CONS-106670,BOD-03,OP-02
2025-01-09,MP-0385,salida,23.5,CONS-106677,BOD-01,OP-02
2025-01-09,MP-0321,salida,43.3,CONS-106684,BOD-02,OP-03
2025-01-09,MP-0343,salida,96.2,CONS-106691,BOD-03,OP-04
2025-01-09,MP-0036,salida,9.2,CONS-106698,BOD-03,OP-05
2025-01-09,MP-0139,salida,18.7,CONS-106712,BOD-02,OP-04
2025-01-09,MP-0356,salida,12.0,CONS-106719,BOD-03,OP-05
2025-01-09,MP-0339,salida,4.0,CONS-106726,BOD-01,OP-06
2025-01-09,MP-0078,salida,84.4,CONS-106733,BOD-01,OP-05
2025-01-09,MP-0059,salida,52.0,CONS-106740,BOD-02,OP-06
2025-01-09,MP-0340,salida,40.7,CONS-106754,BOD-02,OP-05
2025-01-09,MP-0390,salida,29.2,CONS-106761,BOD-02,OP-06
2025-01-09,MP-0268,salida,26.7,CONS-106768,BOD-03,OP-04
2025-01-09,MP-0039,salida,9.4,CONS-106775,BOD-03,OP-04
2025-01-09,MP-0032,salida,18.3,CONS-106782,BOD-03,OP-04
2025-01-09,MP-0129,salida,-62.1,CONS-106789,BOD-03,OP-05
2025-01-09,MP-0136,salida,53.4,CONS-106796,BOD-03,OP-03
2025-01-09,MP-0217,salida,47.1,CONS-106803,BOD-01,OP-05
2025-01-09,MP-0344,salida,78.2,CONS-106810,BOD-01,OP-05
2025-01-10,MP-0098,entrada,279,REC-OC-5900,BOD-02,OP-04
2025-01-10,MP-0032,entrada,1302,REC-OC-5451,BOD-03,OP-03
2025-01-11,MP-0022,entrada,1608,REC-OC-5307,BOD-02,OP-04
2025-01-11,MP-0007,entrada,878,REC-OC-5084,BOD-01,OP-02
2025-01-11,MP-0160,entrada,30,REC-OC-6200,BOD-01,OP-01
2025-01-11,MP-0012,entrada,1204,REC-OC-5157,BOD-02,OP-04
2025-01-12,MP-0022,entrada,1496,REC-OC-5301,BOD-01,OP-04
2025-01-12,MP-0147,entrada,462,REC-OC-6176,BOD-01,OP-06
2025-01-13,MP-0019,salida,60.4,CONS-106041,BOD-01,OP-04
2025-01-13,MP-0022,salida,127.2,CONS-106048,BOD-03,OP-01
2025-01-13,MP-0094,salida,51.9,CONS-106055,BOD-03,OP-04
2025-01-13,MP-0074,salida,53.9,CONS-106062,BOD-02,OP-02
2025-01-13,MP-0299,salida,67.4,CONS-106076,BOD-02,OP-01
2025-01-13,MP-0309,salida,61.2,CONS-106083,BOD-01,OP-02
2025-01-13,MP-0418,salida,-56.8,CONS-106090,BOD-01,OP-04
2025-01-13,MP-0008,salida,156.9,CONS-106097,BOD-01,OP-03
2025-01-13,MP-0005,salida,83.6,CONS-106104,BOD-02,OP-03
2025-01-13,MP-0133,salida,86.9,CONS-106111,BOD-02,OP-02
2025-01-13,MP-0101,salida,-76.4,CONS-106118,BOD-02,OP-01
2025-01-13,MP-0149,salida,165.2,CONS-106125,BOD-01,OP-06
2025-01-13,MP-0189,salida,61.8,CONS-106132,BOD-03,OP-05
2025-01-13,MP-0254,salida,89.9,CONS-106139,BOD-01,OP-05
2025-01-13,MP-0161,salida,33.6,CONS-106146,BOD-03,OP-01
2025-01-13,MP-0197,salida,81.3,CONS-106153,BOD-03,OP-04
2025-01-13,MP-0037,salida,40.7,CONS-106160,BOD-01,OP-06
2025-01-13,MP-0018,salida,6.8,CONS-106167,BOD-02,OP-01
2025-01-13,MP-0137,salida,34.1,CONS-106174,BOD-01,OP-03
2025-01-13,MP-0118,salida,44.2,CONS-106188,BOD-02,OP-03
2025-01-13,MP-0199,salida,41.8,CONS-106195,BOD-03,OP-03
2025-01-13,MP-0232,salida,37.4,CONS-106202,BOD-03,OP-03
2025-01-13,MP-0027,salida,18.4,CONS-106209,BOD-02,OP-05
2025-01-13,MP-0108,salida,96.0,CONS-106223,BOD-02,OP-06
2025-01-13,MP-0293,salida,97.3,CONS-106230,BOD-02,OP-02
2025-01-13,MP-0239,salida,46.2,CONS-106237,BOD-02,OP-03
2025-01-13,MP-0016,salida,117.4,CONS-106244,BOD-01,OP-04
2025-01-13,MP-0030,salida,10.8,CONS-106251,BOD-03,OP-06
2025-01-13,MP-0120,salida,51.5,CONS-106258,BOD-03,OP-05
2025-01-13,MP-0043,salida,29.8,CONS-106265,BOD-02,OP-01
2025-01-13,MP-0182,salida,76.1,CONS-106272,BOD-03,OP-03
2025-01-13,MP-0369,salida,60.0,CONS-106279,BOD-03,OP-05
2025-01-13,MP-0157,salida,130.3,CONS-106286,BOD-01,OP-03
2025-01-13,MP-0001,salida,56.6,CONS-106293,BOD-02,OP-03
2025-01-13,MP-0014,salida,46.0,CONS-106300,BOD-02,OP-02
2025-01-13,MP-0047,salida,24.3,CONS-106314,BOD-01,OP-03
2025-01-13,MP-0244,salida,27.4,CONS-106321,BOD-01,OP-06
2025-01-13,MP-0122,salida,78.2,CONS-106328,BOD-03,OP-02
2025-01-13,MP-0132,salida,129.7,CONS-106335,BOD-02,OP-02
2025-01-13,MP-0131,salida,48.0,CONS-106342,BOD-01,OP-01
2025-01-13,MP-0216,salida,100.3,CONS-106349,BOD-01,OP-01
2025-01-13,MP-0272,salida,12.7,CONS-106356,BOD-03,OP-06
2025-01-13,MP-0010,salida,114.1,CONS-106363,BOD-03,OP-03
2025-01-13,MP-0002,salida,64.8,CONS-106370,BOD-01,OP-01
2025-01-13,MP-0150,salida,90.7,CONS-106377,BOD-02,OP-04
2025-01-13,MP-0085,salida,95.6,CONS-106384,BOD-03,OP-04
2025-01-13,MP-0202,salida,139.1,CONS-106391,BOD-02,OP-06
2025-01-13,MP-0153,salida,63.9,CONS-106398,BOD-01,OP-01
2025-01-13,MP-0178,salida,30.2,CONS-106405,BOD-03,OP-05
2025-01-13,MP-0229,salida,142.5,CONS-106412,BOD-03,OP-06
2025-01-13,MP-0013,salida,71.0,CONS-106419,BOD-03,OP-03
2025-01-13,MP-0020,salida,72.9,CONS-106426,BOD-01,OP-02
2025-01-13,MP-0106,salida,46.7,CONS-106433,BOD-01,OP-06
2025-01-13,MP-0051,salida,106.0,CONS-106440,BOD-02,OP-03
2025-01-13,MP-0411,salida,70.4,CONS-106447,BOD-01,OP-02
2025-01-13,MP-0238,salida,66.3,CONS-106454,BOD-02,OP-05
2025-01-13,MP-0033,salida,-20.1,CONS-106468,BOD-03,OP-05
2025-01-13,MP-0045,salida,12.8,CONS-106475,BOD-02,OP-02
2025-01-13,MP-0393,salida,9.1,CONS-106489,BOD-02,OP-04
2025-01-13,MP-0373,salida,111.4,CONS-106496,BOD-01,OP-03
2025-01-13,MP-0015,salida,51.3,CONS-106503,BOD-03,OP-06
2025-01-13,MP-0012,salida,77.8,CONS-106510,BOD-03,OP-06
2025-01-13,MP-0142,salida,78.2,CONS-106517,BOD-01,OP-04
2025-01-13,MP-0114,salida,22.7,CONS-106531,BOD-01,OP-06
2025-01-13,MP-0325,salida,61.3,CONS-106538,BOD-02,OP-02
2025-01-13,MP-0330,salida,25.5,CONS-106552,BOD-03,OP-01
2025-01-13,MP-0024,salida,154.3,CONS-106559,BOD-02,OP-04
2025-01-13,MP-0117,salida,40.9,CONS-106566,BOD-03,OP-01
2025-01-13,MP-0060,salida,36.5,CONS-106573,BOD-03,OP-05
2025-01-13,MP-0357,salida,44.9,CONS-106580,BOD-02,OP-05
2025-01-13,MP-0162,salida,6.9,CONS-106587,BOD-02,OP-05
2025-01-13,MP-0009,salida,83.1,CONS-106594,BOD-02,OP-04
2025-01-13,MP-0076,salida,114.9,CONS-106601,BOD-02,OP-03
2025-01-13,MP-0077,salida,121.1,CONS-106608,BOD-02,OP-03
2025-01-13,MP-0273,salida,129.1,CONS-106615,BOD-02,OP-06
2025-01-13,MP-0026,salida,26.6,CONS-106622,BOD-03,OP-04
2025-01-13,MP-0111,salida,40.9,CONS-106629,BOD-01,OP-03
2025-01-13,MP-0071,salida,32.4,CONS-106636,BOD-01,OP-01
2025-01-13,MP-0388,salida,31.2,CONS-106643,BOD-03,OP-01
2025-01-13,MP-0227,salida,18.7,CONS-106650,BOD-02,OP-06
2025-01-13,MP-0088,salida,85.4,CONS-106657,BOD-02,OP-02
2025-01-13,MP-0143,salida,95.5,CONS-106664,BOD-01,OP-01
2025-01-13,MP-0181,salida,80.2,CONS-106671,BOD-02,OP-03
2025-01-13,MP-0321,salida,43.3,CONS-106685,BOD-01,OP-04
2025-01-13,MP-0343,salida,96.2,CONS-106692,BOD-03,OP-06
2025-01-13,MP-0036,salida,9.2,CONS-106699,BOD-03,OP-02
2025-01-13,MP-0080,salida,10.1,CONS-106706,BOD-03,OP-05
2025-01-13,MP-0139,salida,18.7,CONS-106713,BOD-02,OP-04
2025-01-13,MP-0356,salida,12.0,CONS-106720,BOD-03,OP-05
2025-01-13,MP-0339,salida,4.0,CONS-106727,BOD-02,OP-01
2025-01-13,MP-0078,salida,84.4,CONS-106734,BOD-02,OP-05
2025-01-13,MP-0059,salida,52.0,CONS-106741,BOD-03,OP-04
2025-01-13,MP-0211,salida,40.7,CONS-106748,BOD-01,OP-06
2025-01-13,MP-0340,salida,40.7,CONS-106755,BOD-02,OP-06
2025-01-13,MP-0268,salida,26.7,CONS-106769,BOD-01,OP-02
2025-01-13,MP-0039,salida,9.4,CONS-106776,BOD-03,OP-01
2025-01-13,MP-0032,salida,18.3,CONS-106783,BOD-02,OP-01
2025-01-13,MP-0129,salida,62.1,CONS-106790,BOD-02,OP-05
2025-01-13,MP-0136,salida,53.4,CONS-106797,BOD-03,OP-06
2025-01-13,MP-0217,salida,47.1,CONS-106804,BOD-02,OP-04
2025-01-14,MP-0125,entrada,518,REC-OC-6035,BOD-02,OP-03
2025-01-14,MP-0018,entrada,1772,REC-OC-5241,BOD-03,OP-04
2025-01-15,MP-0030,entrada,1591,REC-OC-5428,BOD-03,OP-02
2025-01-16,MP-0050,entrada,336,REC-OC-5644,BOD-02,OP-03
2025-01-17,MP-0006,entrada,678,REC-OC-5071,BOD-01,OP-05
2025-01-17,MP-0377,entrada,45,REC-OC-6426,BOD-02,OP-02
2025-01-17,MP-0019,salida,60.4,CONS-106042,BOD-02,OP-02
2025-01-17,MP-0022,salida,127.2,CONS-106049,BOD-02,OP-04
2025-01-17,MP-0094,salida,51.9,CONS-106056,BOD-01,OP-02
2025-01-17,MP-0074,salida,53.9,CONS-106063,BOD-02,OP-02
2025-01-17,MP-0370,salida,17.4,CONS-106070,BOD-01,OP-06
2025-01-17,MP-0299,salida,67.4,CONS-106077,BOD-02,OP-06
2025-01-17,MP-0309,salida,61.2,CONS-106084,BOD-03,OP-06
2025-01-17,MP-0418,salida,56.8,CONS-106091,BOD-01,OP-05
2025-01-17,MP-0008,salida,156.9,CONS-106098,BOD-02,OP-01
2025-01-17,MP-0005,salida,83.6,CONS-106105,BOD-03,OP-01
2025-01-17,MP-0149,salida,165.2,CONS-106126,BOD-03,OP-01
2025-01-17,MP-0189,salida,61.8,CONS-106133,BOD-02,OP-03
2025-01-17,MP-0254,salida,89.9,CONS-106140,BOD-03,OP-04
2025-01-17,MP-0161,salida,33.6,CONS-106147,BOD-03,OP-06
2025-01-17,MP-0197,salida,81.3,CONS-106154,BOD-02,OP-05
2025-01-17,MP-0037,salida,40.7,CONS-106161,BOD-01,OP-05
2025-01-17,MP-0018,salida,6.8,CONS-106168,BOD-01,OP-02
2025-01-17,MP-0137,salida,34.1,CONS-106175,BOD-02,OP-02
2025-01-17,MP-0073,salida,49.2,CONS-106182,BOD-01,OP-03
2025-01-17,MP-0118,salida,44.2,CONS-106189,BOD-01,OP-03
2025-01-17,MP-0199,salida,41.8,CONS-106196,BOD-01,OP-01
2025-01-17,MP-0232,salida,37.4,CONS-106203,BOD-02,OP-03
2025-01-17,MP-0027,salida,18.4,CONS-106210,BOD-03,OP-05
2025-01-17,MP-0116,salida,55.4,CONS-106217,BOD-03,OP-06
2025-01-17,MP-0108,salida,96.0,CONS-106224,BOD-02,OP-05
2025-01-17,MP-0293,salida,97.3,CONS-106231,BOD-02,OP-01
2025-01-17,MP-0239,salida,46.2,CONS-106238,BOD-03,OP-06
2025-01-17,MP-0016,salida,117.4,CONS-106245,BOD-03,OP-02
2025-01-17,MP-0030,salida,10.8,CONS-106252,BOD-02,OP-05
2025-01-17,MP-0120,salida,51.5,CONS-106259,BOD-03,OP-01
2025-01-17,MP-0043,salida,29.8,CONS-106266,BOD-01,OP-02
2025-01-17,MP-0369,salida,60.0,CONS-106280,BOD-03,OP-06
2025-01-17,MP-0157,salida,130.3,CONS-106287,BOD-02,OP-01
2025-01-17,MP-0001,salida,56.6,CONS-106294,BOD-03,OP-02
2025-01-17,MP-0014,salida,46.0,CONS-106301,BOD-03,OP-06
2025-01-17,MP-0128,salida,65.8,CONS-106308,BOD-01,OP-02
2025-01-17,MP-0047,salida,24.3,CONS-106315,BOD-01,OP-04
2025-01-17,MP-0244,salida,27.4,CONS-106322,BOD-03,OP-04
2025-01-17,MP-0122,salida,78.2,CONS-106329,BOD-01,OP-03
2025-01-17,MP-0132,salida,129.7,CONS-106336,BOD-03,OP-01
2025-01-17,MP-0131,salida,48.0,CONS-106343,BOD-02,OP-02
2025-01-17,MP-0272,salida,12.7,CONS-106357,BOD-01,OP-06
2025-01-17,MP-0010,salida,114.1,CONS-106364,BOD-01,OP-02
2025-01-17,MP-0002,salida,64.8,CONS-106371,BOD-01,OP-03
2025-01-17,MP-0150,salida,90.7,CONS-106378,BOD-01,OP-05
2025-01-17,MP-0085,salida,95.6,CONS-106385,BOD-01,OP-01
2025-01-17,MP-0202,salida,139.1,CONS-106392,BOD-03,OP-02
2025-01-17,MP-0153,salida,63.9,CONS-106399,BOD-01,OP-06
2025-01-17,MP-0178,salida,30.2,CONS-106406,BOD-02,OP-02
2025-01-17,MP-0229,salida,142.5,CONS-106413,BOD-02,OP-02
2025-01-17,MP-0013,salida,71.0,CONS-106420,BOD-02,OP-05
2025-01-17,MP-0020,salida,72.9,CONS-106427,BOD-03,OP-05
2025-01-17,MP-0106,salida,46.7,CONS-106434,BOD-01,OP-04
2025-01-17,MP-0411,salida,70.4,CONS-106448,BOD-02,OP-01
2025-01-17,MP-0238,salida,66.3,CONS-106455,BOD-02,OP-05
2025-01-17,MP-0004,salida,22.8,CONS-106462,BOD-02,OP-01
2025-01-17,MP-0033,salida,20.1,CONS-106469,BOD-02,OP-03
2025-01-17,MP-0386,salida,28.2,CONS-106483,BOD-02,OP-03
2025-01-17,MP-0393,salida,-9.1,CONS-106490,BOD-03,OP-06
2025-01-17,MP-0373,salida,111.4,CONS-106497,BOD-03,OP-01
2025-01-17,MP-0015,salida,51.3,CONS-106504,BOD-01,OP-04
2025-01-17,MP-0012,salida,77.8,CONS-106511,BOD-02,OP-05
2025-01-17,MP-0142,salida,78.2,CONS-106518,BOD-02,OP-06
2025-01-17,MP-0102,salida,95.3,CONS-106525,BOD-03,OP-03
2025-01-17,MP-0114,salida,22.7,CONS-106532,BOD-02,OP-04
2025-01-17,MP-0325,salida,61.3,CONS-106539,BOD-03,OP-02
2025-01-17,MP-0193,salida,55.2,CONS-106546,BOD-03,OP-04
2025-01-17,MP-0330,salida,25.5,CONS-106553,BOD-02,OP-03
2025-01-17,MP-0024,salida,154.3,CONS-106560,BOD-01,OP-03
2025-01-17,MP-0117,salida,40.9,CONS-106567,BOD-02,OP-04
2025-01-17,MP-0060,salida,36.5,CONS-106574,BOD-02,OP-06
2025-01-17,MP-0357,salida,44.9,CONS-106581,BOD-01,OP-04
2025-01-17,MP-0162,salida,-6.9,CONS-106588,BOD-03,OP-01
2025-01-17,MP-0009,salida,83.1,CONS-106595,BOD-03,OP-04
2025-01-17,MP-0076,salida,114.9,CONS-106602,BOD-01,OP-04
2025-01-17,MP-0077,salida,121.1,CONS-106609,BOD-01,OP-02
2025-01-17,MP-0111,salida,40.9,CONS-106630,BOD-02,OP-03
2025-01-17,MP-0388,salida,31.2,CONS-106644,BOD-03,OP-05
2025-01-17,MP-0088,salida,85.4,CONS-106658,BOD-01,OP-05
2025-01-17,MP-0143,salida,95.5,CONS-106665,BOD-01,OP-04
2025-01-17,MP-0385,salida,23.5,CONS-106679,BOD-01,OP-02
2025-01-17,MP-0343,salida,96.2,CONS-106693,BOD-01,OP-03
2025-01-17,MP-0036,salida,9.2,CONS-106700,BOD-03,OP-02
2025-01-17,MP-0080,salida,10.1,CONS-106707,BOD-02,OP-03
2025-01-17,MP-0139,salida,-18.7,CONS-106714,BOD-02,OP-01
2025-01-17,MP-0356,salida,12.0,CONS-106721,BOD-03,OP-01
2025-01-17,MP-0339,salida,-4.0,CONS-106728,BOD-03,OP-01
2025-01-17,MP-0078,salida,84.4,CONS-106735,BOD-02,OP-05
2025-01-17,MP-0059,salida,52.0,CONS-106742,BOD-01,OP-04
2025-01-17,MP-0211,salida,40.7,CONS-106749,BOD-03,OP-05
2025-01-17,MP-0340,salida,40.7,CONS-106756,BOD-01,OP-01
2025-01-17,MP-0390,salida,29.2,CONS-106763,BOD-01,OP-05
2025-01-17,MP-0268,salida,26.7,CONS-106770,BOD-01,OP-03
2025-01-17,MP-0039,salida,9.4,CONS-106777,BOD-03,OP-03
2025-01-17,MP-0032,salida,18.3,CONS-106784,BOD-02,OP-02
2025-01-17,MP-0129,salida,62.1,CONS-106791,BOD-03,OP-01
2025-01-17,MP-0217,salida,47.1,CONS-106805,BOD-01,OP-06
2025-01-17,MP-0344,salida,78.2,CONS-106812,BOD-02,OP-03
2025-01-19,MP-0100,entrada,337,REC-OC-5914,BOD-03,OP-03
2025-01-19,MP-0024,entrada,1875,REC-OC-5347,BOD-01,OP-03
2025-01-19,MP-0271,entrada,80,REC-OC-6315,BOD-03,OP-03
2025-01-19,MP-0167,ajuste,-24,AJU-120056,BOD-02,AUDIT
2025-01-20,MP-0392,entrada,86,REC-OC-6442,BOD-03,OP-02
2025-01-20,MP-0087,entrada,258,REC-OC-5831,BOD-01,OP-02
2025-01-21,MP-0012,entrada,1238,REC-OC-5152,BOD-02,OP-04
2025-01-21,MP-0019,salida,60.4,CONS-106043,BOD-02,OP-02
2025-01-21,MP-0094,salida,51.9,CONS-106057,BOD-03,OP-02
2025-01-21,MP-0074,salida,53.9,CONS-106064,BOD-01,OP-03
2025-01-21,MP-0370,salida,17.4,CONS-106071,BOD-01,OP-05
2025-01-21,MP-0299,salida,67.4,CONS-106078,BOD-02,OP-06
2025-01-21,MP-0309,salida,61.2,CONS-106085,BOD-01,OP-05
2025-01-21,MP-0418,salida,56.8,CONS-106092,BOD-02,OP-02
2025-01-21,MP-0008,salida,156.9,CONS-106099,BOD-01,OP-05
2025-01-21,MP-0005,salida,83.6,CONS-106106,BOD-01,OP-02
2025-01-21,MP-0133,salida,86.9,CONS-106113,BOD-03,OP-01
2025-01-21,MP-0101,salida,76.4,CONS-106120,BOD-01,OP-02
2025-01-21,MP-0149,salida,165.2,CONS-106127,BOD-02,OP-04
2025-01-21,MP-0189,salida,61.8,CONS-106134,BOD-01,OP-03
2025-01-21,MP-0254,salida,89.9,CONS-106141,BOD-02,OP-02
2025-01-21,MP-0161,salida,33.6,CONS-106148,BOD-02,OP-03
2025-01-21,MP-0197,salida,81.3,CONS-106155,BOD-02,OP-06
2025-01-21,MP-0037,salida,40.7,CONS-106162,BOD-01,OP-05
2025-01-21,MP-0018,salida,6.8,CONS-106169,BOD-01,OP-02
2025-01-21,MP-0137,salida,34.1,CONS-106176,BOD-03,OP-02
2025-01-21,MP-0073,salida,49.2,CONS-106183,BOD-01,OP-01
2025-01-21,MP-0118,salida,44.2,CONS-106190,BOD-02,OP-04
2025-01-21,MP-0199,salida,41.8,CONS-106197,BOD-03,OP-05
2025-01-21,MP-0232,salida,37.4,CONS-106204,BOD-03,OP-03
2025-01-21,MP-0116,salida,55.4,CONS-106218,BOD-02,OP-04
2025-01-21,MP-0108,salida,96.0,CONS-106225,BOD-02,OP-06
2025-01-21,MP-0293,salida,97.3,CONS-106232,BOD-03,OP-03
2025-01-21,MP-0239,salida,46.2,CONS-106239,BOD-02,OP-04
2025-01-21,MP-0016,salida,117.4,CONS-106246,BOD-01,OP-04
2025-01-21,MP-0030,salida,10.8,CONS-106253,BOD-02,OP-03
2025-01-21,MP-0120,salida,51.5,CONS-106260,BOD-03,OP-02
2025-01-21,MP-0182,salida,76.1,CONS-106274,BOD-03,OP-02
2025-01-21,MP-0369,salida,60.0,CONS-106281,BOD-01,OP-03
2025-01-21,MP-0157,salida,130.3,CONS-106288,BOD-01,OP-04
2025-01-21,MP-0001,salida,56.6,CONS-106295,BOD-02,OP-05
2025-01-21,MP-0014,salida,46.0,CONS-106302,BOD-01,OP-06
2025-01-21,MP-0128,salida,65.8,CONS-106309,BOD-01,OP-06
2025-01-21,MP-0244,salida,27.4,CONS-106323,BOD-02,OP-03
2025-01-21,MP-0122,salida,78.2,CONS-106330,BOD-03,OP-05
2025-01-21,MP-0132,salida,129.7,CONS-106337,BOD-03,OP-06
2025-01-21,MP-0131,salida,48.0,CONS-106344,BOD-01,OP-05
2025-01-21,MP-0272,salida,12.7,CONS-106358,BOD-01,OP-06
2025-01-21,MP-0010,salida,114.1,CONS-106365,BOD-03,OP-01
2025-01-21,MP-0002,salida,64.8,CONS-106372,BOD-03,OP-04
2025-01-21,MP-0150,salida,90.7,CONS-106379,BOD-03,OP-02
2025-01-21,MP-0085,salida,95.6,CONS-106386,BOD-01,OP-05
2025-01-21,MP-0202,salida,139.1,CONS-106393,BOD-03,OP-06
2025-01-21,MP-0153,salida,63.9,CONS-106400,BOD-01,OP-03
2025-01-21,MP-0178,salida,30.2,CONS-106407,BOD-01,OP-05
2025-01-21,MP-0229,salida,142.5,CONS-106414,BOD-01,OP-01
2025-01-21,MP-0020,salida,72.9,CONS-106428,BOD-01,OP-05
2025-01-21,MP-0106,salida,46.7,CONS-106435,BOD-02,OP-02
2025-01-21,MP-0051,salida,106.0,CONS-106442,BOD-02,OP-03
2025-01-21,MP-0411,salida,70.4,CONS-106449,BOD-01,OP-05
2025-01-21,MP-0238,salida,66.3,CONS-106456,BOD-03,OP-03
2025-01-21,MP-0004,salida,22.8,CONS-106463,BOD-03,OP-06
2025-01-21,MP-0033,salida,20.1,CONS-106470,BOD-01,OP-02
2025-01-21,MP-0045,salida,12.8,CONS-106477,BOD-01,OP-06
2025-01-21,MP-0393,salida,9.1,CONS-106491,BOD-02,OP-06
2025-01-21,MP-0373,salida,111.4,CONS-106498,BOD-03,OP-05
2025-01-21,MP-0015,salida,51.3,CONS-106505,BOD-02,OP-03
2025-01-21,MP-0012,salida,77.8,CONS-106512,BOD-01,OP-03
2025-01-21,MP-0142,salida,78.2,CONS-106519,BOD-03,OP-04
2025-01-21,MP-0102,salida,95.3,CONS-106526,BOD-01,OP-01
2025-01-21,MP-0114,salida,22.7,CONS-106533,BOD-02,OP-02
2025-01-21,MP-0325,salida,61.3,CONS-106540,BOD-03,OP-05
2025-01-21,MP-0193,salida,55.2,CONS-106547,BOD-01,OP-03
2025-01-21,MP-0330,salida,25.5,CONS-106554,BOD-01,OP-05
2025-01-21,MP-0024,salida,154.3,CONS-106561,BOD-02,OP-03
2025-01-21,MP-0117,salida,40.9,CONS-106568,BOD-02,OP-05
2025-01-21,MP-0060,salida,36.5,CONS-106575,BOD-03,OP-02
2025-01-21,MP-0357,salida,44.9,CONS-106582,BOD-02,OP-05
2025-01-21,MP-0162,salida,6.9,CONS-106589,BOD-03,OP-01
2025-01-21,MP-0009,salida,83.1,CONS-106596,BOD-02,OP-05
2025-01-21,MP-0026,salida,26.6,CONS-106624,BOD-01,OP-03
2025-01-21,MP-0071,salida,-32.4,CONS-106638,BOD-01,OP-04
2025-01-21,MP-0227,salida,18.7,CONS-106652,BOD-02,OP-03
2025-01-21,MP-0088,salida,85.4,CONS-106659,BOD-02,OP-05
2025-01-21,MP-0343,salida,96.2,CONS-106694,BOD-03,OP-02
2025-01-21,MP-0036,salida,9.2,CONS-106701,BOD-01,OP-03
2025-01-21,MP-0139,salida,18.7,CONS-106715,BOD-01,OP-03
2025-01-21,MP-0356,salida,12.0,CONS-106722,BOD-02,OP-02
2025-01-21,MP-0339,salida,4.0,CONS-106729,BOD-01,OP-05
2025-01-21,MP-0078,salida,84.4,CONS-106736,BOD-03,OP-06
2025-01-21,MP-0059,salida,52.0,CONS-106743,BOD-01,OP-03
2025-01-21,MP-0211,salida,40.7,CONS-106750,BOD-02,OP-01
2025-01-21,MP-0340,salida,40.7,CONS-106757,BOD-02,OP-02
2025-01-21,MP-0390,salida,29.2,CONS-106764,BOD-02,OP-02
2025-01-21,MP-0268,salida,26.7,CONS-106771,BOD-01,OP-03
2025-01-21,MP-0039,salida,9.4,CONS-106778,BOD-03,OP-01
2025-01-21,MP-0129,salida,62.1,CONS-106792,BOD-02,OP-02
2025-01-21,MP-0136,salida,53.4,CONS-106799,BOD-02,OP-06
2025-01-21,MP-0344,salida,78.2,CONS-106813,BOD-03,OP-04
2025-01-22,MP-0017,entrada,1421,REC-OC-5225,BOD-03,OP-06
2025-01-23,MP-0240,entrada,18,REC-OC-6283,BOD-01,OP-02
2025-01-23,MP-0048,entrada,275,REC-OC-5638,BOD-02,OP-06
2025-01-23,MP-0131,entrada,535,REC-OC-6077,BOD-02,OP-06
2025-01-25,MP-0011,entrada,1088,REC-OC-5140,BOD-01,OP-01
2025-01-25,MP-0338,entrada,40,REC-OC-6386,BOD-03,OP-03
2025-01-25,MP-0011,entrada,2002,REC-OC-5147,BOD-02,OP-05
2025-01-25,MP-0204,entrada,76,REC-OC-6246,BOD-01,OP-04
2025-01-25,MP-0022,salida,127.2,CONS-106051,BOD-02,OP-02
2025-01-25,MP-0094,salida,51.9,CONS-106058,BOD-02,OP-03
2025-01-25,MP-0074,salida,53.9,CONS-106065,BOD-01,OP-05
2025-01-25,MP-0370,salida,17.4,CONS-106072,BOD-02,OP-04
2025-01-25,MP-0299,salida,67.4,CONS-106079,BOD-01,OP-06
2025-01-25,MP-0309,salida,61.2,CONS-106086,BOD-03,OP-06
2025-01-25,MP-0418,salida,56.8,CONS-106093,BOD-02,OP-06
2025-01-25,MP-0008,salida,156.9,CONS-106100,BOD-01,OP-06
2025-01-25,MP-0005,salida,83.6,CONS-106107,BOD-03,OP-04
2025-01-25,MP-0133,salida,86.9,CONS-106114,BOD-01,OP-02
2025-01-25,MP-0101,salida,76.4,CONS-106121,BOD-03,OP-01
2025-01-25,MP-0149,salida,165.2,CONS-106128,BOD-03,OP-05
2025-01-25,MP-0189,salida,61.8,CONS-106135,BOD-01,OP-04
2025-01-25,MP-0254,salida,89.9,CONS-106142,BOD-03,OP-06
2025-01-25,MP-0161,salida,33.6,CONS-106149,BOD-03,OP-05
2025-01-25,MP-0197,salida,81.3,CONS-106156,BOD-03,OP-06
2025-01-25,MP-0037,salida,40.7,CONS-106163,BOD-02,OP-05
2025-01-25,MP-0018,salida,6.8,CONS-106170,BOD-03,OP-02
2025-01-25,MP-0073,salida,49.2,CONS-106184,BOD-03,OP-01
2025-01-25,MP-0118,salida,44.2,CONS-106191,BOD-03,OP-01
2025-01-25,MP-0199,salida,41.8,CONS-106198,BOD-02,OP-02
2025-01-25,MP-0027,salida,18.4,CONS-106212,BOD-01,OP-06
2025-01-25,MP-0116,salida,55.4,CONS-106219,BOD-02,OP-04
2025-01-25,MP-0108,salida,96.0,CONS-106226,BOD-01,OP-06
2025-01-25,MP-0293,salida,-97.3,CONS-106233,BOD-02,OP-05
2025-01-25,MP-0239,salida,46.2,CONS-106240,BOD-03,OP-04
2025-01-25,MP-0016,salida,117.4,CONS-106247,BOD-02,OP-04
2025-01-25,MP-0030,salida,10.8,CONS-106254,BOD-01,OP-01
2025-01-25,MP-0120,salida,51.5,CONS-106261,BOD-02,OP-01
2025-01-25,MP-0043,salida,29.8,CONS-106268,BOD-03,OP-01
2025-01-25,MP-0182,salida,76.1,CONS-106275,BOD-03,OP-02
2025-01-25,MP-0001,salida,56.6,CONS-106296,BOD-02,OP-04
2025-01-25,MP-0014,salida,46.0,CONS-106303,BOD-03,OP-01
2025-01-25,MP-0128,salida,65.8,CONS-106310,BOD-01,OP-04
2025-01-25,MP-0047,salida,24.3,CONS-106317,BOD-02,OP-02
2025-01-25,MP-0244,salida,27.4,CONS-106324,BOD-03,OP-06
2025-01-25,MP-0122,salida,78.2,CONS-106331,BOD-02,OP-06
2025-01-25,MP-0132,salida,129.7,CONS-106338,BOD-01,OP-03
2025-01-25,MP-0216,salida,100.3,CONS-106352,BOD-01,OP-05
2025-01-25,MP-0010,salida,114.1,CONS-106366,BOD-01,OP-02
2025-01-25,MP-0002,salida,-64.8,CONS-106373,BOD-02,OP-06
2025-01-25,MP-0150,salida,90.7,CONS-106380,BOD-02,OP-01
2025-01-25,MP-0085,salida,95.6,CONS-106387,BOD-01,OP-05
2025-01-25,MP-0202,salida,139.1,CONS-106394,BOD-03,OP-01
2025-01-25,MP-0153,salida,63.9,CONS-106401,BOD-01,OP-03
2025-01-25,MP-0013,salida,71.0,CONS-106422,BOD-01,OP-01
2025-01-25,MP-0020,salida,72.9,CONS-106429,BOD-02,OP-02
2025-01-25,MP-0106,salida,46.7,CONS-106436,BOD-03,OP-03
2025-01-25,MP-0411,salida,70.4,CONS-106450,BOD-02,OP-05
2025-01-25,MP-0238,salida,66.3,CONS-106457,BOD-02,OP-05
2025-01-25,MP-0004,salida,22.8,CONS-106464,BOD-01,OP-02
2025-01-25,MP-0033,salida,20.1,CONS-106471,BOD-02,OP-01
2025-01-25,MP-0045,salida,12.8,CONS-106478,BOD-03,OP-05
2025-01-25,MP-0386,salida,28.2,CONS-106485,BOD-03,OP-01
2025-01-25,MP-0393,salida,9.1,CONS-106492,BOD-01,OP-03
2025-01-25,MP-0373,salida,111.4,CONS-106499,BOD-01,OP-02
2025-01-25,MP-0012,salida,77.8,CONS-106513,BOD-02,OP-06
2025-01-25,MP-0142,salida,78.2,CONS-106520,BOD-01,OP-05
2025-01-25,MP-0102,salida,95.3,CONS-106527,BOD-03,OP-03
2025-01-25,MP-0114,salida,22.7,CONS-106534,BOD-02,OP-05
2025-01-25,MP-0325,salida,61.3,CONS-106541,BOD-03,OP-04
2025-01-25,MP-0193,salida,55.2,CONS-106548,BOD-02,OP-03
2025-01-25,MP-0330,salida,25.5,CONS-106555,BOD-03,OP-02
2025-01-25,MP-0024,salida,154.3,CONS-106562,BOD-01,OP-01
2025-01-25,MP-0117,salida,40.9,CONS-106569,BOD-01,OP-01
2025-01-25,MP-0060,salida,36.5,CONS-106576,BOD-02,OP-02
2025-01-25,MP-0357,salida,44.9,CONS-106583,BOD-01,OP-04
2025-01-25,MP-0162,salida,6.9,CONS-106590,BOD-01,OP-06
2025-01-25,MP-0009,salida,83.1,CONS-106597,BOD-03,OP-04
2025-01-25,MP-0076,salida,114.9,CONS-106604,BOD-01,OP-05
2025-01-25,MP-0077,salida,121.1,CONS-106611,BOD-02,OP-06
2025-01-25,MP-0273,salida,129.1,CONS-106618,BOD-02,OP-05
2025-01-25,MP-0026,salida,26.6,CONS-106625,BOD-01,OP-05
2025-01-25,MP-0111,salida,40.9,CONS-106632,BOD-03,OP-02
2025-01-25,MP-0071,salida,32.4,CONS-106639,BOD-02,OP-05
2025-01-25,MP-0388,salida,31.2,CONS-106646,BOD-01,OP-04
2025-01-25,MP-0227,salida,18.7,CONS-106653,BOD-02,OP-04
2025-01-25,MP-0088,salida,85.4,CONS-106660,BOD-02,OP-05
2025-01-25,MP-0143,salida,-95.5,CONS-106667,BOD-02,OP-01
2025-01-25,MP-0181,salida,80.2,CONS-106674,BOD-02,OP-01
2025-01-25,MP-0385,salida,23.5,CONS-106681,BOD-01,OP-02
2025-01-25,MP-0321,salida,43.3,CONS-106688,BOD-02,OP-03
2025-01-25,MP-0343,salida,96.2,CONS-106695,BOD-03,OP-03
2025-01-25,MP-0036,salida,-9.2,CONS-106702,BOD-03,OP-05
2025-01-25,MP-0080,salida,10.1,CONS-106709,BOD-01,OP-03
2025-01-25,MP-0139,salida,18.7,CONS-106716,BOD-02,OP-03
2025-01-25,MP-0356,salida,12.0,CONS-106723,BOD-02,OP-02
2025-01-25,MP-0339,salida,4.0,CONS-106730,BOD-03,OP-06
2025-01-25,MP-0078,salida,84.4,CONS-106737,BOD-01,OP-03
2025-01-25,MP-0059,salida,52.0,CONS-106744,BOD-01,OP-06
2025-01-25,MP-0211,salida,40.7,CONS-106751,BOD-02,OP-04
2025-01-25,MP-0340,salida,40.7,CONS-106758,BOD-03,OP-01
2025-01-25,MP-0390,salida,29.2,CONS-106765,BOD-03,OP-01
2025-01-25,MP-0268,salida,26.7,CONS-106772,BOD-03,OP-06
2025-01-25,MP-0039,salida,9.4,CONS-106779,BOD-03,OP-03
2025-01-25,MP-0032,salida,18.3,CONS-106786,BOD-02,OP-03
2025-01-25,MP-0129,salida,62.1,CONS-106793,BOD-03,OP-05
2025-01-25,MP-0136,salida,53.4,CONS-106800,BOD-03,OP-02
2025-01-25,MP-0217,salida,47.1,CONS-106807,BOD-02,OP-06
2025-01-25,MP-0344,salida,-78.2,CONS-106814,BOD-03,OP-03
2025-01-26,MP-0051,entrada,387,REC-OC-5658,BOD-02,OP-05
2025-01-27,MP-0243,entrada,70,REC-OC-6286,BOD-03,OP-04
2025-01-28,MP-0044,entrada,447,REC-OC-5608,BOD-02,OP-06
2025-01-28,MP-0013,entrada,916,REC-OC-5174,BOD-02,OP-03
2025-01-29,MP-0046,entrada,433,REC-OC-5625,BOD-03,OP-02
2025-01-29,MP-0010,entrada,1459,REC-OC-5130,BOD-02,OP-04
2025-01-29,MP-0030,entrada,1747,REC-OC-5419,BOD-01,OP-04
2025-01-30,MP-0087,entrada,326,REC-OC-5832,BOD-03,OP-05
2025-01-31,MP-0118,entrada,339,REC-OC-6004,BOD-01,OP-06
2025-01-31,MP-0147,entrada,501,REC-OC-6172,BOD-01,OP-02
2025-01-31,MP-0045,entrada,334,REC-OC-5621,BOD-02,OP-05
2025-02-01,MP-0050,entrada,296,REC-OC-5650,BOD-01,OP-04
2025-02-01,MP-0146,entrada,340,REC-OC-6169,BOD-02,OP-03
2025-02-01,MP-0019,salida,50.5,CONS-106815,BOD-02,OP-01
2025-02-01,MP-0022,salida,68.4,CONS-106822,BOD-02,OP-04
2025-02-01,MP-0074,salida,16.1,CONS-106836,BOD-02,OP-03
2025-02-01,MP-0370,salida,5.2,CONS-106843,BOD-02,OP-03
2025-02-01,MP-0299,salida,20.1,CONS-106850,BOD-01,OP-06
2025-02-01,MP-0309,salida,18.3,CONS-106857,BOD-02,OP-06
2025-02-01,MP-0008,salida,122.8,CONS-106871,BOD-03,OP-06
2025-02-01,MP-0005,salida,48.1,CONS-106878,BOD-02,OP-04
2025-02-01,MP-0133,salida,25.7,CONS-106885,BOD-01,OP-01
2025-02-01,MP-0101,salida,22.6,CONS-106892,BOD-01,OP-05
2025-02-01,MP-0149,salida,77.8,CONS-106899,BOD-03,OP-06
2025-02-01,MP-0189,salida,18.3,CONS-106906,BOD-03,OP-05
2025-02-01,MP-0254,salida,26.6,CONS-106913,BOD-01,OP-03
2025-02-01,MP-0161,salida,9.9,CONS-106920,BOD-01,OP-05
2025-02-01,MP-0197,salida,24.1,CONS-106927,BOD-03,OP-03
2025-02-01,MP-0037,salida,84.0,CONS-106934,BOD-03,OP-02
2025-02-01,MP-0018,salida,14.0,CONS-106941,BOD-03,OP-02
2025-02-01,MP-0137,salida,70.4,CONS-106948,BOD-01,OP-01
2025-02-01,MP-0073,salida,101.5,CONS-106955,BOD-03,OP-01
2025-02-01,MP-0118,salida,91.2,CONS-106962,BOD-01,OP-05
2025-02-01,MP-0199,salida,86.3,CONS-106969,BOD-01,OP-05
2025-02-01,MP-0232,salida,77.2,CONS-106976,BOD-02,OP-05
2025-02-01,MP-0027,salida,10.1,CONS-106983,BOD-03,OP-02
2025-02-01,MP-0116,salida,30.3,CONS-106990,BOD-03,OP-04
2025-02-01,MP-0108,salida,68.6,CONS-106997,BOD-02,OP-04
2025-02-01,MP-0293,salida,53.3,CONS-107004,BOD-02,OP-04
2025-02-01,MP-0239,salida,25.3,CONS-107011,BOD-01,OP-04
2025-02-01,MP-0016,salida,102.4,CONS-107018,BOD-03,OP-03
2025-02-01,MP-0030,salida,-9.9,CONS-107025,BOD-02,OP-01
2025-02-01,MP-0120,salida,47.6,CONS-107032,BOD-03,OP-06
2025-02-01,MP-0043,salida,27.5,CONS-107039,BOD-01,OP-06
2025-02-01,MP-0182,salida,103.4,CONS-107046,BOD-01,OP-02
2025-02-01,MP-0369,salida,55.4,CONS-107053,BOD-03,OP-04
2025-02-01,MP-0001,salida,104.6,CONS-107067,BOD-01,OP-05
2025-02-01,MP-0014,salida,85.0,CONS-107074,BOD-01,OP-05
2025-02-01,MP-0128,salida,138.6,CONS-107081,BOD-02,OP-04
2025-02-01,MP-0047,salida,44.9,CONS-107088,BOD-01,OP-02
2025-02-01,MP-0244,salida,50.7,CONS-107095,BOD-01,OP-01
2025-02-01,MP-0122,salida,-64.9,CONS-107102,BOD-01,OP-05
2025-02-01,MP-0132,salida,107.5,CONS-107109,BOD-02,OP-02
2025-02-01,MP-0131,salida,39.8,CONS-107116,BOD-03,OP-06
2025-02-01,MP-0216,salida,83.1,CONS-107123,BOD-03,OP-04
2025-02-01,MP-0272,salida,10.5,CONS-107130,BOD-02,OP-02
2025-02-01,MP-0010,salida,77.6,CONS-107137,BOD-02,OP-01
2025-02-01,MP-0002,salida,44.1,CONS-107144,BOD-02,OP-01
2025-02-01,MP-0150,salida,61.7,CONS-107151,BOD-03,OP-06
2025-02-01,MP-0085,salida,75.9,CONS-107158,BOD-02,OP-06
2025-02-01,MP-0202,salida,94.6,CONS-107165,BOD-01,OP-04
2025-02-01,MP-0153,salida,43.5,CONS-107172,BOD-02,OP-06
2025-02-01,MP-0178,salida,20.5,CONS-107179,BOD-03,OP-02
2025-02-01,MP-0229,salida,96.9,CONS-107186,BOD-01,OP-01
2025-02-01,MP-0013,salida,52.5,CONS-107193,BOD-03,OP-05
2025-02-01,MP-0020,salida,119.6,CONS-107200,BOD-02,OP-04
2025-02-01,MP-0051,salida,123.7,CONS-107214,BOD-03,OP-06
2025-02-01,MP-0411,salida,52.1,CONS-107221,BOD-03,OP-02
2025-02-01,MP-0238,salida,49.1,CONS-107228,BOD-03,OP-05
2025-02-01,MP-0004,salida,53.9,CONS-107235,BOD-02,OP-06
2025-02-01,MP-0033,salida,47.7,CONS-107242,BOD-01,OP-03
2025-02-01,MP-0045,salida,30.2,CONS-107249,BOD-03,OP-01
2025-02-01,MP-0386,salida,66.9,CONS-107256,BOD-02,OP-04
2025-02-01,MP-0393,salida,21.5,CONS-107263,BOD-03,OP-05
2025-02-01,MP-0373,salida,153.4,CONS-107270,BOD-01,OP-04
2025-02-01,MP-0015,salida,61.9,CONS-107277,BOD-01,OP-01
2025-02-01,MP-0102,salida,115.0,CONS-107298,BOD-01,OP-05
2025-02-01,MP-0114,salida,27.4,CONS-107305,BOD-03,OP-04
2025-02-01,MP-0325,salida,74.0,CONS-107312,BOD-01,OP-06
2025-02-01,MP-0193,salida,66.6,CONS-107319,BOD-01,OP-02
2025-02-01,MP-0330,salida,30.7,CONS-107326,BOD-03,OP-05
2025-02-01,MP-0024,salida,204.9,CONS-107333,BOD-01,OP-03
2025-02-01,MP-0117,salida,111.1,CONS-107340,BOD-01,OP-05
2025-02-01,MP-0060,salida,99.3,CONS-107347,BOD-01,OP-01
2025-02-01,MP-0357,salida,122.1,CONS-107354,BOD-01,OP-06
2025-02-01,MP-0162,salida,18.8,CONS-107361,BOD-01,OP-06
2025-02-01,MP-0009,salida,74.3,CONS-107368,BOD-03,OP-01
2025-02-01,MP-0076,salida,102.7,CONS-107375,BOD-01,OP-04
2025-02-01,MP-0077,salida,108.2,CONS-107382,BOD-03,OP-02
2025-02-01,MP-0071,salida,54.0,CONS-107410,BOD-02,OP-06
2025-02-01,MP-0388,salida,52.0,CONS-107417,BOD-03,OP-05
2025-02-01,MP-0227,salida,31.2,CONS-107424,BOD-03,OP-01
2025-02-01,MP-0088,salida,76.2,CONS-107431,BOD-01,OP-04
2025-02-01,MP-0143,salida,85.3,CONS-107438,BOD-02,OP-03
2025-02-01,MP-0181,salida,71.6,CONS-107445,BOD-02,OP-06
2025-02-01,MP-0385,salida,21.0,CONS-107452,BOD-01,OP-06
2025-02-01,MP-0321,salida,38.7,CONS-107459,BOD-03,OP-04
2025-02-01,MP-0343,salida,85.8,CONS-107466,BOD-01,OP-03
2025-02-01,MP-0036,salida,49.8,CONS-107473,BOD-01,OP-03
2025-02-01,MP-0080,salida,55.0,CONS-107480,BOD-01,OP-04
2025-02-01,MP-0139,salida,-101.5,CONS-107487,BOD-01,OP-02
2025-02-01,MP-0356,salida,65.0,CONS-107494,BOD-03,OP-06
2025-02-01,MP-0339,salida,21.7,CONS-107501,BOD-02,OP-05
2025-02-01,MP-0078,salida,74.8,CONS-107508,BOD-01,OP-05
2025-02-01,MP-0059,salida,46.1,CONS-107515,BOD-01,OP-06
2025-02-01,MP-0211,salida,36.1,CONS-107522,BOD-01,OP-06
2025-02-01,MP-0340,salida,36.1,CONS-107529,BOD-03,OP-05
2025-02-01,MP-0390,salida,25.9,CONS-107536,BOD-01,OP-06
2025-02-01,MP-0268,salida,23.7,CONS-107543,BOD-01,OP-01
2025-02-01,MP-0039,salida,10.3,CONS-107550,BOD-01,OP-01
2025-02-01,MP-0032,salida,20.2,CONS-107557,BOD-01,OP-02
2025-02-01,MP-0129,salida,68.4,CONS-107564,BOD-02,OP-05
2025-02-01,MP-0136,salida,58.8,CONS-107571,BOD-01,OP-02
2025-02-01,MP-0217,salida,51.9,CONS-107578,BOD-01,OP-03
2025-02-01,MP-0344,salida,86.1,CONS-107585,BOD-01,OP-06
2025-02-02,MP-0032,entrada,1801,REC-OC-5445,BOD-03,OP-06
2025-02-02,MP-0084,entrada,380,REC-OC-5818,BOD-02,OP-03
2025-02-03,MP-0268,entrada,5,REC-OC-6312,BOD-03,OP-05
2025-02-04,MP-0139,entrada,209,REC-OC-6128,BOD-01,OP-03
2025-02-05,MP-0092,entrada,316,REC-OC-5866,BOD-03,OP-05
2025-02-05,MP-0008,entrada,504,REC-OC-5093,BOD-03,OP-04
2025-02-05,MP-0019,salida,50.5,CONS-106816,BOD-03,OP-04
2025-02-05,MP-0022,salida,68.4,CONS-106823,BOD-03,OP-02
2025-02-05,MP-0094,salida,15.5,CONS-106830,BOD-02,OP-02
2025-02-05,MP-0074,salida,16.1,CONS-106837,BOD-02,OP-02
2025-02-05,MP-0370,salida,5.2,CONS-106844,BOD-01,OP-04
2025-02-05,MP-0299,salida,20.1,CONS-106851,BOD-01,OP-04
2025-02-05,MP-0309,salida,18.3,CONS-106858,BOD-02,OP-02
2025-02-05,MP-0418,salida,16.9,CONS-106865,BOD-01,OP-04
2025-02-05,MP-0008,salida,122.8,CONS-106872,BOD-01,OP-02
2025-02-05,MP-0005,salida,48.1,CONS-106879,BOD-02,OP-05
2025-02-05,MP-0133,salida,25.7,CONS-106886,BOD-03,OP-01
2025-02-05,MP-0101,salida,22.6,CONS-106893,BOD-02,OP-06
2025-02-05,MP-0149,salida,77.8,CONS-106900,BOD-01,OP-06
2025-02-05,MP-0189,salida,18.3,CONS-106907,BOD-02,OP-06
2025-02-05,MP-0254,salida,26.6,CONS-106914,BOD-03,OP-06
2025-02-05,MP-0161,salida,9.9,CONS-106921,BOD-03,OP-03
2025-02-05,MP-0197,salida,24.1,CONS-106928,BOD-03,OP-01
2025-02-05,MP-0037,salida,84.0,CONS-106935,BOD-03,OP-01
2025-02-05,MP-0018,salida,14.0,CONS-106942,BOD-03,OP-03
2025-02-05,MP-0137,salida,70.4,CONS-106949,BOD-02,OP-03
2025-02-05,MP-0073,salida,101.5,CONS-106956,BOD-02,OP-02
2025-02-05,MP-0118,salida,91.2,CONS-106963,BOD-01,OP-02
2025-02-05,MP-0199,salida,86.3,CONS-106970,BOD-03,OP-01
2025-02-05,MP-0232,salida,77.2,CONS-106977,BOD-01,OP-01
2025-02-05,MP-0027,salida,10.1,CONS-106984,BOD-01,OP-04
2025-02-05,MP-0116,salida,30.3,CONS-106991,BOD-02,OP-01
2025-02-05,MP-0108,salida,68.6,CONS-106998,BOD-02,OP-06
2025-02-05,MP-0293,salida,53.3,CONS-107005,BOD-01,OP-04
2025-02-05,MP-0239,salida,25.3,CONS-107012,BOD-01,OP-06
2025-02-05,MP-0016,salida,102.4,CONS-107019,BOD-01,OP-01
2025-02-05,MP-0030,salida,9.9,CONS-107026,BOD-01,OP-03
2025-02-05,MP-0120,salida,47.6,CONS-107033,BOD-03,OP-02
2025-02-05,MP-0043,salida,27.5,CONS-107040,BOD-02,OP-05
2025-02-05,MP-0369,salida,55.4,CONS-107054,BOD-01,OP-03
2025-02-05,MP-0157,salida,148.4,CONS-107061,BOD-01,OP-01
2025-02-05,MP-0001,salida,104.6,CONS-107068,BOD-03,OP-06
2025-02-05,MP-0014,salida,85.0,CONS-107075,BOD-03,OP-01
2025-02-05,MP-0128,salida,138.6,CONS-107082,BOD-02,OP-04
2025-02-05,MP-0047,salida,44.9,CONS-107089,BOD-03,OP-01
2025-02-05,MP-0244,salida,50.7,CONS-107096,BOD-03,OP-02
2025-02-05,MP-0122,salida,64.9,CONS-107103,BOD-03,OP-04
2025-02-05,MP-0132,salida,107.5,CONS-107110,BOD-03,OP-03
2025-02-05,MP-0131,salida,39.8,CONS-107117,BOD-02,OP-03
2025-02-05,MP-0216,salida,83.1,CONS-107124,BOD-03,OP-06
2025-02-05,MP-0272,salida,10.5,CONS-107131,BOD-03,OP-02
2025-02-05,MP-0010,salida,77.6,CONS-107138,BOD-01,OP-02
2025-02-05,MP-0002,salida,44.1,CONS-107145,BOD-01,OP-06
2025-02-05,MP-0150,salida,61.7,CONS-107152,BOD-02,OP-06
2025-02-05,MP-0085,salida,75.9,CONS-107159,BOD-01,OP-03
2025-02-05,MP-0202,salida,94.6,CONS-107166,BOD-03,OP-02
2025-02-05,MP-0153,salida,43.5,CONS-107173,BOD-03,OP-05
2025-02-05,MP-0178,salida,20.5,CONS-107180,BOD-01,OP-03
2025-02-05,MP-0229,salida,96.9,CONS-107187,BOD-01,OP-05
2025-02-05,MP-0013,salida,52.5,CONS-107194,BOD-01,OP-06
2025-02-05,MP-0020,salida,119.6,CONS-107201,BOD-01,OP-06
2025-02-05,MP-0106,salida,34.6,CONS-107208,BOD-02,OP-04
2025-02-05,MP-0051,salida,123.7,CONS-107215,BOD-03,OP-06
2025-02-05,MP-0411,salida,52.1,CONS-107222,BOD-01,OP-05
2025-02-05,MP-0238,salida,49.1,CONS-107229,BOD-02,OP-02
2025-02-05,MP-0004,salida,53.9,CONS-107236,BOD-03,OP-02
2025-02-05,MP-0033,salida,47.7,CONS-107243,BOD-03,OP-01
2025-02-05,MP-0045,salida,30.2,CONS-107250,BOD-03,OP-03
2025-02-05,MP-0386,salida,66.9,CONS-107257,BOD-02,OP-01
2025-02-05,MP-0393,salida,21.5,CONS-107264,BOD-01,OP-01
2025-02-05,MP-0373,salida,153.4,CONS-107271,BOD-01,OP-06
2025-02-05,MP-0015,salida,61.9,CONS-107278,BOD-03,OP-03
2025-02-05,MP-0012,salida,93.9,CONS-107285,BOD-01,OP-02
2025-02-05,MP-0142,salida,94.4,CONS-107292,BOD-01,OP-05
2025-02-05,MP-0114,salida,27.4,CONS-107306,BOD-03,OP-02
2025-02-05,MP-0325,salida,74.0,CONS-107313,BOD-01,OP-06
2025-02-05,MP-0193,salida,-66.6,CONS-107320,BOD-01,OP-04
2025-02-05,MP-0024,salida,204.9,CONS-107334,BOD-02,OP-01
2025-02-05,MP-0117,salida,111.1,CONS-107341,BOD-02,OP-04
2025-02-05,MP-0060,salida,99.3,CONS-107348,BOD-02,OP-05
2025-02-05,MP-0357,salida,122.1,CONS-107355,BOD-02,OP-02
2025-02-05,MP-0162,salida,18.8,CONS-107362,BOD-01,OP-06
2025-02-05,MP-0009,salida,74.3,CONS-107369,BOD-03,OP-05
2025-02-05,MP-0076,salida,102.7,CONS-107376,BOD-01,OP-03
2025-02-05,MP-0077,salida,108.2,CONS-107383,BOD-03,OP-03
2025-02-05,MP-0273,salida,-115.4,CONS-107390,BOD-01,OP-03
2025-02-05,MP-0026,salida,44.3,CONS-107397,BOD-02,OP-02
2025-02-05,MP-0071,salida,54.0,CONS-107411,BOD-03,OP-02
2025-02-05,MP-0388,salida,52.0,CONS-107418,BOD-02,OP-02
2025-02-05,MP-0227,salida,31.2,CONS-107425,BOD-02,OP-06
2025-02-05,MP-0088,salida,-76.2,CONS-107432,BOD-03,OP-02
2025-02-05,MP-0143,salida,85.3,CONS-107439,BOD-02,OP-01
2025-02-05,MP-0385,salida,21.0,CONS-107453,BOD-03,OP-03
2025-02-05,MP-0321,salida,38.7,CONS-107460,BOD-01,OP-02
2025-02-05,MP-0343,salida,85.8,CONS-107467,BOD-03,OP-03
2025-02-05,MP-0036,salida,49.8,CONS-107474,BOD-01,OP-06
2025-02-05,MP-0080,salida,55.0,CONS-107481,BOD-01,OP-04
2025-02-05,MP-0139,salida,101.5,CONS-107488,BOD-02,OP-06
2025-02-05,MP-0356,salida,65.0,CONS-107495,BOD-03,OP-03
2025-02-05,MP-0339,salida,21.7,CONS-107502,BOD-03,OP-05
2025-02-05,MP-0059,salida,46.1,CONS-107516,BOD-03,OP-01
2025-02-05,MP-0340,salida,36.1,CONS-107530,BOD-03,OP-03
2025-02-05,MP-0390,salida,25.9,CONS-107537,BOD-02,OP-03
2025-02-05,MP-0268,salida,23.7,CONS-107544,BOD-03,OP-06
2025-02-05,MP-0039,salida,10.3,CONS-107551,BOD-02,OP-01
2025-02-05,MP-0032,salida,20.2,CONS-107558,BOD-02,OP-02
2025-02-05,MP-0129,salida,68.4,CONS-107565,BOD-01,OP-06
2025-02-05,MP-0136,salida,58.8,CONS-107572,BOD-01,OP-06
2025-02-05,MP-0217,salida,51.9,CONS-107579,BOD-01,OP-01
2025-02-05,MP-0344,salida,86.1,CONS-107586,BOD-02,OP-04
2025-02-06,MP-0032,entrada,2183,REC-OC-5450,BOD-03,OP-02
2025-02-06,MP-0399,entrada,56,REC-OC-6449,BOD-02,OP-05
2025-02-07,MP-0042,entrada,429,REC-OC-5596,BOD-01,OP-01
2025-02-07,MP-0003,entrada,752,REC-OC-5035,BOD-03,OP-04
2025-02-07,MP-0035,entrada,1966,REC-OC-5516,BOD-02,OP-01
2025-02-08,MP-0076,entrada,186,REC-OC-5778,BOD-02,OP-03
2025-02-09,MP-0019,salida,50.5,CONS-106817,BOD-02,OP-04
2025-02-09,MP-0022,salida,68.4,CONS-106824,BOD-03,OP-03
2025-02-09,MP-0094,salida,15.5,CONS-106831,BOD-02,OP-03
2025-02-09,MP-0074,salida,-16.1,CONS-106838,BOD-03,OP-04
2025-02-09,MP-0370,salida,5.2,CONS-106845,BOD-03,OP-03
2025-02-09,MP-0299,salida,20.1,CONS-106852,BOD-02,OP-06
2025-02-09,MP-0309,salida,18.3,CONS-106859,BOD-01,OP-02
2025-02-09,MP-0418,salida,16.9,CONS-106866,BOD-03,OP-01
2025-02-09,MP-0008,salida,122.8,CONS-106873,BOD-01,OP-03
2025-02-09,MP-0005,salida,48.1,CONS-106880,BOD-01,OP-04
2025-02-09,MP-0133,salida,25.7,CONS-106887,BOD-03,OP-01
2025-02-09,MP-0101,salida,22.6,CONS-106894,BOD-01,OP-02
2025-02-09,MP-0149,salida,77.8,CONS-106901,BOD-02,OP-04
2025-02-09,MP-0189,salida,18.3,CONS-106908,BOD-03,OP-01
2025-02-09,MP-0254,salida,26.6,CONS-106915,BOD-02,OP-06
2025-02-09,MP-0161,salida,9.9,CONS-106922,BOD-01,OP-04
2025-02-09,MP-0037,salida,84.0,CONS-106936,BOD-02,OP-06
2025-02-09,MP-0018,salida,14.0,CONS-106943,BOD-01,OP-01
2025-02-09,MP-0137,salida,70.4,CONS-106950,BOD-02,OP-01
2025-02-09,MP-0073,salida,101.5,CONS-106957,BOD-02,OP-06
2025-02-09,MP-0118,salida,91.2,CONS-106964,BOD-03,OP-02
2025-02-09,MP-0199,salida,86.3,CONS-106971,BOD-03,OP-04
2025-02-09,MP-0232,salida,77.2,CONS-106978,BOD-02,OP-04
2025-02-09,MP-0116,salida,30.3,CONS-106992,BOD-03,OP-06
2025-02-09,MP-0108,salida,68.6,CONS-106999,BOD-01,OP-02
2025-02-09,MP-0293,salida,53.3,CONS-107006,BOD-03,OP-04
2025-02-09,MP-0239,salida,25.3,CONS-107013,BOD-01,OP-03
2025-02-09,MP-0016,salida,102.4,CONS-107020,BOD-01,OP-05
2025-02-09,MP-0030,salida,9.9,CONS-107027,BOD-02,OP-04
2025-02-09,MP-0120,salida,47.6,CONS-107034,BOD-03,OP-02
2025-02-09,MP-0043,salida,27.5,CONS-107041,BOD-03,OP-06
2025-02-09,MP-0182,salida,103.4,CONS-107048,BOD-03,OP-03
2025-02-09,MP-0369,salida,55.4,CONS-107055,BOD-02,OP-02
2025-02-09,MP-0157,salida,148.4,CONS-107062,BOD-01,OP-02
2025-02-09,MP-0001,salida,104.6,CONS-107069,BOD-03,OP-05
2025-02-09,MP-0014,salida,85.0,CONS-107076,BOD-03,OP-04
2025-02-09,MP-0128,salida,138.6,CONS-107083,BOD-01,OP-01
2025-02-09,MP-0047,salida,44.9,CONS-107090,BOD-03,OP-03
2025-02-09,MP-0244,salida,50.7,CONS-107097,BOD-01,OP-02
2025-02-09,MP-0122,salida,64.9,CONS-107104,BOD-01,OP-05
2025-02-09,MP-0132,salida,107.5,CONS-107111,BOD-02,OP-01
2025-02-09,MP-0131,salida,39.8,CONS-107118,BOD-02,OP-03
2025-02-09,MP-0216,salida,83.1,CONS-107125,BOD-02,OP-02
2025-02-09,MP-0272,salida,10.5,CONS-107132,BOD-01,OP-04
2025-02-09,MP-0010,salida,77.6,CONS-107139,BOD-03,OP-02
2025-02-09,MP-0002,salida,44.1,CONS-107146,BOD-02,OP-06
2025-02-09,MP-0150,salida,61.7,CONS-107153,BOD-02,OP-05
2025-02-09,MP-0085,salida,75.9,CONS-107160,BOD-02,OP-01
2025-02-09,MP-0202,salida,94.6,CONS-107167,BOD-02,OP-06
2025-02-09,MP-0153,salida,43.5,CONS-107174,BOD-01,OP-04
2025-02-09,MP-0178,salida,20.5,CONS-107181,BOD-02,OP-03
2025-02-09,MP-0013,salida,52.5,CONS-107195,BOD-03,OP-06
2025-02-09,MP-0020,salida,119.6,CONS-107202,BOD-02,OP-06
2025-02-09,MP-0106,salida,34.6,CONS-107209,BOD-01,OP-03
2025-02-09,MP-0051,salida,123.7,CONS-107216,BOD-01,OP-02
2025-02-09,MP-0411,salida,52.1,CONS-107223,BOD-02,OP-06
2025-02-09,MP-0238,salida,49.1,CONS-107230,BOD-01,OP-03
2025-02-09,MP-0033,salida,47.7,CONS-107244,BOD-03,OP-04
2025-02-09,MP-0045,salida,30.2,CONS-107251,BOD-01,OP-03
2025-02-09,MP-0386,salida,66.9,CONS-107258,BOD-02,OP-06
2025-02-09,MP-0393,salida,21.5,CONS-107265,BOD-02,OP-04
2025-02-09,MP-0373,salida,153.4,CONS-107272,BOD-01,OP-06
2025-02-09,MP-0015,salida,61.9,CONS-107279,BOD-02,OP-01
2025-02-09,MP-0012,salida,93.9,CONS-107286,BOD-01,OP-05
2025-02-09,MP-0142,salida,94.4,CONS-107293,BOD-02,OP-01
2025-02-09,MP-0102,salida,115.0,CONS-107300,BOD-03,OP-03
2025-02-09,MP-0114,salida,27.4,CONS-107307,BOD-01,OP-04
2025-02-09,MP-0325,salida,74.0,CONS-107314,BOD-03,OP-05
2025-02-09,MP-0330,salida,30.7,CONS-107328,BOD-02,OP-04
2025-02-09,MP-0024,salida,204.9,CONS-107335,BOD-01,OP-03
2025-02-09,MP-0117,salida,111.1,CONS-107342,BOD-02,OP-02
2025-02-09,MP-0060,salida,99.3,CONS-107349,BOD-02,OP-02
2025-02-09,MP-0357,salida,122.1,CONS-107356,BOD-02,OP-01
2025-02-09,MP-0162,salida,18.8,CONS-107363,BOD-01,OP-05
2025-02-09,MP-0009,salida,74.3,CONS-107370,BOD-02,OP-04
2025-02-09,MP-0076,salida,102.7,CONS-107377,BOD-03,OP-04
2025-02-09,MP-0273,salida,115.4,CONS-107391,BOD-03,OP-05
2025-02-09,MP-0026,salida,44.3,CONS-107398,BOD-03,OP-02
2025-02-09,MP-0111,salida,68.1,CONS-107405,BOD-03,OP-03
2025-02-09,MP-0071,salida,54.0,CONS-107412,BOD-02,OP-06
2025-02-09,MP-0388,salida,52.0,CONS-107419,BOD-02,OP-03
2025-02-09,MP-0227,salida,31.2,CONS-107426,BOD-03,OP-05
2025-02-09,MP-0088,salida,76.2,CONS-107433,BOD-03,OP-01
2025-02-09,MP-0143,salida,85.3,CONS-107440,BOD-02,OP-04
2025-02-09,MP-0181,salida,71.6,CONS-107447,BOD-02,OP-02
2025-02-09,MP-0385,salida,21.0,CONS-107454,BOD-01,OP-06
2025-02-09,MP-0321,salida,38.7,CONS-107461,BOD-02,OP-06
2025-02-09,MP-0343,salida,85.8,CONS-107468,BOD-02,OP-01
2025-02-09,MP-0036,salida,49.8,CONS-107475,BOD-02,OP-04
2025-02-09,MP-0080,salida,55.0,CONS-107482,BOD-01,OP-01
2025-02-09,MP-0356,salida,65.0,CONS-107496,BOD-01,OP-02
2025-02-09,MP-0339,salida,21.7,CONS-107503,BOD-03,OP-02
2025-02-09,MP-0078,salida,74.8,CONS-107510,BOD-01,OP-01
2025-02-09,MP-0059,salida,46.1,CONS-107517,BOD-02,OP-04
2025-02-09,MP-0211,salida,36.1,CONS-107524,BOD-03,OP-04
2025-02-09,MP-0340,salida,36.1,CONS-107531,BOD-01,OP-03
2025-02-09,MP-0390,salida,25.9,CONS-107538,BOD-03,OP-04
2025-02-09,MP-0268,salida,23.7,CONS-107545,BOD-01,OP-05
2025-02-09,MP-0039,salida,10.3,CONS-107552,BOD-02,OP-01
2025-02-09,MP-0032,salida,20.2,CONS-107559,BOD-02,OP-01
2025-02-09,MP-0129,salida,68.4,CONS-107566,BOD-03,OP-03
2025-02-09,MP-0136,salida,-58.8,CONS-107573,BOD-03,OP-01
2025-02-09,MP-0217,salida,51.9,CONS-107580,BOD-02,OP-06
2025-02-09,MP-0344,salida,86.1,CONS-107587,BOD-03,OP-01
2025-02-10,MP-0022,entrada,1082,REC-OC-5298,BOD-03,OP-02
2025-02-10,MP-0054,entrada,250,REC-OC-5671,BOD-02,OP-05
2025-02-11,MP-0100,entrada,281,REC-OC-5919,BOD-01,OP-02
2025-02-11,MP-0348,entrada,17,REC-OC-6397,BOD-01,OP-04
2025-02-11,MP-0120,entrada,376,REC-OC-6010,BOD-01,OP-05
2025-02-11,MP-0033,entrada,2041,REC-OC-5487,BOD-02,OP-01
2025-02-12,MP-0051,entrada,376,REC-OC-5655,BOD-03,OP-05
2025-02-12,MP-0090,entrada,461,REC-OC-5858,BOD-01,OP-05
2025-02-12,MP-0121,entrada,285,REC-OC-6019,BOD-01,OP-02
2025-02-12,MP-0026,entrada,1111,REC-OC-5360,BOD-02,OP-02
2025-02-12,MP-0333,entrada,36,REC-OC-6381,BOD-02,OP-04
2025-02-13,MP-0403,entrada,78,REC-OC-6454,BOD-03,OP-05
2025-02-13,MP-0038,entrada,597,REC-OC-5553,BOD-03,OP-02
2025-02-13,MP-0019,salida,50.5,CONS-106818,BOD-02,OP-05
2025-02-13,MP-0022,salida,68.4,CONS-106825,BOD-01,OP-03
2025-02-13,MP-0074,salida,16.1,CONS-106839,BOD-01,OP-06
2025-02-13,MP-0370,salida,5.2,CONS-106846,BOD-03,OP-01
2025-02-13,MP-0299,salida,20.1,CONS-106853,BOD-02,OP-01
2025-02-13,MP-0418,salida,16.9,CONS-106867,BOD-02,OP-02
2025-02-13,MP-0008,salida,122.8,CONS-106874,BOD-02,OP-04
2025-02-13,MP-0005,salida,48.1,CONS-106881,BOD-03,OP-06
2025-02-13,MP-0101,salida,22.6,CONS-106895,BOD-01,OP-03
2025-02-13,MP-0149,salida,77.8,CONS-106902,BOD-01,OP-06
2025-02-13,MP-0189,salida,18.3,CONS-106909,BOD-01,OP-03
2025-02-13,MP-0254,salida,26.6,CONS-106916,BOD-02,OP-02
2025-02-13,MP-0161,salida,9.9,CONS-106923,BOD-01,OP-05
2025-02-13,MP-0197,salida,24.1,CONS-106930,BOD-01,OP-05
2025-02-13,MP-0037,salida,84.0,CONS-106937,BOD-02,OP-04
2025-02-13,MP-0018,salida,14.0,CONS-106944,BOD-03,OP-01
2025-02-13,MP-0137,salida,70.4,CONS-106951,BOD-03,OP-05
2025-02-13,MP-0118,salida,91.2,CONS-106965,BOD-02,OP-02
2025-02-13,MP-0199,salida,86.3,CONS-106972,BOD-02,OP-01
2025-02-13,MP-0232,salida,77.2,CONS-106979,BOD-03,OP-02
2025-02-13,MP-0027,salida,10.1,CONS-106986,BOD-02,OP-04
2025-02-13,MP-0116,salida,30.3,CONS-106993,BOD-02,OP-06
2025-02-13,MP-0108,salida,68.6,CONS-107000,BOD-01,OP-01
2025-02-13,MP-0293,salida,53.3,CONS-107007,BOD-02,OP-01
2025-02-13,MP-0239,salida,25.3,CONS-107014,BOD-03,OP-02
2025-02-13,MP-0016,salida,102.4,CONS-107021,BOD-01,OP-04
2025-02-13,MP-0030,salida,9.9,CONS-107028,BOD-02,OP-06
2025-02-13,MP-0120,salida,47.6,CONS-107035,BOD-01,OP-01
2025-02-13,MP-0043,salida,27.5,CONS-107042,BOD-03,OP-01
2025-02-13,MP-0182,salida,103.4,CONS-107049,BOD-03,OP-06
2025-02-13,MP-0369,salida,55.4,CONS-107056,BOD-02,OP-02
2025-02-13,MP-0157,salida,148.4,CONS-107063,BOD-01,OP-03
2025-02-13,MP-0001,salida,104.6,CONS-107070,BOD-02,OP-06
2025-02-13,MP-0014,salida,85.0,CONS-107077,BOD-01,OP-03
2025-02-13,MP-0128,salida,138.6,CONS-107084,BOD-02,OP-01
2025-02-13,MP-0047,salida,44.9,CONS-107091,BOD-03,OP-02
2025-02-13,MP-0244,salida,50.7,CONS-107098,BOD-02,OP-05
2025-02-13,MP-0122,salida,64.9,CONS-107105,BOD-02,OP-03
2025-02-13,MP-0132,salida,107.5,CONS-107112,BOD-01,OP-05
2025-02-13,MP-0131,salida,39.8,CONS-107119,BOD-01,OP-02
2025-02-13,MP-0216,salida,83.1,CONS-107126,BOD-02,OP-03
2025-02-13,MP-0272,salida,10.5,CONS-107133,BOD-01,OP-05
2025-02-13,MP-0010,salida,77.6,CONS-107140,BOD-01,OP-03
2025-02-13,MP-0085,salida,75.9,CONS-107161,BOD-03,OP-01
2025-02-13,MP-0202,salida,94.6,CONS-107168,BOD-03,OP-06
2025-02-13,MP-0153,salida,43.5,CONS-107175,BOD-02,OP-01
2025-02-13,MP-0178,salida,20.5,CONS-107182,BOD-03,OP-06
2025-02-13,MP-0229,salida,96.9,CONS-107189,BOD-02,OP-01
2025-02-13,MP-0013,salida,52.5,CONS-107196,BOD-01,OP-03
2025-02-13,MP-0020,salida,119.6,CONS-107203,BOD-01,OP-02
2025-02-13,MP-0106,salida,34.6,CONS-107210,BOD-02,OP-04
2025-02-13,MP-0051,salida,123.7,CONS-107217,BOD-02,OP-03
2025-02-13,MP-0411,salida,52.1,CONS-107224,BOD-02,OP-05
2025-02-13,MP-0004,salida,53.9,CONS-107238,BOD-03,OP-02
2025-02-13,MP-0033,salida,47.7,CONS-107245,BOD-02,OP-03
2025-02-13,MP-0045,salida,30.2,CONS-107252,BOD-03,OP-03
2025-02-13,MP-0386,salida,66.9,CONS-107259,BOD-03,OP-05
2025-02-13,MP-0393,salida,21.5,CONS-107266,BOD-02,OP-04
2025-02-13,MP-0373,salida,153.4,CONS-107273,BOD-03,OP-02
2025-02-13,MP-0015,salida,61.9,CONS-107280,BOD-03,OP-04
2025-02-13,MP-0012,salida,93.9,CONS-107287,BOD-02,OP-04
2025-02-13,MP-0142,salida,94.4,CONS-107294,BOD-03,OP-05
2025-02-13,MP-0102,salida,115.0,CONS-107301,BOD-02,OP-01
2025-02-13,MP-0114,salida,27.4,CONS-107308,BOD-02,OP-04
2025-02-13,MP-0325,salida,74.0,CONS-107315,BOD-01,OP-02
2025-02-13,MP-0193,salida,66.6,CONS-107322,BOD-02,OP-04
2025-02-13,MP-0024,salida,204.9,CONS-107336,BOD-03,OP-06
2025-02-13,MP-0117,salida,111.1,CONS-107343,BOD-01,OP-06
2025-02-13,MP-0060,salida,99.3,CONS-107350,BOD-01,OP-02
2025-02-13,MP-0357,salida,122.1,CONS-107357,BOD-03,OP-01
2025-02-13,MP-0162,salida,18.8,CONS-107364,BOD-03,OP-06
2025-02-13,MP-0009,salida,74.3,CONS-107371,BOD-03,OP-05
2025-02-13,MP-0076,salida,102.7,CONS-107378,BOD-02,OP-06
2025-02-13,MP-0077,salida,108.2,CONS-107385,BOD-01,OP-02
2025-02-13,MP-0273,salida,115.4,CONS-107392,BOD-02,OP-04
2025-02-13,MP-0026,salida,44.3,CONS-107399,BOD-03,OP-05
2025-02-13,MP-0111,salida,68.1,CONS-107406,BOD-03,OP-03
2025-02-13,MP-0071,salida,54.0,CONS-107413,BOD-02,OP-03
2025-02-13,MP-0388,salida,52.0,CONS-107420,BOD-03,OP-05
2025-02-13,MP-0227,salida,31.2,CONS-107427,BOD-01,OP-06
2025-02-13,MP-0088,salida,76.2,CONS-107434,BOD-03,OP-03
2025-02-13,MP-0181,salida,71.6,CONS-107448,BOD-01,OP-02
2025-02-13,MP-0385,salida,21.0,CONS-107455,BOD-01,OP-06
2025-02-13,MP-0321,salida,38.7,CONS-107462,BOD-02,OP-05
2025-02-13,MP-0343,salida,85.8,CONS-107469,BOD-03,OP-04
2025-02-13,MP-0036,salida,49.8,CONS-107476,BOD-01,OP-02
2025-02-13,MP-0080,salida,55.0,CONS-107483,BOD-02,OP-05
2025-02-13,MP-0139,salida,101.5,CONS-107490,BOD-01,OP-03
2025-02-13,MP-0356,salida,65.0,CONS-107497,BOD-01,OP-05
2025-02-13,MP-0339,salida,21.7,CONS-107504,BOD-02,OP-03
2025-02-13,MP-0078,salida,74.8,CONS-107511,BOD-03,OP-03
2025-02-13,MP-0059,salida,46.1,CONS-107518,BOD-01,OP-02
2025-02-13,MP-0211,salida,36.1,CONS-107525,BOD-03,OP-05
2025-02-13,MP-0340,salida,36.1,CONS-107532,BOD-02,OP-06
2025-02-13,MP-0390,salida,25.9,CONS-107539,BOD-03,OP-06
2025-02-13,MP-0268,salida,23.7,CONS-107546,BOD-03,OP-02
2025-02-13,MP-0039,salida,10.3,CONS-107553,BOD-02,OP-05
2025-02-13,MP-0032,salida,20.2,CONS-107560,BOD-01,OP-05
2025-02-13,MP-0129,salida,68.4,CONS-107567,BOD-01,OP-03
2025-02-13,MP-0136,salida,58.8,CONS-107574,BOD-03,OP-06
2025-02-13,MP-0217,salida,-51.9,CONS-107581,BOD-03,OP-04
2025-02-13,MP-0344,salida,86.1,CONS-107588,BOD-02,OP-04
2025-02-13,MP-0331,ajuste,15,AJU-120034,BOD-02,AUDIT
2025-02-14,MP-0014,entrada,1136,REC-OC-5185,BOD-01,OP-06
2025-02-14,MP-0050,entrada,374,REC-OC-5653,BOD-03,OP-03
2025-02-14,MP-0143,entrada,79,REC-OC-6147,BOD-01,OP-03
2025-02-14,MP-0119,entrada,119,REC-OC-6006,BOD-03,OP-02
2025-02-15,MP-0012,entrada,765,REC-OC-5158,BOD-02,OP-06
2025-02-15,MP-0137,entrada,402,REC-OC-6116,BOD-02,OP-06
2025-02-15,MP-0044,entrada,442,REC-OC-5610,BOD-01,OP-06
2025-02-15,MP-0119,entrada,135,REC-OC-6007,BOD-01,OP-02
2025-02-16,MP-0070,entrada,207,REC-OC-5752,BOD-02,OP-04
2025-02-17,MP-0040,entrada,1662,REC-OC-5589,BOD-02,OP-01
2025-02-17,MP-0415,entrada,38,REC-OC-6466,BOD-02,OP-06
2025-02-17,MP-0019,salida,50.5,CONS-106819,BOD-03,OP-04
2025-02-17,MP-0022,salida,68.4,CONS-106826,BOD-01,OP-01
2025-02-17,MP-0094,salida,15.5,CONS-106833,BOD-02,OP-04
2025-02-17,MP-0074,salida,16.1,CONS-106840,BOD-01,OP-02
2025-02-17,MP-0370,salida,5.2,CONS-106847,BOD-02,OP-04
2025-02-17,MP-0299,salida,20.1,CONS-106854,BOD-01,OP-02
2025-02-17,MP-0309,salida,18.3,CONS-106861,BOD-02,OP-03
2025-02-17,MP-0418,salida,16.9,CONS-106868,BOD-02,OP-03
2025-02-17,MP-0008,salida,122.8,CONS-106875,BOD-03,OP-01
2025-02-17,MP-0005,salida,48.1,CONS-106882,BOD-02,OP-02
2025-02-17,MP-0133,salida,25.7,CONS-106889,BOD-03,OP-03
2025-02-17,MP-0101,salida,22.6,CONS-106896,BOD-02,OP-02
2025-02-17,MP-0189,salida,18.3,CONS-106910,BOD-01,OP-05
2025-02-17,MP-0254,salida,26.6,CONS-106917,BOD-01,OP-04
2025-02-17,MP-0161,salida,9.9,CONS-106924,BOD-01,OP-02
2025-02-17,MP-0197,salida,24.1,CONS-106931,BOD-02,OP-04
2025-02-17,MP-0037,salida,84.0,CONS-106938,BOD-02,OP-02
2025-02-17,MP-0018,salida,14.0,CONS-106945,BOD-03,OP-04
2025-02-17,MP-0137,salida,70.4,CONS-106952,BOD-02,OP-04
2025-02-17,MP-0073,salida,101.5,CONS-106959,BOD-02,OP-03
2025-02-17,MP-0118,salida,91.2,CONS-106966,BOD-02,OP-02
2025-02-17,MP-0199,salida,86.3,CONS-106973,BOD-03,OP-03
2025-02-17,MP-0232,salida,77.2,CONS-106980,BOD-03,OP-03
2025-02-17,MP-0027,salida,10.1,CONS-106987,BOD-01,OP-04
2025-02-17,MP-0116,salida,30.3,CONS-106994,BOD-02,OP-05
2025-02-17,MP-0108,salida,68.6,CONS-107001,BOD-01,OP-05
2025-02-17,MP-0239,salida,25.3,CONS-107015,BOD-03,OP-05
2025-02-17,MP-0016,salida,102.4,CONS-107022,BOD-03,OP-05
2025-02-17,MP-0030,salida,9.9,CONS-107029,BOD-01,OP-05
2025-02-17,MP-0120,salida,47.6,CONS-107036,BOD-03,OP-04
2025-02-17,MP-0043,salida,27.5,CONS-107043,BOD-03,OP-05
2025-02-17,MP-0182,salida,103.4,CONS-107050,BOD-03,OP-02
2025-02-17,MP-0369,salida,55.4,CONS-107057,BOD-02,OP-01
2025-02-17,MP-0157,salida,148.4,CONS-107064,BOD-03,OP-02
2025-02-17,MP-0001,salida,104.6,CONS-107071,BOD-01,OP-03
2025-02-17,MP-0014,salida,85.0,CONS-107078,BOD-02,OP-01
2025-02-17,MP-0128,salida,138.6,CONS-107085,BOD-03,OP-01
2025-02-17,MP-0047,salida,44.9,CONS-107092,BOD-01,OP-04
2025-02-17,MP-0244,salida,50.7,CONS-107099,BOD-03,OP-02
2025-02-17,MP-0122,salida,64.9,CONS-107106,BOD-03,OP-02
2025-02-17,MP-0132,salida,107.5,CONS-107113,BOD-02,OP-06
2025-02-17,MP-0131,salida,39.8,CONS-107120,BOD-02,OP-05
2025-02-17,MP-0216,salida,83.1,CONS-107127,BOD-02,OP-05
2025-02-17,MP-0272,salida,10.5,CONS-107134,BOD-01,OP-05
2025-02-17,MP-0010,salida,77.6,CONS-107141,BOD-02,OP-02
2025-02-17,MP-0002,salida,44.1,CONS-107148,BOD-02,OP-06
2025-02-17,MP-0150,salida,61.7,CONS-107155,BOD-01,OP-05
2025-02-17,MP-0085,salida,75.9,CONS-107162,BOD-01,OP-01
2025-02-17,MP-0202,salida,94.6,CONS-107169,BOD-03,OP-04
2025-02-17,MP-0153,salida,43.5,CONS-107176,BOD-02,OP-02
2025-02-17,MP-0178,salida,20.5,CONS-107183,BOD-01,OP-01
2025-02-17,MP-0229,salida,96.9,CONS-107190,BOD-02,OP-05
2025-02-17,MP-0013,salida,52.5,CONS-107197,BOD-02,OP-01
2025-02-17,MP-0020,salida,119.6,CONS-107204,BOD-02,OP-01
2025-02-17,MP-0106,salida,34.6,CONS-107211,BOD-03,OP-01
2025-02-17,MP-0051,salida,123.7,CONS-107218,BOD-03,OP-01
2025-02-17,MP-0411,salida,52.1,CONS-107225,BOD-03,OP-03
2025-02-17,MP-0238,salida,49.1,CONS-107232,BOD-03,OP-02
2025-02-17,MP-0004,salida,53.9,CONS-107239,BOD-01,OP-06
2025-02-17,MP-0033,salida,47.7,CONS-107246,BOD-01,OP-02
2025-02-17,MP-0045,salida,30.2,CONS-107253,BOD-03,OP-03
2025-02-17,MP-0386,salida,66.9,CONS-107260,BOD-02,OP-04
2025-02-17,MP-0393,salida,21.5,CONS-107267,BOD-02,OP-04
2025-02-17,MP-0015,salida,61.9,CONS-107281,BOD-01,OP-06
2025-02-17,MP-0012,salida,93.9,CONS-107288,BOD-01,OP-02
2025-02-17,MP-0142,salida,94.4,CONS-107295,BOD-03,OP-01
2025-02-17,MP-0102,salida,115.0,CONS-107302,BOD-02,OP-04
2025-02-17,MP-0114,salida,27.4,CONS-107309,BOD-02,OP-03
2025-02-17,MP-0325,salida,74.0,CONS-107316,BOD-01,OP-04
2025-02-17,MP-0193,salida,66.6,CONS-107323,BOD-01,OP-01
2025-02-17,MP-0330,salida,30.7,CONS-107330,BOD-03,OP-01
2025-02-17,MP-0024,salida,204.9,CONS-107337,BOD-01,OP-03
2025-02-17,MP-0117,salida,111.1,CONS-107344,BOD-02,OP-06
2025-02-17,MP-0060,salida,99.3,CONS-107351,BOD-02,OP-04
2025-02-17,MP-0357,salida,122.1,CONS-107358,BOD-01,OP-06
2025-02-17,MP-0009,salida,74.3,CONS-107372,BOD-03,OP-04
2025-02-17,MP-0076,salida,102.7,CONS-107379,BOD-01,OP-06
2025-02-17,MP-0077,salida,108.2,CONS-107386,BOD-03,OP-02
2025-02-17,MP-0273,salida,115.4,CONS-107393,BOD-02,OP-03
2025-02-17,MP-0026,salida,44.3,CONS-107400,BOD-01,OP-02
2025-02-17,MP-0111,salida,68.1,CONS-107407,BOD-01,OP-03
2025-02-17,MP-0071,salida,54.0,CONS-107414,BOD-03,OP-05
2025-02-17,MP-0388,salida,52.0,CONS-107421,BOD-02,OP-06
2025-02-17,MP-0227,salida,31.2,CONS-107428,BOD-03,OP-03
2025-02-17,MP-0088,salida,76.2,CONS-107435,BOD-02,OP-04
2025-02-17,MP-0143,salida,85.3,CONS-107442,BOD-01,OP-06
2025-02-17,MP-0181,salida,71.6,CONS-107449,BOD-01,OP-06
2025-02-17,MP-0385,salida,21.0,CONS-107456,BOD-02,OP-01
2025-02-17,MP-0321,salida,38.7,CONS-107463,BOD-03,OP-03
2025-02-17,MP-0343,salida,85.8,CONS-107470,BOD-02,OP-04
2025-02-17,MP-0036,salida,49.8,CONS-107477,BOD-02,OP-06
2025-02-17,MP-0080,salida,55.0,CONS-107484,BOD-02,OP-02
2025-02-17,MP-0139,salida,101.5,CONS-107491,BOD-03,OP-04
2025-02-17,MP-0356,salida,65.0,CONS-107498,BOD-03,OP-04
2025-02-17,MP-0339,salida,21.7,CONS-107505,BOD-02,OP-01
2025-02-17,MP-0078,salida,74.8,CONS-107512,BOD-02,OP-06
2025-02-17,MP-0059,salida,46.1,CONS-107519,BOD-03,OP-02
2025-02-17,MP-0211,salida,36.1,CONS-107526,BOD-02,OP-04
2025-02-17,MP-0340,salida,36.1,CONS-107533,BOD-02,OP-05
2025-02-17,MP-0390,salida,25.9,CONS-107540,BOD-01,OP-06
2025-02-17,MP-0268,salida,23.7,CONS-107547,BOD-03,OP-05
2025-02-17,MP-0039,salida,10.3,CONS-107554,BOD-02,OP-03
2025-02-17,MP-0032,salida,20.2,CONS-107561,BOD-03,OP-01
2025-02-17,MP-0129,salida,68.4,CONS-107568,BOD-02,OP-02
2025-02-17,MP-0136,salida,58.8,CONS-107575,BOD-03,OP-03
2025-02-17,MP-0217,salida,51.9,CONS-107582,BOD-03,OP-01
2025-02-18,MP-0028,entrada,969,REC-OC-5383,BOD-02,OP-04
2025-02-18,MP-0109,entrada,291,REC-OC-5963,BOD-01,OP-01
2025-02-18,MP-0033,entrada,2121,REC-OC-5485,BOD-02,OP-05
2025-02-18,MP-0260,entrada,51,REC-OC-6304,BOD-03,OP-04
2025-02-18,MP-0084,entrada,346,REC-OC-5816,BOD-03,OP-05
2025-02-18,MP-0298,ajuste,2,AJU-120080,BOD-02,AUDIT
2025-02-19,MP-0084,entrada,272,REC-OC-5812,BOD-02,OP-03
2025-02-19,MP-0270,entrada,14,REC-OC-6314,BOD-01,OP-03
2025-02-19,MP-0125,entrada,343,REC-OC-6037,BOD-02,OP-03
2025-02-20,MP-0007,entrada,829,REC-OC-5085,BOD-02,OP-06
2025-02-20,MP-0069,entrada,460,REC-OC-5748,BOD-01,OP-06
2025-02-21,MP-0087,entrada,446,REC-OC-5833,BOD-02,OP-01
2025-02-21,MP-0019,salida,50.5,CONS-106820,BOD-01,OP-01
2025-02-21,MP-0022,salida,68.4,CONS-106827,BOD-01,OP-04
2025-02-21,MP-0094,salida,15.5,CONS-106834,BOD-03,OP-03
2025-02-21,MP-0074,salida,16.1,CONS-106841,BOD-01,OP-03
2025-02-21,MP-0370,salida,5.2,CONS-106848,BOD-03,OP-05
2025-02-21,MP-0299,salida,20.1,CONS-106855,BOD-03,OP-05
2025-02-21,MP-0309,salida,18.3,CONS-106862,BOD-03,OP-01
2025-02-21,MP-0418,salida,16.9,CONS-106869,BOD-03,OP-06
2025-02-21,MP-0008,salida,122.8,CONS-106876,BOD-03,OP-03
2025-02-21,MP-0005,salida,48.1,CONS-106883,BOD-02,OP-02
2025-02-21,MP-0133,salida,25.7,CONS-106890,BOD-01,OP-04
2025-02-21,MP-0101,salida,22.6,CONS-106897,BOD-01,OP-06
2025-02-21,MP-0189,salida,18.3,CONS-106911,BOD-01,OP-05
2025-02-21,MP-0254,salida,26.6,CONS-106918,BOD-02,OP-05
2025-02-21,MP-0161,salida,9.9,CONS-106925,BOD-02,OP-05
2025-02-21,MP-0037,salida,84.0,CONS-106939,BOD-03,OP-06
2025-02-21,MP-0018,salida,14.0,CONS-106946,BOD-03,OP-03
2025-02-21,MP-0137,salida,70.4,CONS-106953,BOD-02,OP-06
2025-02-21,MP-0073,salida,101.5,CONS-106960,BOD-02,OP-01
2025-02-21,MP-0118,salida,91.2,CONS-106967,BOD-03,OP-01
2025-02-21,MP-0199,salida,86.3,CONS-106974,BOD-01,OP-01
2025-02-21,MP-0232,salida,77.2,CONS-106981,BOD-01,OP-06
2025-02-21,MP-0027,salida,10.1,CONS-106988,BOD-03,OP-04
2025-02-21,MP-0116,salida,30.3,CONS-106995,BOD-02,OP-06
2025-02-21,MP-0108,salida,68.6,CONS-107002,BOD-03,OP-02
2025-02-21,MP-0293,salida,53.3,CONS-107009,BOD-01,OP-04
2025-02-21,MP-0239,salida,25.3,CONS-107016,BOD-03,OP-02
2025-02-21,MP-0016,salida,102.4,CONS-107023,BOD-01,OP-05
2025-02-21,MP-0030,salida,9.9,CONS-107030,BOD-02,OP-05
2025-02-21,MP-0120,salida,47.6,CONS-107037,BOD-01,OP-01
2025-02-21,MP-0043,salida,27.5,CONS-107044,BOD-02,OP-04
2025-02-21,MP-0182,salida,103.4,CONS-107051,BOD-03,OP-04
2025-02-21,MP-0369,salida,55.4,CONS-107058,BOD-03,OP-06
2025-02-21,MP-0157,salida,148.4,CONS-107065,BOD-02,OP-04
2025-02-21,MP-0001,salida,104.6,CONS-107072,BOD-01,OP-05
2025-02-21,MP-0014,salida,85.0,CONS-107079,BOD-01,OP-02
2025-02-21,MP-0047,salida,44.9,CONS-107093,BOD-02,OP-01
2025-02-21,MP-0244,salida,50.7,CONS-107100,BOD-02,OP-06
2025-02-21,MP-0122,salida,64.9,CONS-107107,BOD-03,OP-03
2025-02-21,MP-0132,salida,107.5,CONS-107114,BOD-03,OP-02
2025-02-21,MP-0216,salida,83.1,CONS-107128,BOD-03,OP-01
2025-02-21,MP-0272,salida,10.5,CONS-107135,BOD-02,OP-03
2025-02-21,MP-0010,salida,77.6,CONS-107142,BOD-03,OP-02
2025-02-21,MP-0085,salida,75.9,CONS-107163,BOD-02,OP-03
2025-02-21,MP-0202,salida,94.6,CONS-107170,BOD-02,OP-06
2025-02-21,MP-0153,salida,43.5,CONS-107177,BOD-02,OP-05
2025-02-21,MP-0178,salida,20.5,CONS-107184,BOD-03,OP-06
2025-02-21,MP-0229,salida,96.9,CONS-107191,BOD-03,OP-04
2025-02-21,MP-0013,salida,52.5,CONS-107198,BOD-01,OP-05
2025-02-21,MP-0020,salida,119.6,CONS-107205,BOD-03,OP-01
2025-02-21,MP-0106,salida,34.6,CONS-107212,BOD-03,OP-02
2025-02-21,MP-0051,salida,123.7,CONS-107219,BOD-01,OP-06
2025-02-21,MP-0411,salida,52.1,CONS-107226,BOD-02,OP-05
2025-02-21,MP-0238,salida,49.1,CONS-107233,BOD-01,OP-05
2025-02-21,MP-0004,salida,53.9,CONS-107240,BOD-03,OP-02
2025-02-21,MP-0033,salida,47.7,CONS-107247,BOD-01,OP-05
2025-02-21,MP-0045,salida,30.2,CONS-107254,BOD-03,OP-01
2025-02-21,MP-0386,salida,66.9,CONS-107261,BOD-03,OP-05
2025-02-21,MP-0393,salida,21.5,CONS-107268,BOD-02,OP-06
2025-02-21,MP-0373,salida,153.4,CONS-107275,BOD-02,OP-05
2025-02-21,MP-0015,salida,61.9,CONS-107282,BOD-01,OP-05
2025-02-21,MP-0012,salida,93.9,CONS-107289,BOD-02,OP-05
2025-02-21,MP-0142,salida,94.4,CONS-107296,BOD-03,OP-06
2025-02-21,MP-0114,salida,27.4,CONS-107310,BOD-01,OP-05
2025-02-21,MP-0325,salida,74.0,CONS-107317,BOD-01,OP-06
2025-02-21,MP-0193,salida,66.6,CONS-107324,BOD-03,OP-06
2025-02-21,MP-0330,salida,30.7,CONS-107331,BOD-02,OP-05
2025-02-21,MP-0024,salida,204.9,CONS-107338,BOD-02,OP-01
2025-02-21,MP-0117,salida,111.1,CONS-107345,BOD-03,OP-05
2025-02-21,MP-0060,salida,99.3,CONS-107352,BOD-03,OP-05
2025-02-21,MP-0357,salida,122.1,CONS-107359,BOD-03,OP-04
2025-02-21,MP-0162,salida,18.8,CONS-107366,BOD-02,OP-01
2025-02-21,MP-0009,salida,74.3,CONS-107373,BOD-03,OP-06
2025-02-21,MP-0076,salida,102.7,CONS-107380,BOD-03,OP-03
2025-02-21,MP-0077,salida,108.2,CONS-107387,BOD-01,OP-02
2025-02-21,MP-0273,salida,115.4,CONS-107394,BOD-02,OP-06
2025-02-21,MP-0026,salida,44.3,CONS-107401,BOD-03,OP-01
2025-02-21,MP-0111,salida,68.1,CONS-107408,BOD-02,OP-01
2025-02-21,MP-0071,salida,54.0,CONS-107415,BOD-01,OP-02
2025-02-21,MP-0388,salida,52.0,CONS-107422,BOD-02,OP-05
2025-02-21,MP-0227,salida,31.2,CONS-107429,BOD-03,OP-06
2025-02-21,MP-0088,salida,76.2,CONS-107436,BOD-03,OP-02
2025-02-21,MP-0143,salida,85.3,CONS-107443,BOD-01,OP-02
2025-02-21,MP-0181,salida,71.6,CONS-107450,BOD-03,OP-05
2025-02-21,MP-0385,salida,21.0,CONS-107457,BOD-01,OP-03
2025-02-21,MP-0321,salida,38.7,CONS-107464,BOD-02,OP-01
2025-02-21,MP-0343,salida,85.8,CONS-107471,BOD-02,OP-01
2025-02-21,MP-0036,salida,49.8,CONS-107478,BOD-02,OP-04
2025-02-21,MP-0080,salida,55.0,CONS-107485,BOD-02,OP-01
2025-02-21,MP-0139,salida,101.5,CONS-107492,BOD-03,OP-06
2025-02-21,MP-0356,salida,65.0,CONS-107499,BOD-03,OP-02
2025-02-21,MP-0339,salida,21.7,CONS-107506,BOD-03,OP-06
2025-02-21,MP-0078,salida,74.8,CONS-107513,BOD-02,OP-05
2025-02-21,MP-0059,salida,46.1,CONS-107520,BOD-03,OP-03
2025-02-21,MP-0211,salida,36.1,CONS-107527,BOD-03,OP-06
2025-02-21,MP-0340,salida,36.1,CONS-107534,BOD-03,OP-04
2025-02-21,MP-0390,salida,25.9,CONS-107541,BOD-03,OP-01
2025-02-21,MP-0268,salida,23.7,CONS-107548,BOD-01,OP-03
2025-02-21,MP-0039,salida,10.3,CONS-107555,BOD-02,OP-03
2025-02-21,MP-0032,salida,20.2,CONS-107562,BOD-03,OP-03
2025-02-21,MP-0129,salida,68.4,CONS-107569,BOD-03,OP-04
2025-02-21,MP-0136,salida,58.8,CONS-107576,BOD-01,OP-02
2025-02-21,MP-0217,salida,51.9,CONS-107583,BOD-03,OP-06
2025-02-21,MP-0344,salida,-86.1,CONS-107590,BOD-01,OP-06
2025-02-23,MP-0024,entrada,1642,REC-OC-5332,BOD-03,OP-06
2025-02-23,MP-0071,entrada,340,REC-OC-5758,BOD-02,OP-01
2025-02-25,MP-0116,entrada,157,REC-OC-5990,BOD-01,OP-04
2025-02-25,MP-0019,salida,50.5,CONS-106821,BOD-03,OP-03
2025-02-25,MP-0022,salida,68.4,CONS-106828,BOD-01,OP-05
2025-02-25,MP-0094,salida,15.5,CONS-106835,BOD-01,OP-02
2025-02-25,MP-0074,salida,16.1,CONS-106842,BOD-02,OP-02
2025-02-25,MP-0370,salida,5.2,CONS-106849,BOD-03,OP-01
2025-02-25,MP-0299,salida,20.1,CONS-106856,BOD-01,OP-05
2025-02-25,MP-0309,salida,18.3,CONS-106863,BOD-02,OP-05
2025-02-25,MP-0418,salida,16.9,CONS-106870,BOD-01,OP-04
2025-02-25,MP-0008,salida,122.8,CONS-106877,BOD-02,OP-05
2025-02-25,MP-0005,salida,48.1,CONS-106884,BOD-03,OP-06
2025-02-25,MP-0133,salida,25.7,CONS-106891,BOD-01,OP-03
2025-02-25,MP-0101,salida,22.6,CONS-106898,BOD-01,OP-02
2025-02-25,MP-0189,salida,18.3,CONS-106912,BOD-02,OP-04
2025-02-25,MP-0254,salida,26.6,CONS-106919,BOD-03,OP-06
2025-02-25,MP-0161,salida,-9.9,CONS-106926,BOD-03,OP-01
2025-02-25,MP-0197,salida,24.1,CONS-106933,BOD-01,OP-06
2025-02-25,MP-0037,salida,84.0,CONS-106940,BOD-02,OP-01
2025-02-25,MP-0018,salida,14.0,CONS-106947,BOD-02,OP-01
2025-02-25,MP-0137,salida,70.4,CONS-106954,BOD-03,OP-05
2025-02-25,MP-0073,salida,101.5,CONS-106961,BOD-01,OP-01
2025-02-25,MP-0118,salida,91.2,CONS-106968,BOD-02,OP-01
2025-02-25,MP-0199,salida,86.3,CONS-106975,BOD-02,OP-05
2025-02-25,MP-0232,salida,77.2,CONS-106982,BOD-01,OP-01
2025-02-25,MP-0116,salida,30.3,CONS-106996,BOD-03,OP-04
2025-02-25,MP-0108,salida,68.6,CONS-107003,BOD-02,OP-03
2025-02-25,MP-0293,salida,53.3,CONS-107010,BOD-02,OP-04
2025-02-25,MP-0239,salida,25.3,CONS-107017,BOD-02,OP-05
2025-02-25,MP-0016,salida,102.4,CONS-107024,BOD-03,OP-05
2025-02-25,MP-0030,salida,9.9,CONS-107031,BOD-02,OP-05
2025-02-25,MP-0120,salida,47.6,CONS-107038,BOD-02,OP-03
2025-02-25,MP-0182,salida,-103.4,CONS-107052,BOD-03,OP-03
2025-02-25,MP-0369,salida,55.4,CONS-107059,BOD-01,OP-01
2025-02-25,MP-0157,salida,148.4,CONS-107066,BOD-02,OP-02
2025-02-25,MP-0001,salida,104.6,CONS-107073,BOD-03,OP-04
2025-02-25,MP-0014,salida,85.0,CONS-107080,BOD-03,OP-01
2025-02-25,MP-0128,salida,138.6,CONS-107087,BOD-02,OP-01
2025-02-25,MP-0047,salida,44.9,CONS-107094,BOD-01,OP-06
2025-02-25,MP-0244,salida,50.7,CONS-107101,BOD-03,OP-01
2025-02-25,MP-0122,salida,64.9,CONS-107108,BOD-01,OP-05
2025-02-25,MP-0132,salida,107.5,CONS-107115,BOD-01,OP-05
2025-02-25,MP-0131,salida,39.8,CONS-107122,BOD-03,OP-02
2025-02-25,MP-0216,salida,83.1,CONS-107129,BOD-03,OP-05
2025-02-25,MP-0272,salida,10.5,CONS-107136,BOD-03,OP-01
2025-02-25,MP-0002,salida,44.1,CONS-107150,BOD-01,OP-03
2025-02-25,MP-0150,salida,61.7,CONS-107157,BOD-01,OP-02
2025-02-25,MP-0085,salida,75.9,CONS-107164,BOD-02,OP-04
2025-02-25,MP-0202,salida,94.6,CONS-107171,BOD-02,OP-05
2025-02-25,MP-0153,salida,43.5,CONS-107178,BOD-03,OP-05
2025-02-25,MP-0178,salida,20.5,CONS-107185,BOD-01,OP-01
2025-02-25,MP-0229,salida,96.9,CONS-107192,BOD-03,OP-03
2025-02-25,MP-0013,salida,52.5,CONS-107199,BOD-01,OP-05
2025-02-25,MP-0020,salida,119.6,CONS-107206,BOD-03,OP-05
2025-02-25,MP-0106,salida,34.6,CONS-107213,BOD-01,OP-03
2025-02-25,MP-0051,salida,123.7,CONS-107220,BOD-01,OP-01
2025-02-25,MP-0411,salida,52.1,CONS-107227,BOD-03,OP-02
2025-02-25,MP-0238,salida,49.1,CONS-107234,BOD-02,OP-05
2025-02-25,MP-0004,salida,53.9,CONS-107241,BOD-02,OP-06
2025-02-25,MP-0033,salida,47.7,CONS-107248,BOD-01,OP-05
2025-02-25,MP-0045,salida,30.2,CONS-107255,BOD-01,OP-01
2025-02-25,MP-0386,salida,66.9,CONS-107262,BOD-03,OP-05
2025-02-25,MP-0393,salida,21.5,CONS-107269,BOD-03,OP-05
2025-02-25,MP-0373,salida,153.4,CONS-107276,BOD-01,OP-04
2025-02-25,MP-0015,salida,61.9,CONS-107283,BOD-03,OP-05
2025-02-25,MP-0012,salida,93.9,CONS-107290,BOD-02,OP-03
2025-02-25,MP-0102,salida,115.0,CONS-107304,BOD-03,OP-05
2025-02-25,MP-0114,salida,27.4,CONS-107311,BOD-02,OP-01
2025-02-25,MP-0325,salida,74.0,CONS-107318,BOD-01,OP-06
2025-02-25,MP-0193,salida,66.6,CONS-107325,BOD-03,OP-04
2025-02-25,MP-0330,salida,-30.7,CONS-107332,BOD-03,OP-06
2025-02-25,MP-0117,salida,111.1,CONS-107346,BOD-02,OP-04
2025-02-25,MP-0060,salida,99.3,CONS-107353,BOD-01,OP-04
2025-02-25,MP-0357,salida,122.1,CONS-107360,BOD-03,OP-03
2025-02-25,MP-0162,salida,18.8,CONS-107367,BOD-01,OP-02
2025-02-25,MP-0077,salida,108.2,CONS-107388,BOD-01,OP-01
2025-02-25,MP-0273,salida,115.4,CONS-107395,BOD-02,OP-06
2025-02-25,MP-0026,salida,44.3,CONS-107402,BOD-01,OP-05
2025-02-25,MP-0111,salida,68.1,CONS-107409,BOD-01,OP-05
2025-02-25,MP-0071,salida,54.0,CONS-107416,BOD-03,OP-04
2025-02-25,MP-0388,salida,52.0,CONS-107423,BOD-02,OP-02
2025-02-25,MP-0227,salida,31.2,CONS-107430,BOD-01,OP-01
2025-02-25,MP-0143,salida,85.3,CONS-107444,BOD-03,OP-01
2025-02-25,MP-0181,salida,71.6,CONS-107451,BOD-01,OP-05
2025-02-25,MP-0385,salida,21.0,CONS-107458,BOD-03,OP-04
2025-02-25,MP-0321,salida,38.7,CONS-107465,BOD-01,OP-04
2025-02-25,MP-0343,salida,85.8,CONS-107472,BOD-01,OP-03
2025-02-25,MP-0036,salida,49.8,CONS-107479,BOD-03,OP-04
2025-02-25,MP-0080,salida,55.0,CONS-107486,BOD-02,OP-02
2025-02-25,MP-0139,salida,101.5,CONS-107493,BOD-02,OP-01
2025-02-25,MP-0356,salida,65.0,CONS-107500,BOD-03,OP-03
2025-02-25,MP-0339,salida,21.7,CONS-107507,BOD-03,OP-03
2025-02-25,MP-0078,salida,74.8,CONS-107514,BOD-01,OP-01
2025-02-25,MP-0059,salida,46.1,CONS-107521,BOD-02,OP-02
2025-02-25,MP-0211,salida,36.1,CONS-107528,BOD-02,OP-03
2025-02-25,MP-0340,salida,36.1,CONS-107535,BOD-01,OP-04
2025-02-25,MP-0390,salida,25.9,CONS-107542,BOD-01,OP-06
2025-02-25,MP-0268,salida,23.7,CONS-107549,BOD-01,OP-01
2025-02-25,MP-0039,salida,10.3,CONS-107556,BOD-01,OP-03
2025-02-25,MP-0129,salida,68.4,CONS-107570,BOD-01,OP-04
2025-02-25,MP-0136,salida,58.8,CONS-107577,BOD-02,OP-02
2025-02-25,MP-0217,salida,51.9,CONS-107584,BOD-03,OP-05
2025-02-25,MP-0344,salida,86.1,CONS-107591,BOD-03,OP-04
2025-02-26,MP-0033,entrada,2136,REC-OC-5476,BOD-02,OP-03
2025-02-26,MP-0004,entrada,1135,REC-OC-5043,BOD-02,OP-02
2025-02-27,MP-0134,entrada,216,REC-OC-6095,BOD-03,OP-05
2025-02-27,MP-0165,entrada,60,REC-OC-6205,BOD-02,OP-01
2025-02-27,MP-0129,entrada,451,REC-OC-6063,BOD-03,OP-03
2025-02-28,MP-0004,entrada,1172,REC-OC-5048,BOD-02,OP-04
2025-02-28,MP-0002,entrada,1493,REC-OC-5016,BOD-02,OP-05
2025-02-28,MP-0057,entrada,557,REC-OC-5690,BOD-03,OP-04
2025-03-01,MP-0029,entrada,1139,REC-OC-5406,BOD-02,OP-01
2025-03-01,MP-0019,salida,54.6,CONS-107592,BOD-02,OP-05
2025-03-01,MP-0022,salida,70.1,CONS-107599,BOD-02,OP-03
2025-03-01,MP-0094,salida,-45.7,CONS-107606,BOD-02,OP-06
2025-03-01,MP-0074,salida,47.5,CONS-107613,BOD-01,OP-01
2025-03-01,MP-0370,salida,15.3,CONS-107620,BOD-01,OP-02
2025-03-01,MP-0299,salida,59.3,CONS-107627,BOD-03,OP-01
2025-03-01,MP-0309,salida,53.9,CONS-107634,BOD-01,OP-02
2025-03-01,MP-0418,salida,50.0,CONS-107641,BOD-01,OP-04
2025-03-01,MP-0008,salida,68.6,CONS-107648,BOD-01,OP-02
2025-03-01,MP-0005,salida,39.1,CONS-107655,BOD-03,OP-04
2025-03-01,MP-0133,salida,24.7,CONS-107662,BOD-03,OP-02
2025-03-01,MP-0101,salida,21.7,CONS-107669,BOD-02,OP-02
2025-03-01,MP-0149,salida,35.3,CONS-107676,BOD-01,OP-02
2025-03-01,MP-0189,salida,17.5,CONS-107683,BOD-01,OP-02
2025-03-01,MP-0254,salida,25.5,CONS-107690,BOD-03,OP-04
2025-03-01,MP-0161,salida,9.5,CONS-107697,BOD-02,OP-01
2025-03-01,MP-0197,salida,23.1,CONS-107704,BOD-03,OP-03
2025-03-01,MP-0037,salida,92.0,CONS-107711,BOD-01,OP-01
2025-03-01,MP-0018,salida,15.3,CONS-107718,BOD-03,OP-02
2025-03-01,MP-0137,salida,77.1,CONS-107725,BOD-03,OP-06
2025-03-01,MP-0073,salida,111.1,CONS-107732,BOD-02,OP-03
2025-03-01,MP-0118,salida,99.8,CONS-107739,BOD-03,OP-05
2025-03-01,MP-0199,salida,94.5,CONS-107746,BOD-01,OP-06
2025-03-01,MP-0232,salida,84.5,CONS-107753,BOD-01,OP-04
2025-03-01,MP-0027,salida,3.4,CONS-107760,BOD-02,OP-01
2025-03-01,MP-0116,salida,10.1,CONS-107767,BOD-01,OP-01
2025-03-01,MP-0108,salida,33.6,CONS-107774,BOD-03,OP-04
2025-03-01,MP-0293,salida,17.8,CONS-107781,BOD-03,OP-05
2025-03-01,MP-0239,salida,8.4,CONS-107788,BOD-02,OP-02
2025-03-01,MP-0016,salida,74.0,CONS-107795,BOD-03,OP-05
2025-03-01,MP-0030,salida,10.3,CONS-107802,BOD-02,OP-06
2025-03-01,MP-0120,salida,49.2,CONS-107809,BOD-03,OP-05
2025-03-01,MP-0043,salida,28.4,CONS-107816,BOD-03,OP-06
2025-03-01,MP-0182,salida,122.1,CONS-107823,BOD-02,OP-04
2025-03-01,MP-0369,salida,57.2,CONS-107830,BOD-02,OP-01
2025-03-01,MP-0157,salida,78.7,CONS-107837,BOD-01,OP-02
2025-03-01,MP-0001,salida,-132.3,CONS-107844,BOD-03,OP-01
2025-03-01,MP-0014,salida,107.5,CONS-107851,BOD-01,OP-01
2025-03-01,MP-0128,salida,163.4,CONS-107858,BOD-03,OP-01
2025-03-01,MP-0047,salida,56.9,CONS-107865,BOD-01,OP-01
2025-03-01,MP-0244,salida,64.1,CONS-107872,BOD-03,OP-05
2025-03-01,MP-0122,salida,27.4,CONS-107879,BOD-01,OP-05
2025-03-01,MP-0132,salida,45.5,CONS-107886,BOD-03,OP-02
2025-03-01,MP-0131,salida,16.8,CONS-107893,BOD-01,OP-01
2025-03-01,MP-0216,salida,35.1,CONS-107900,BOD-01,OP-05
2025-03-01,MP-0272,salida,4.5,CONS-107907,BOD-02,OP-06
2025-03-01,MP-0010,salida,66.6,CONS-107914,BOD-03,OP-05
2025-03-01,MP-0002,salida,37.9,CONS-107921,BOD-03,OP-05
2025-03-01,MP-0150,salida,53.0,CONS-107928,BOD-02,OP-03
2025-03-01,MP-0085,salida,60.6,CONS-107935,BOD-03,OP-02
2025-03-01,MP-0202,salida,81.2,CONS-107942,BOD-03,OP-06
2025-03-01,MP-0153,salida,37.3,CONS-107949,BOD-02,OP-03
2025-03-01,MP-0178,salida,17.6,CONS-107956,BOD-03,OP-06
2025-03-01,MP-0229,salida,83.2,CONS-107963,BOD-02,OP-05
2025-03-01,MP-0013,salida,67.5,CONS-107970,BOD-03,OP-03
2025-03-01,MP-0020,salida,82.5,CONS-107977,BOD-03,OP-04
2025-03-01,MP-0106,salida,44.4,CONS-107984,BOD-01,OP-06
2025-03-01,MP-0051,salida,147.3,CONS-107991,BOD-03,OP-05
2025-03-01,MP-0411,salida,66.9,CONS-107998,BOD-03,OP-05
2025-03-01,MP-0238,salida,63.0,CONS-108005,BOD-03,OP-05
2025-03-01,MP-0004,salida,59.8,CONS-108012,BOD-03,OP-03
2025-03-01,MP-0045,salida,33.5,CONS-108026,BOD-01,OP-01
2025-03-01,MP-0386,salida,74.1,CONS-108033,BOD-03,OP-04
2025-03-01,MP-0393,salida,23.8,CONS-108040,BOD-01,OP-03
2025-03-01,MP-0373,salida,156.1,CONS-108047,BOD-03,OP-03
2025-03-01,MP-0015,salida,25.4,CONS-108054,BOD-02,OP-02
2025-03-01,MP-0012,salida,38.5,CONS-108061,BOD-01,OP-05
2025-03-01,MP-0142,salida,38.6,CONS-108068,BOD-02,OP-06
2025-03-01,MP-0102,salida,47.1,CONS-108075,BOD-03,OP-04
2025-03-01,MP-0114,salida,11.2,CONS-108082,BOD-01,OP-01
2025-03-01,MP-0325,salida,30.3,CONS-108089,BOD-01,OP-01
2025-03-01,MP-0193,salida,27.3,CONS-108096,BOD-01,OP-05
2025-03-01,MP-0330,salida,12.6,CONS-108103,BOD-01,OP-03
2025-03-01,MP-0024,salida,151.2,CONS-108110,BOD-01,OP-05
2025-03-01,MP-0117,salida,55.1,CONS-108117,BOD-02,OP-04
2025-03-01,MP-0060,salida,49.2,CONS-108124,BOD-03,OP-02
2025-03-01,MP-0162,salida,9.3,CONS-108138,BOD-01,OP-01
2025-03-01,MP-0009,salida,67.0,CONS-108145,BOD-03,OP-03
2025-03-01,MP-0077,salida,97.5,CONS-108159,BOD-02,OP-04
2025-03-01,MP-0273,salida,104.0,CONS-108166,BOD-02,OP-01
2025-03-01,MP-0111,salida,95.3,CONS-108180,BOD-03,OP-03
2025-03-01,MP-0388,salida,72.8,CONS-108194,BOD-01,OP-03
2025-03-01,MP-0227,salida,43.7,CONS-108201,BOD-03,OP-04
2025-03-01,MP-0088,salida,57.9,CONS-108208,BOD-02,OP-05
2025-03-01,MP-0143,salida,64.7,CONS-108215,BOD-02,OP-01
2025-03-01,MP-0181,salida,54.4,CONS-108222,BOD-02,OP-06
2025-03-01,MP-0321,salida,29.3,CONS-108236,BOD-03,OP-06
2025-03-01,MP-0343,salida,65.2,CONS-108243,BOD-02,OP-02
2025-03-01,MP-0036,salida,10.1,CONS-108250,BOD-01,OP-01
2025-03-01,MP-0080,salida,11.1,CONS-108257,BOD-03,OP-01
2025-03-01,MP-0139,salida,20.5,CONS-108264,BOD-01,OP-05
2025-03-01,MP-0356,salida,13.1,CONS-108271,BOD-02,OP-04
2025-03-01,MP-0339,salida,4.4,CONS-108278,BOD-02,OP-02
2025-03-01,MP-0078,salida,26.7,CONS-108285,BOD-01,OP-06
2025-03-01,MP-0059,salida,16.5,CONS-108292,BOD-01,OP-01
2025-03-01,MP-0211,salida,12.9,CONS-108299,BOD-02,OP-03
2025-03-01,MP-0340,salida,12.9,CONS-108306,BOD-03,OP-01
2025-03-01,MP-0390,salida,9.2,CONS-108313,BOD-03,OP-01
2025-03-01,MP-0039,salida,10.3,CONS-108327,BOD-02,OP-03
2025-03-01,MP-0032,salida,20.2,CONS-108334,BOD-01,OP-03
2025-03-01,MP-0129,salida,68.4,CONS-108341,BOD-01,OP-02
2025-03-01,MP-0217,salida,51.9,CONS-108355,BOD-02,OP-01
2025-03-01,MP-0344,salida,86.1,CONS-108362,BOD-03,OP-06
2025-03-02,MP-0374,entrada,23,REC-OC-6423,BOD-02,OP-02
2025-03-03,MP-0009,entrada,2022,REC-OC-5110,BOD-02,OP-03
2025-03-03,MP-0131,entrada,356,REC-OC-6081,BOD-01,OP-01
2025-03-05,MP-0019,salida,54.6,CONS-107593,BOD-02,OP-03
2025-03-05,MP-0022,salida,70.1,CONS-107600,BOD-02,OP-05
2025-03-05,MP-0094,salida,45.7,CONS-107607,BOD-03,OP-06
2025-03-05,MP-0074,salida,47.5,CONS-107614,BOD-01,OP-06
2025-03-05,MP-0370,salida,15.3,CONS-107621,BOD-03,OP-04
2025-03-05,MP-0299,salida,59.3,CONS-107628,BOD-02,OP-05
2025-03-05,MP-0309,salida,53.9,CONS-107635,BOD-01,OP-01
2025-03-05,MP-0418,salida,50.0,CONS-107642,BOD-03,OP-05
2025-03-05,MP-0008,salida,68.6,CONS-107649,BOD-01,OP-02
2025-03-05,MP-0005,salida,39.1,CONS-107656,BOD-03,OP-06
2025-03-05,MP-0133,salida,-24.7,CONS-107663,BOD-03,OP-02
2025-03-05,MP-0101,salida,21.7,CONS-107670,BOD-03,OP-01
2025-03-05,MP-0149,salida,35.3,CONS-107677,BOD-02,OP-01
2025-03-05,MP-0189,salida,17.5,CONS-107684,BOD-01,OP-02
2025-03-05,MP-0254,salida,25.5,CONS-107691,BOD-01,OP-05
2025-03-05,MP-0161,salida,9.5,CONS-107698,BOD-02,OP-03
2025-03-05,MP-0197,salida,23.1,CONS-107705,BOD-02,OP-05
2025-03-05,MP-0037,salida,92.0,CONS-107712,BOD-03,OP-05
2025-03-05,MP-0018,salida,15.3,CONS-107719,BOD-01,OP-04
2025-03-05,MP-0137,salida,77.1,CONS-107726,BOD-02,OP-02
2025-03-05,MP-0073,salida,111.1,CONS-107733,BOD-02,OP-06
2025-03-05,MP-0118,salida,99.8,CONS-107740,BOD-01,OP-03
2025-03-05,MP-0199,salida,94.5,CONS-107747,BOD-01,OP-06
2025-03-05,MP-0232,salida,84.5,CONS-107754,BOD-01,OP-03
2025-03-05,MP-0027,salida,3.4,CONS-107761,BOD-01,OP-04
2025-03-05,MP-0116,salida,10.1,CONS-107768,BOD-01,OP-06
2025-03-05,MP-0293,salida,17.8,CONS-107782,BOD-02,OP-05
2025-03-05,MP-0239,salida,8.4,CONS-107789,BOD-03,OP-05
2025-03-05,MP-0016,salida,74.0,CONS-107796,BOD-02,OP-02
2025-03-05,MP-0030,salida,10.3,CONS-107803,BOD-03,OP-02
2025-03-05,MP-0120,salida,49.2,CONS-107810,BOD-01,OP-06
2025-03-05,MP-0043,salida,28.4,CONS-107817,BOD-01,OP-05
2025-03-05,MP-0182,salida,122.1,CONS-107824,BOD-03,OP-02
2025-03-05,MP-0369,salida,57.2,CONS-107831,BOD-01,OP-04
2025-03-05,MP-0157,salida,78.7,CONS-107838,BOD-03,OP-01
2025-03-05,MP-0001,salida,132.3,CONS-107845,BOD-03,OP-04
2025-03-05,MP-0014,salida,107.5,CONS-107852,BOD-01,OP-03
2025-03-05,MP-0128,salida,163.4,CONS-107859,BOD-03,OP-02
2025-03-05,MP-0047,salida,56.9,CONS-107866,BOD-01,OP-03
2025-03-05,MP-0244,salida,64.1,CONS-107873,BOD-01,OP-05
2025-03-05,MP-0122,salida,-27.4,CONS-107880,BOD-02,OP-02
2025-03-05,MP-0132,salida,45.5,CONS-107887,BOD-02,OP-01
2025-03-05,MP-0131,salida,16.8,CONS-107894,BOD-03,OP-05
2025-03-05,MP-0216,salida,35.1,CONS-107901,BOD-02,OP-01
2025-03-05,MP-0272,salida,4.5,CONS-107908,BOD-01,OP-06
2025-03-05,MP-0010,salida,66.6,CONS-107915,BOD-03,OP-02
2025-03-05,MP-0002,salida,37.9,CONS-107922,BOD-01,OP-04
2025-03-05,MP-0085,salida,60.6,CONS-107936,BOD-02,OP-02
2025-03-05,MP-0153,salida,37.3,CONS-107950,BOD-03,OP-05
2025-03-05,MP-0178,salida,17.6,CONS-107957,BOD-02,OP-05
2025-03-05,MP-0229,salida,83.2,CONS-107964,BOD-03,OP-06
2025-03-05,MP-0020,salida,82.5,CONS-107978,BOD-01,OP-04
2025-03-05,MP-0106,salida,44.4,CONS-107985,BOD-02,OP-03
2025-03-05,MP-0051,salida,147.3,CONS-107992,BOD-01,OP-04
2025-03-05,MP-0411,salida,66.9,CONS-107999,BOD-02,OP-03
2025-03-05,MP-0238,salida,63.0,CONS-108006,BOD-02,OP-06
2025-03-05,MP-0004,salida,59.8,CONS-108013,BOD-03,OP-04
2025-03-05,MP-0033,salida,52.8,CONS-108020,BOD-01,OP-03
2025-03-05,MP-0045,salida,33.5,CONS-108027,BOD-01,OP-05
2025-03-05,MP-0386,salida,74.1,CONS-108034,BOD-01,OP-05
2025-03-05,MP-0393,salida,23.8,CONS-108041,BOD-03,OP-05
2025-03-05,MP-0373,salida,156.1,CONS-108048,BOD-03,OP-06
2025-03-05,MP-0015,salida,25.4,CONS-108055,BOD-02,OP-05
2025-03-05,MP-0012,salida,38.5,CONS-108062,BOD-02,OP-06
2025-03-05,MP-0142,salida,38.6,CONS-108069,BOD-03,OP-01
2025-03-05,MP-0114,salida,11.2,CONS-108083,BOD-01,OP-04
2025-03-05,MP-0325,salida,30.3,CONS-108090,BOD-02,OP-06
2025-03-05,MP-0193,salida,27.3,CONS-108097,BOD-03,OP-05
2025-03-05,MP-0330,salida,12.6,CONS-108104,BOD-01,OP-05
2025-03-05,MP-0024,salida,151.2,CONS-108111,BOD-03,OP-05
2025-03-05,MP-0117,salida,55.1,CONS-108118,BOD-03,OP-04
2025-03-05,MP-0060,salida,49.2,CONS-108125,BOD-01,OP-04
2025-03-05,MP-0357,salida,60.6,CONS-108132,BOD-02,OP-03
2025-03-05,MP-0162,salida,9.3,CONS-108139,BOD-02,OP-01
2025-03-05,MP-0009,salida,-67.0,CONS-108146,BOD-01,OP-04
2025-03-05,MP-0076,salida,92.6,CONS-108153,BOD-01,OP-06
2025-03-05,MP-0077,salida,97.5,CONS-108160,BOD-03,OP-01
2025-03-05,MP-0273,salida,104.0,CONS-108167,BOD-01,OP-04
2025-03-05,MP-0026,salida,62.0,CONS-108174,BOD-01,OP-02
2025-03-05,MP-0111,salida,95.3,CONS-108181,BOD-03,OP-04
2025-03-05,MP-0071,salida,75.6,CONS-108188,BOD-02,OP-03
2025-03-05,MP-0388,salida,72.8,CONS-108195,BOD-02,OP-01
2025-03-05,MP-0227,salida,43.7,CONS-108202,BOD-02,OP-06
2025-03-05,MP-0088,salida,57.9,CONS-108209,BOD-01,OP-01
2025-03-05,MP-0143,salida,64.7,CONS-108216,BOD-02,OP-05
2025-03-05,MP-0181,salida,54.4,CONS-108223,BOD-01,OP-06
2025-03-05,MP-0385,salida,15.9,CONS-108230,BOD-02,OP-05
2025-03-05,MP-0321,salida,29.3,CONS-108237,BOD-03,OP-04
2025-03-05,MP-0343,salida,65.2,CONS-108244,BOD-01,OP-05
2025-03-05,MP-0036,salida,10.1,CONS-108251,BOD-01,OP-05
2025-03-05,MP-0080,salida,11.1,CONS-108258,BOD-03,OP-04
2025-03-05,MP-0139,salida,20.5,CONS-108265,BOD-03,OP-05
2025-03-05,MP-0356,salida,13.1,CONS-108272,BOD-01,OP-05
2025-03-05,MP-0078,salida,26.7,CONS-108286,BOD-03,OP-03
2025-03-05,MP-0059,salida,16.5,CONS-108293,BOD-03,OP-06
2025-03-05,MP-0211,salida,12.9,CONS-108300,BOD-03,OP-01
2025-03-05,MP-0390,salida,9.2,CONS-108314,BOD-03,OP-05
2025-03-05,MP-0268,salida,8.5,CONS-108321,BOD-01,OP-03
2025-03-05,MP-0039,salida,10.3,CONS-108328,BOD-01,OP-05
2025-03-05,MP-0032,salida,20.2,CONS-108335,BOD-02,OP-03
2025-03-05,MP-0129,salida,68.4,CONS-108342,BOD-03,OP-02
2025-03-05,MP-0136,salida,58.8,CONS-108349,BOD-01,OP-03
2025-03-05,MP-0217,salida,51.9,CONS-108356,BOD-01,OP-05
2025-03-05,MP-0344,salida,86.1,CONS-108363,BOD-01,OP-05
2025-03-06,MP-0193,entrada,20,REC-OC-6235,BOD-03,OP-05
2025-03-07,MP-0108,entrada,220,REC-OC-5957,BOD-01,OP-01
2025-03-08,MP-0349,entrada,18,REC-OC-6398,BOD-03,OP-03
2025-03-08,MP-0020,entrada,782,REC-OC-5275,BOD-01,OP-06
2025-03-08,MP-0046,entrada,326,REC-OC-5627,BOD-01,OP-06
2025-03-08,MP-0033,entrada,1486,REC-OC-5491,BOD-03,OP-04
2025-03-09,MP-0017,entrada,1684,REC-OC-5226,BOD-02,OP-04
2025-03-09,MP-0032,entrada,1299,REC-OC-5464,BOD-03,OP-05
2025-03-09,MP-0059,entrada,298,REC-OC-5706,BOD-02,OP-05
2025-03-09,MP-0036,entrada,398,REC-OC-5533,BOD-01,OP-06
2025-03-09,MP-0019,salida,54.6,CONS-107594,BOD-02,OP-06
2025-03-09,MP-0022,salida,70.1,CONS-107601,BOD-03,OP-06
2025-03-09,MP-0094,salida,45.7,CONS-107608,BOD-01,OP-01
2025-03-09,MP-0074,salida,47.5,CONS-107615,BOD-01,OP-06
2025-03-09,MP-0370,salida,15.3,CONS-107622,BOD-02,OP-01
2025-03-09,MP-0299,salida,59.3,CONS-107629,BOD-01,OP-05
2025-03-09,MP-0418,salida,50.0,CONS-107643,BOD-02,OP-03
2025-03-09,MP-0008,salida,68.6,CONS-107650,BOD-02,OP-01
2025-03-09,MP-0133,salida,24.7,CONS-107664,BOD-02,OP-06
2025-03-09,MP-0101,salida,21.7,CONS-107671,BOD-01,OP-06
2025-03-09,MP-0149,salida,35.3,CONS-107678,BOD-01,OP-02
2025-03-09,MP-0189,salida,17.5,CONS-107685,BOD-02,OP-05
2025-03-09,MP-0254,salida,25.5,CONS-107692,BOD-01,OP-01
2025-03-09,MP-0161,salida,9.5,CONS-107699,BOD-02,OP-03
2025-03-09,MP-0197,salida,23.1,CONS-107706,BOD-01,OP-06
2025-03-09,MP-0037,salida,92.0,CONS-107713,BOD-02,OP-02
2025-03-09,MP-0018,salida,15.3,CONS-107720,BOD-01,OP-06
2025-03-09,MP-0137,salida,77.1,CONS-107727,BOD-02,OP-03
2025-03-09,MP-0073,salida,111.1,CONS-107734,BOD-01,OP-06
2025-03-09,MP-0118,salida,99.8,CONS-107741,BOD-02,OP-04
2025-03-09,MP-0199,salida,94.5,CONS-107748,BOD-03,OP-06
2025-03-09,MP-0232,salida,84.5,CONS-107755,BOD-02,OP-01
2025-03-09,MP-0027,salida,3.4,CONS-107762,BOD-03,OP-02
2025-03-09,MP-0116,salida,10.1,CONS-107769,BOD-02,OP-05
2025-03-09,MP-0108,salida,33.6,CONS-107776,BOD-02,OP-03
2025-03-09,MP-0293,salida,17.8,CONS-107783,BOD-01,OP-06
2025-03-09,MP-0239,salida,8.4,CONS-107790,BOD-03,OP-01
2025-03-09,MP-0016,salida,74.0,CONS-107797,BOD-03,OP-06
2025-03-09,MP-0030,salida,10.3,CONS-107804,BOD-02,OP-06
2025-03-09,MP-0120,salida,49.2,CONS-107811,BOD-02,OP-02
2025-03-09,MP-0043,salida,28.4,CONS-107818,BOD-01,OP-02
2025-03-09,MP-0182,salida,122.1,CONS-107825,BOD-01,OP-01
2025-03-09,MP-0369,salida,57.2,CONS-107832,BOD-01,OP-04
2025-03-09,MP-0157,salida,78.7,CONS-107839,BOD-02,OP-03
2025-03-09,MP-0001,salida,132.3,CONS-107846,BOD-01,OP-03
2025-03-09,MP-0014,salida,107.5,CONS-107853,BOD-01,OP-05
2025-03-09,MP-0128,salida,163.4,CONS-107860,BOD-02,OP-03
2025-03-09,MP-0047,salida,56.9,CONS-107867,BOD-01,OP-02
2025-03-09,MP-0244,salida,64.1,CONS-107874,BOD-03,OP-02
2025-03-09,MP-0122,salida,27.4,CONS-107881,BOD-01,OP-06
2025-03-09,MP-0132,salida,45.5,CONS-107888,BOD-01,OP-04
2025-03-09,MP-0131,salida,16.8,CONS-107895,BOD-03,OP-06
2025-03-09,MP-0216,salida,35.1,CONS-107902,BOD-03,OP-05
2025-03-09,MP-0272,salida,4.5,CONS-107909,BOD-03,OP-01
2025-03-09,MP-0010,salida,66.6,CONS-107916,BOD-03,OP-03
2025-03-09,MP-0002,salida,37.9,CONS-107923,BOD-02,OP-03
2025-03-09,MP-0150,salida,53.0,CONS-107930,BOD-01,OP-02
2025-03-09,MP-0085,salida,60.6,CONS-107937,BOD-02,OP-04
2025-03-09,MP-0202,salida,81.2,CONS-107944,BOD-01,OP-01
2025-03-09,MP-0178,salida,17.6,CONS-107958,BOD-01,OP-02
2025-03-09,MP-0229,salida,83.2,CONS-107965,BOD-01,OP-01
2025-03-09,MP-0013,salida,67.5,CONS-107972,BOD-02,OP-01
2025-03-09,MP-0106,salida,44.4,CONS-107986,BOD-01,OP-02
2025-03-09,MP-0051,salida,147.3,CONS-107993,BOD-03,OP-05
2025-03-09,MP-0411,salida,66.9,CONS-108000,BOD-02,OP-06
2025-03-09,MP-0238,salida,63.0,CONS-108007,BOD-01,OP-03
2025-03-09,MP-0004,salida,59.8,CONS-108014,BOD-01,OP-05
2025-03-09,MP-0033,salida,52.8,CONS-108021,BOD-01,OP-01
2025-03-09,MP-0045,salida,33.5,CONS-108028,BOD-02,OP-04
2025-03-09,MP-0386,salida,74.1,CONS-108035,BOD-01,OP-04
2025-03-09,MP-0393,salida,23.8,CONS-108042,BOD-03,OP-03
2025-03-09,MP-0373,salida,156.1,CONS-108049,BOD-03,OP-04
2025-03-09,MP-0015,salida,25.4,CONS-108056,BOD-02,OP-03
2025-03-09,MP-0012,salida,38.5,CONS-108063,BOD-01,OP-03
2025-03-09,MP-0102,salida,47.1,CONS-108077,BOD-01,OP-06
2025-03-09,MP-0114,salida,11.2,CONS-108084,BOD-03,OP-05
2025-03-09,MP-0193,salida,27.3,CONS-108098,BOD-01,OP-06
2025-03-09,MP-0330,salida,12.6,CONS-108105,BOD-03,OP-02
2025-03-09,MP-0117,salida,55.1,CONS-108119,BOD-03,OP-03
2025-03-09,MP-0060,salida,49.2,CONS-108126,BOD-02,OP-05
2025-03-09,MP-0357,salida,60.6,CONS-108133,BOD-02,OP-02
2025-03-09,MP-0162,salida,9.3,CONS-108140,BOD-03,OP-02
2025-03-09,MP-0009,salida,67.0,CONS-108147,BOD-03,OP-06
2025-03-09,MP-0076,salida,92.6,CONS-108154,BOD-03,OP-03
2025-03-09,MP-0077,salida,97.5,CONS-108161,BOD-03,OP-01
2025-03-09,MP-0026,salida,62.0,CONS-108175,BOD-01,OP-06
2025-03-09,MP-0111,salida,95.3,CONS-108182,BOD-03,OP-01
2025-03-09,MP-0071,salida,75.6,CONS-108189,BOD-01,OP-05
2025-03-09,MP-0388,salida,72.8,CONS-108196,BOD-02,OP-05
2025-03-09,MP-0227,salida,43.7,CONS-108203,BOD-01,OP-03
2025-03-09,MP-0088,salida,57.9,CONS-108210,BOD-02,OP-05
2025-03-09,MP-0143,salida,64.7,CONS-108217,BOD-01,OP-04
2025-03-09,MP-0181,salida,54.4,CONS-108224,BOD-01,OP-02
2025-03-09,MP-0385,salida,15.9,CONS-108231,BOD-02,OP-06
2025-03-09,MP-0321,salida,29.3,CONS-108238,BOD-01,OP-04
2025-03-09,MP-0036,salida,10.1,CONS-108252,BOD-01,OP-04
2025-03-09,MP-0080,salida,11.1,CONS-108259,BOD-01,OP-06
2025-03-09,MP-0139,salida,20.5,CONS-108266,BOD-03,OP-06
2025-03-09,MP-0356,salida,-13.1,CONS-108273,BOD-02,OP-03
2025-03-09,MP-0339,salida,4.4,CONS-108280,BOD-03,OP-06
2025-03-09,MP-0078,salida,26.7,CONS-108287,BOD-02,OP-06
2025-03-09,MP-0059,salida,16.5,CONS-108294,BOD-03,OP-05
2025-03-09,MP-0211,salida,12.9,CONS-108301,BOD-02,OP-06
2025-03-09,MP-0340,salida,12.9,CONS-108308,BOD-02,OP-04
2025-03-09,MP-0390,salida,9.2,CONS-108315,BOD-01,OP-03
2025-03-09,MP-0268,salida,8.5,CONS-108322,BOD-02,OP-05
2025-03-09,MP-0039,salida,10.3,CONS-108329,BOD-02,OP-06
2025-03-09,MP-0032,salida,20.2,CONS-108336,BOD-01,OP-06
2025-03-09,MP-0136,salida,58.8,CONS-108350,BOD-03,OP-01
2025-03-09,MP-0217,salida,51.9,CONS-108357,BOD-03,OP-01
2025-03-09,MP-0344,salida,86.1,CONS-108364,BOD-03,OP-05
2025-03-10,MP-0120,entrada,376,REC-OC-6011,BOD-03,OP-05
2025-03-11,MP-0014,entrada,1222,REC-OC-5193,BOD-01,OP-06
2025-03-12,MP-0128,entrada,449,REC-OC-6058,BOD-02,OP-01
2025-03-12,MP-0128,entrada,456,REC-OC-6060,BOD-03,OP-04
2025-03-12,MP-0250,entrada,16,REC-OC-6293,BOD-03,OP-02
2025-03-12,MP-0111,entrada,193,REC-OC-5973,BOD-02,OP-06
2025-03-13,MP-0137,entrada,321,REC-OC-6113,BOD-02,OP-03
2025-03-13,MP-0035,entrada,1498,REC-OC-5518,BOD-02,OP-06
2025-03-13,MP-0337,entrada,32,REC-OC-6385,BOD-03,OP-06
2025-03-13,MP-0101,entrada,339,REC-OC-5922,BOD-01,OP-05
2025-03-13,MP-0019,salida,54.6,CONS-107595,BOD-02,OP-06
2025-03-13,MP-0022,salida,70.1,CONS-107602,BOD-02,OP-03
2025-03-13,MP-0094,salida,-45.7,CONS-107609,BOD-02,OP-05
2025-03-13,MP-0074,salida,47.5,CONS-107616,BOD-03,OP-03
2025-03-13,MP-0370,salida,15.3,CONS-107623,BOD-03,OP-04
2025-03-13,MP-0299,salida,59.3,CONS-107630,BOD-02,OP-01
2025-03-13,MP-0309,salida,53.9,CONS-107637,BOD-02,OP-05
2025-03-13,MP-0418,salida,50.0,CONS-107644,BOD-03,OP-05
2025-03-13,MP-0008,salida,68.6,CONS-107651,BOD-02,OP-03
2025-03-13,MP-0005,salida,39.1,CONS-107658,BOD-01,OP-02
2025-03-13,MP-0133,salida,24.7,CONS-107665,BOD-02,OP-02
2025-03-13,MP-0101,salida,21.7,CONS-107672,BOD-01,OP-01
2025-03-13,MP-0149,salida,35.3,CONS-107679,BOD-03,OP-02
2025-03-13,MP-0189,salida,17.5,CONS-107686,BOD-02,OP-02
2025-03-13,MP-0254,salida,25.5,CONS-107693,BOD-02,OP-06
2025-03-13,MP-0161,salida,9.5,CONS-107700,BOD-03,OP-04
2025-03-13,MP-0037,salida,92.0,CONS-107714,BOD-02,OP-04
2025-03-13,MP-0018,salida,15.3,CONS-107721,BOD-03,OP-01
2025-03-13,MP-0118,salida,99.8,CONS-107742,BOD-03,OP-06
2025-03-13,MP-0199,salida,94.5,CONS-107749,BOD-02,OP-06
2025-03-13,MP-0232,salida,84.5,CONS-107756,BOD-02,OP-03
2025-03-13,MP-0027,salida,3.4,CONS-107763,BOD-02,OP-04
2025-03-13,MP-0116,salida,10.1,CONS-107770,BOD-01,OP-06
2025-03-13,MP-0108,salida,33.6,CONS-107777,BOD-03,OP-02
2025-03-13,MP-0293,salida,17.8,CONS-107784,BOD-01,OP-05
2025-03-13,MP-0239,salida,8.4,CONS-107791,BOD-03,OP-06
2025-03-13,MP-0016,salida,74.0,CONS-107798,BOD-01,OP-05
2025-03-13,MP-0030,salida,10.3,CONS-107805,BOD-03,OP-03
2025-03-13,MP-0120,salida,49.2,CONS-107812,BOD-02,OP-02
2025-03-13,MP-0043,salida,28.4,CONS-107819,BOD-03,OP-04
2025-03-13,MP-0182,salida,122.1,CONS-107826,BOD-01,OP-06
2025-03-13,MP-0369,salida,57.2,CONS-107833,BOD-02,OP-01
2025-03-13,MP-0001,salida,132.3,CONS-107847,BOD-03,OP-02
2025-03-13,MP-0014,salida,107.5,CONS-107854,BOD-02,OP-04
2025-03-13,MP-0047,salida,56.9,CONS-107868,BOD-03,OP-05
2025-03-13,MP-0244,salida,64.1,CONS-107875,BOD-02,OP-04
2025-03-13,MP-0122,salida,27.4,CONS-107882,BOD-03,OP-03
2025-03-13,MP-0132,salida,45.5,CONS-107889,BOD-03,OP-03
2025-03-13,MP-0131,salida,16.8,CONS-107896,BOD-02,OP-06
2025-03-13,MP-0216,salida,35.1,CONS-107903,BOD-03,OP-04
2025-03-13,MP-0272,salida,4.5,CONS-107910,BOD-01,OP-05
2025-03-13,MP-0002,salida,37.9,CONS-107924,BOD-01,OP-03
2025-03-13,MP-0085,salida,60.6,CONS-107938,BOD-01,OP-03
2025-03-13,MP-0153,salida,37.3,CONS-107952,BOD-02,OP-01
2025-03-13,MP-0178,salida,17.6,CONS-107959,BOD-01,OP-03
2025-03-13,MP-0229,salida,83.2,CONS-107966,BOD-03,OP-02
2025-03-13,MP-0013,salida,67.5,CONS-107973,BOD-02,OP-04
2025-03-13,MP-0020,salida,82.5,CONS-107980,BOD-02,OP-05
2025-03-13,MP-0106,salida,44.4,CONS-107987,BOD-02,OP-06
2025-03-13,MP-0051,salida,147.3,CONS-107994,BOD-01,OP-06
2025-03-13,MP-0411,salida,66.9,CONS-108001,BOD-01,OP-03
2025-03-13,MP-0238,salida,63.0,CONS-108008,BOD-02,OP-06
2025-03-13,MP-0004,salida,59.8,CONS-108015,BOD-03,OP-05
2025-03-13,MP-0033,salida,52.8,CONS-108022,BOD-02,OP-04
2025-03-13,MP-0045,salida,33.5,CONS-108029,BOD-03,OP-05
2025-03-13,MP-0386,salida,74.1,CONS-108036,BOD-02,OP-02
2025-03-13,MP-0393,salida,23.8,CONS-108043,BOD-01,OP-02
2025-03-13,MP-0373,salida,156.1,CONS-108050,BOD-03,OP-04
2025-03-13,MP-0015,salida,25.4,CONS-108057,BOD-03,OP-05
2025-03-13,MP-0012,salida,38.5,CONS-108064,BOD-02,OP-06
2025-03-13,MP-0102,salida,47.1,CONS-108078,BOD-03,OP-04
2025-03-13,MP-0114,salida,11.2,CONS-108085,BOD-01,OP-06
2025-03-13,MP-0325,salida,30.3,CONS-108092,BOD-01,OP-06
2025-03-13,MP-0193,salida,27.3,CONS-108099,BOD-02,OP-04
2025-03-13,MP-0330,salida,12.6,CONS-108106,BOD-01,OP-03
2025-03-13,MP-0024,salida,151.2,CONS-108113,BOD-02,OP-04
2025-03-13,MP-0117,salida,55.1,CONS-108120,BOD-03,OP-04
2025-03-13,MP-0060,salida,49.2,CONS-108127,BOD-02,OP-03
2025-03-13,MP-0357,salida,60.6,CONS-108134,BOD-01,OP-03
2025-03-13,MP-0162,salida,9.3,CONS-108141,BOD-02,OP-02
2025-03-13,MP-0009,salida,67.0,CONS-108148,BOD-03,OP-04
2025-03-13,MP-0076,salida,92.6,CONS-108155,BOD-01,OP-02
2025-03-13,MP-0077,salida,97.5,CONS-108162,BOD-02,OP-06
2025-03-13,MP-0273,salida,104.0,CONS-108169,BOD-01,OP-02
2025-03-13,MP-0111,salida,95.3,CONS-108183,BOD-02,OP-03
2025-03-13,MP-0071,salida,75.6,CONS-108190,BOD-02,OP-06
2025-03-13,MP-0388,salida,72.8,CONS-108197,BOD-03,OP-04
2025-03-13,MP-0088,salida,57.9,CONS-108211,BOD-02,OP-02
2025-03-13,MP-0143,salida,64.7,CONS-108218,BOD-03,OP-02
2025-03-13,MP-0181,salida,54.4,CONS-108225,BOD-01,OP-05
2025-03-13,MP-0385,salida,15.9,CONS-108232,BOD-01,OP-05
2025-03-13,MP-0321,salida,29.3,CONS-108239,BOD-03,OP-05
2025-03-13,MP-0343,salida,65.2,CONS-108246,BOD-02,OP-01
2025-03-13,MP-0036,salida,10.1,CONS-108253,BOD-02,OP-03
2025-03-13,MP-0080,salida,11.1,CONS-108260,BOD-03,OP-01
2025-03-13,MP-0139,salida,20.5,CONS-108267,BOD-01,OP-04
2025-03-13,MP-0356,salida,13.1,CONS-108274,BOD-03,OP-06
2025-03-13,MP-0339,salida,4.4,CONS-108281,BOD-03,OP-03
2025-03-13,MP-0078,salida,26.7,CONS-108288,BOD-01,OP-02
2025-03-13,MP-0059,salida,16.5,CONS-108295,BOD-02,OP-04
2025-03-13,MP-0211,salida,12.9,CONS-108302,BOD-02,OP-04
2025-03-13,MP-0340,salida,12.9,CONS-108309,BOD-01,OP-06
2025-03-13,MP-0268,salida,8.5,CONS-108323,BOD-02,OP-03
2025-03-13,MP-0039,salida,10.3,CONS-108330,BOD-03,OP-01
2025-03-13,MP-0032,salida,20.2,CONS-108337,BOD-01,OP-05
2025-03-13,MP-0129,salida,68.4,CONS-108344,BOD-01,OP-04
2025-03-13,MP-0136,salida,58.8,CONS-108351,BOD-02,OP-06
2025-03-13,MP-0217,salida,51.9,CONS-108358,BOD-03,OP-05
2025-03-13,MP-0344,salida,86.1,CONS-108365,BOD-02,OP-02
2025-03-14,MP-0120,entrada,432,REC-OC-6008,BOD-03,OP-06
2025-03-14,MP-0030,entrada,1314,REC-OC-5415,BOD-02,OP-02
2025-03-14,MP-0136,entrada,376,REC-OC-6106,BOD-03,OP-05
2025-03-14,MP-0005,entrada,1324,REC-OC-5055,BOD-03,OP-02
2025-03-15,MP-0149,entrada,224,REC-OC-6183,BOD-03,OP-03
2025-03-15,MP-0050,entrada,498,REC-OC-5645,BOD-03,OP-05
2025-03-15,MP-0001,entrada,426,REC-OC-5001,BOD-02,OP-05
2025-03-16,MP-0018,entrada,1658,REC-OC-5249,BOD-03,OP-05
2025-03-16,MP-0280,entrada,30,REC-OC-6324,BOD-03,OP-04
2025-03-17,MP-0146,entrada,297,REC-OC-6162,BOD-03,OP-02
2025-03-17,MP-0015,entrada,533,REC-OC-5205,BOD-01,OP-05
2025-03-17,MP-0019,salida,54.6,CONS-107596,BOD-01,OP-05
2025-03-17,MP-0022,salida,70.1,CONS-107603,BOD-02,OP-01
2025-03-17,MP-0094,salida,45.7,CONS-107610,BOD-02,OP-02
2025-03-17,MP-0074,salida,47.5,CONS-107617,BOD-03,OP-04
2025-03-17,MP-0370,salida,15.3,CONS-107624,BOD-03,OP-05
2025-03-17,MP-0299,salida,59.3,CONS-107631,BOD-03,OP-03
2025-03-17,MP-0309,salida,53.9,CONS-107638,BOD-03,OP-01
2025-03-17,MP-0418,salida,50.0,CONS-107645,BOD-03,OP-05
2025-03-17,MP-0005,salida,39.1,CONS-107659,BOD-03,OP-03
2025-03-17,MP-0149,salida,35.3,CONS-107680,BOD-01,OP-03
2025-03-17,MP-0189,salida,17.5,CONS-107687,BOD-01,OP-03
2025-03-17,MP-0254,salida,25.5,CONS-107694,BOD-02,OP-06
2025-03-17,MP-0161,salida,9.5,CONS-107701,BOD-01,OP-06
2025-03-17,MP-0197,salida,23.1,CONS-107708,BOD-03,OP-06
2025-03-17,MP-0037,salida,92.0,CONS-107715,BOD-01,OP-05
2025-03-17,MP-0018,salida,15.3,CONS-107722,BOD-03,OP-04
2025-03-17,MP-0137,salida,77.1,CONS-107729,BOD-03,OP-02
2025-03-17,MP-0073,salida,111.1,CONS-107736,BOD-01,OP-05
2025-03-17,MP-0118,salida,99.8,CONS-107743,BOD-02,OP-04
2025-03-17,MP-0199,salida,94.5,CONS-107750,BOD-03,OP-05
2025-03-17,MP-0232,salida,84.5,CONS-107757,BOD-01,OP-05
2025-03-17,MP-0027,salida,3.4,CONS-107764,BOD-02,OP-05
2025-03-17,MP-0116,salida,10.1,CONS-107771,BOD-03,OP-04
2025-03-17,MP-0108,salida,33.6,CONS-107778,BOD-03,OP-02
2025-03-17,MP-0293,salida,17.8,CONS-107785,BOD-03,OP-02
2025-03-17,MP-0239,salida,8.4,CONS-107792,BOD-03,OP-05
2025-03-17,MP-0016,salida,74.0,CONS-107799,BOD-01,OP-02
2025-03-17,MP-0030,salida,10.3,CONS-107806,BOD-01,OP-06
2025-03-17,MP-0120,salida,49.2,CONS-107813,BOD-02,OP-04
2025-03-17,MP-0043,salida,28.4,CONS-107820,BOD-01,OP-03
2025-03-17,MP-0182,salida,122.1,CONS-107827,BOD-01,OP-02
2025-03-17,MP-0369,salida,57.2,CONS-107834,BOD-01,OP-02
2025-03-17,MP-0157,salida,78.7,CONS-107841,BOD-01,OP-01
2025-03-17,MP-0001,salida,132.3,CONS-107848,BOD-03,OP-02
2025-03-17,MP-0014,salida,107.5,CONS-107855,BOD-01,OP-05
2025-03-17,MP-0128,salida,163.4,CONS-107862,BOD-02,OP-04
2025-03-17,MP-0244,salida,64.1,CONS-107876,BOD-03,OP-01
2025-03-17,MP-0122,salida,27.4,CONS-107883,BOD-01,OP-03
2025-03-17,MP-0132,salida,45.5,CONS-107890,BOD-01,OP-03
2025-03-17,MP-0131,salida,16.8,CONS-107897,BOD-03,OP-06
2025-03-17,MP-0216,salida,35.1,CONS-107904,BOD-01,OP-02
2025-03-17,MP-0272,salida,4.5,CONS-107911,BOD-03,OP-06
2025-03-17,MP-0010,salida,66.6,CONS-107918,BOD-03,OP-04
2025-03-17,MP-0002,salida,-37.9,CONS-107925,BOD-03,OP-01
2025-03-17,MP-0150,salida,53.0,CONS-107932,BOD-01,OP-06
2025-03-17,MP-0085,salida,60.6,CONS-107939,BOD-03,OP-05
2025-03-17,MP-0202,salida,81.2,CONS-107946,BOD-01,OP-06
2025-03-17,MP-0153,salida,37.3,CONS-107953,BOD-02,OP-01
2025-03-17,MP-0178,salida,17.6,CONS-107960,BOD-03,OP-03
2025-03-17,MP-0229,salida,83.2,CONS-107967,BOD-02,OP-04
2025-03-17,MP-0013,salida,67.5,CONS-107974,BOD-03,OP-03
2025-03-17,MP-0020,salida,82.5,CONS-107981,BOD-01,OP-05
2025-03-17,MP-0106,salida,44.4,CONS-107988,BOD-01,OP-03
2025-03-17,MP-0051,salida,147.3,CONS-107995,BOD-01,OP-06
2025-03-17,MP-0411,salida,66.9,CONS-108002,BOD-02,OP-06
2025-03-17,MP-0238,salida,63.0,CONS-108009,BOD-02,OP-02
2025-03-17,MP-0004,salida,59.8,CONS-108016,BOD-02,OP-01
2025-03-17,MP-0033,salida,52.8,CONS-108023,BOD-03,OP-06
2025-03-17,MP-0045,salida,33.5,CONS-108030,BOD-02,OP-06
2025-03-17,MP-0393,salida,23.8,CONS-108044,BOD-02,OP-03
2025-03-17,MP-0373,salida,156.1,CONS-108051,BOD-01,OP-06
2025-03-17,MP-0015,salida,25.4,CONS-108058,BOD-02,OP-01
2025-03-17,MP-0012,salida,38.5,CONS-108065,BOD-01,OP-05
2025-03-17,MP-0142,salida,38.6,CONS-108072,BOD-01,OP-06
2025-03-17,MP-0102,salida,47.1,CONS-108079,BOD-02,OP-01
2025-03-17,MP-0114,salida,11.2,CONS-108086,BOD-01,OP-02
2025-03-17,MP-0325,salida,30.3,CONS-108093,BOD-02,OP-05
2025-03-17,MP-0193,salida,27.3,CONS-108100,BOD-02,OP-02
2025-03-17,MP-0330,salida,12.6,CONS-108107,BOD-01,OP-06
2025-03-17,MP-0024,salida,151.2,CONS-108114,BOD-02,OP-03
2025-03-17,MP-0117,salida,-55.1,CONS-108121,BOD-02,OP-03
2025-03-17,MP-0060,salida,49.2,CONS-108128,BOD-02,OP-02
2025-03-17,MP-0357,salida,60.6,CONS-108135,BOD-03,OP-04
2025-03-17,MP-0162,salida,9.3,CONS-108142,BOD-03,OP-06
2025-03-17,MP-0009,salida,67.0,CONS-108149,BOD-02,OP-06
2025-03-17,MP-0076,salida,92.6,CONS-108156,BOD-01,OP-05
2025-03-17,MP-0077,salida,97.5,CONS-108163,BOD-03,OP-04
2025-03-17,MP-0273,salida,104.0,CONS-108170,BOD-01,OP-03
2025-03-17,MP-0026,salida,62.0,CONS-108177,BOD-01,OP-06
2025-03-17,MP-0111,salida,95.3,CONS-108184,BOD-03,OP-03
2025-03-17,MP-0071,salida,75.6,CONS-108191,BOD-03,OP-06
2025-03-17,MP-0388,salida,72.8,CONS-108198,BOD-03,OP-01
2025-03-17,MP-0227,salida,43.7,CONS-108205,BOD-01,OP-05
2025-03-17,MP-0088,salida,57.9,CONS-108212,BOD-03,OP-01
2025-03-17,MP-0143,salida,64.7,CONS-108219,BOD-01,OP-05
2025-03-17,MP-0181,salida,54.4,CONS-108226,BOD-01,OP-01
2025-03-17,MP-0385,salida,15.9,CONS-108233,BOD-03,OP-01
2025-03-17,MP-0321,salida,29.3,CONS-108240,BOD-03,OP-05
2025-03-17,MP-0343,salida,65.2,CONS-108247,BOD-03,OP-03
2025-03-17,MP-0080,salida,11.1,CONS-108261,BOD-01,OP-05
2025-03-17,MP-0356,salida,13.1,CONS-108275,BOD-03,OP-03
2025-03-17,MP-0339,salida,4.4,CONS-108282,BOD-01,OP-05
2025-03-17,MP-0078,salida,26.7,CONS-108289,BOD-01,OP-01
2025-03-17,MP-0211,salida,12.9,CONS-108303,BOD-01,OP-04
2025-03-17,MP-0340,salida,12.9,CONS-108310,BOD-03,OP-01
2025-03-17,MP-0390,salida,9.2,CONS-108317,BOD-03,OP-04
2025-03-17,MP-0268,salida,8.5,CONS-108324,BOD-02,OP-06
2025-03-17,MP-0039,salida,10.3,CONS-108331,BOD-01,OP-06
2025-03-17,MP-0032,salida,20.2,CONS-108338,BOD-02,OP-06
2025-03-17,MP-0129,salida,68.4,CONS-108345,BOD-01,OP-05
2025-03-17,MP-0136,salida,58.8,CONS-108352,BOD-02,OP-02
2025-03-17,MP-0344,salida,86.1,CONS-108366,BOD-03,OP-03
2025-03-18,MP-0023,entrada,1356,REC-OC-5322,BOD-02,OP-05
2025-03-18,MP-0345,entrada,93,REC-OC-6394,BOD-01,OP-04
2025-03-18,MP-0353,ajuste,-35,AJU-120064,BOD-01,AUDIT
2025-03-19,MP-0109,entrada,225,REC-OC-5961,BOD-01,OP-05
2025-03-19,MP-0080,entrada,185,REC-OC-5793,BOD-01,OP-03
2025-03-19,MP-0009,entrada,1294,REC-OC-5098,BOD-02,OP-04
2025-03-19,MP-0365,entrada,24,REC-OC-6414,BOD-03,OP-01
2025-03-19,MP-0043,ajuste,9,AJU-120073,BOD-03,AUDIT
2025-03-20,MP-0336,entrada,28,REC-OC-6384,BOD-01,OP-06
2025-03-21,MP-0057,entrada,341,REC-OC-5684,BOD-02,OP-04
2025-03-21,MP-0033,entrada,1198,REC-OC-5484,BOD-02,OP-02
2025-03-21,MP-0022,salida,70.1,CONS-107604,BOD-03,OP-06
2025-03-21,MP-0094,salida,45.7,CONS-107611,BOD-01,OP-03
2025-03-21,MP-0074,salida,47.5,CONS-107618,BOD-02,OP-02
2025-03-21,MP-0370,salida,15.3,CONS-107625,BOD-02,OP-02
2025-03-21,MP-0299,salida,59.3,CONS-107632,BOD-02,OP-02
2025-03-21,MP-0309,salida,53.9,CONS-107639,BOD-03,OP-06
2025-03-21,MP-0418,salida,50.0,CONS-107646,BOD-01,OP-01
2025-03-21,MP-0008,salida,68.6,CONS-107653,BOD-01,OP-02
2025-03-21,MP-0005,salida,39.1,CONS-107660,BOD-01,OP-04
2025-03-21,MP-0133,salida,24.7,CONS-107667,BOD-02,OP-01
2025-03-21,MP-0101,salida,21.7,CONS-107674,BOD-03,OP-05
2025-03-21,MP-0189,salida,17.5,CONS-107688,BOD-03,OP-05
2025-03-21,MP-0254,salida,25.5,CONS-107695,BOD-03,OP-01
2025-03-21,MP-0161,salida,9.5,CONS-107702,BOD-01,OP-05
2025-03-21,MP-0197,salida,23.1,CONS-107709,BOD-01,OP-01
2025-03-21,MP-0037,salida,92.0,CONS-107716,BOD-01,OP-05
2025-03-21,MP-0137,salida,77.1,CONS-107730,BOD-02,OP-02
2025-03-21,MP-0073,salida,111.1,CONS-107737,BOD-02,OP-03
2025-03-21,MP-0118,salida,99.8,CONS-107744,BOD-01,OP-05
2025-03-21,MP-0199,salida,94.5,CONS-107751,BOD-01,OP-02
2025-03-21,MP-0232,salida,84.5,CONS-107758,BOD-02,OP-05
2025-03-21,MP-0027,salida,3.4,CONS-107765,BOD-01,OP-03
2025-03-21,MP-0116,salida,10.1,CONS-107772,BOD-03,OP-03
2025-03-21,MP-0108,salida,33.6,CONS-107779,BOD-03,OP-06
2025-03-21,MP-0293,salida,17.8,CONS-107786,BOD-03,OP-04
2025-03-21,MP-0016,salida,74.0,CONS-107800,BOD-03,OP-06
2025-03-21,MP-0030,salida,10.3,CONS-107807,BOD-02,OP-01
2025-03-21,MP-0120,salida,49.2,CONS-107814,BOD-01,OP-02
2025-03-21,MP-0043,salida,28.4,CONS-107821,BOD-03,OP-06
2025-03-21,MP-0182,salida,-122.1,CONS-107828,BOD-02,OP-01
2025-03-21,MP-0157,salida,78.7,CONS-107842,BOD-02,OP-06
2025-03-21,MP-0001,salida,132.3,CONS-107849,BOD-02,OP-01
2025-03-21,MP-0014,salida,107.5,CONS-107856,BOD-01,OP-03
2025-03-21,MP-0128,salida,163.4,CONS-107863,BOD-01,OP-04
2025-03-21,MP-0047,salida,56.9,CONS-107870,BOD-02,OP-02
2025-03-21,MP-0244,salida,64.1,CONS-107877,BOD-03,OP-05
2025-03-21,MP-0122,salida,27.4,CONS-107884,BOD-01,OP-04
2025-03-21,MP-0132,salida,45.5,CONS-107891,BOD-03,OP-06
2025-03-21,MP-0131,salida,16.8,CONS-107898,BOD-03,OP-02
2025-03-21,MP-0216,salida,35.1,CONS-107905,BOD-03,OP-03
2025-03-21,MP-0272,salida,4.5,CONS-107912,BOD-03,OP-02
2025-03-21,MP-0002,salida,37.9,CONS-107926,BOD-03,OP-05
2025-03-21,MP-0150,salida,53.0,CONS-107933,BOD-03,OP-04
2025-03-21,MP-0085,salida,60.6,CONS-107940,BOD-01,OP-01
2025-03-21,MP-0202,salida,81.2,CONS-107947,BOD-02,OP-05
2025-03-21,MP-0153,salida,37.3,CONS-107954,BOD-01,OP-05
2025-03-21,MP-0178,salida,17.6,CONS-107961,BOD-02,OP-03
2025-03-21,MP-0229,salida,83.2,CONS-107968,BOD-03,OP-04
2025-03-21,MP-0020,salida,82.5,CONS-107982,BOD-01,OP-04
2025-03-21,MP-0106,salida,44.4,CONS-107989,BOD-01,OP-06
2025-03-21,MP-0051,salida,147.3,CONS-107996,BOD-02,OP-04
2025-03-21,MP-0411,salida,66.9,CONS-108003,BOD-03,OP-05
2025-03-21,MP-0238,salida,63.0,CONS-108010,BOD-03,OP-01
2025-03-21,MP-0004,salida,59.8,CONS-108017,BOD-01,OP-02
2025-03-21,MP-0033,salida,52.8,CONS-108024,BOD-03,OP-04
2025-03-21,MP-0045,salida,33.5,CONS-108031,BOD-01,OP-01
2025-03-21,MP-0386,salida,74.1,CONS-108038,BOD-02,OP-05
2025-03-21,MP-0393,salida,23.8,CONS-108045,BOD-01,OP-05
2025-03-21,MP-0373,salida,156.1,CONS-108052,BOD-03,OP-04
2025-03-21,MP-0015,salida,25.4,CONS-108059,BOD-02,OP-04
2025-03-21,MP-0012,salida,38.5,CONS-108066,BOD-02,OP-05
2025-03-21,MP-0142,salida,38.6,CONS-108073,BOD-03,OP-03
2025-03-21,MP-0102,salida,47.1,CONS-108080,BOD-01,OP-03
2025-03-21,MP-0325,salida,30.3,CONS-108094,BOD-01,OP-02
2025-03-21,MP-0193,salida,27.3,CONS-108101,BOD-03,OP-01
2025-03-21,MP-0330,salida,12.6,CONS-108108,BOD-02,OP-01
2025-03-21,MP-0024,salida,151.2,CONS-108115,BOD-03,OP-03
2025-03-21,MP-0117,salida,55.1,CONS-108122,BOD-02,OP-02
2025-03-21,MP-0060,salida,49.2,CONS-108129,BOD-02,OP-04
2025-03-21,MP-0357,salida,60.6,CONS-108136,BOD-03,OP-06
2025-03-21,MP-0162,salida,9.3,CONS-108143,BOD-03,OP-03
2025-03-21,MP-0009,salida,67.0,CONS-108150,BOD-03,OP-03
2025-03-21,MP-0076,salida,92.6,CONS-108157,BOD-01,OP-03
2025-03-21,MP-0077,salida,97.5,CONS-108164,BOD-01,OP-03
2025-03-21,MP-0273,salida,104.0,CONS-108171,BOD-03,OP-01
2025-03-21,MP-0026,salida,62.0,CONS-108178,BOD-03,OP-06
2025-03-21,MP-0111,salida,95.3,CONS-108185,BOD-03,OP-02
2025-03-21,MP-0071,salida,75.6,CONS-108192,BOD-03,OP-05
2025-03-21,MP-0388,salida,72.8,CONS-108199,BOD-03,OP-02
2025-03-21,MP-0227,salida,-43.7,CONS-108206,BOD-03,OP-06
2025-03-21,MP-0088,salida,57.9,CONS-108213,BOD-01,OP-04
2025-03-21,MP-0143,salida,64.7,CONS-108220,BOD-01,OP-01
2025-03-21,MP-0181,salida,54.4,CONS-108227,BOD-01,OP-03
2025-03-21,MP-0385,salida,15.9,CONS-108234,BOD-03,OP-02
2025-03-21,MP-0321,salida,29.3,CONS-108241,BOD-02,OP-05
2025-03-21,MP-0343,salida,65.2,CONS-108248,BOD-03,OP-04
2025-03-21,MP-0036,salida,10.1,CONS-108255,BOD-03,OP-05
2025-03-21,MP-0080,salida,11.1,CONS-108262,BOD-01,OP-04
2025-03-21,MP-0139,salida,20.5,CONS-108269,BOD-01,OP-05
2025-03-21,MP-0356,salida,13.1,CONS-108276,BOD-03,OP-04
2025-03-21,MP-0078,salida,26.7,CONS-108290,BOD-01,OP-02
2025-03-21,MP-0059,salida,16.5,CONS-108297,BOD-01,OP-05
2025-03-21,MP-0340,salida,12.9,CONS-108311,BOD-01,OP-06
2025-03-21,MP-0268,salida,8.5,CONS-108325,BOD-01,OP-02
2025-03-21,MP-0039,salida,10.3,CONS-108332,BOD-01,OP-06
2025-03-21,MP-0032,salida,20.2,CONS-108339,BOD-01,OP-03
2025-03-21,MP-0129,salida,68.4,CONS-108346,BOD-01,OP-06
2025-03-21,MP-0136,salida,58.8,CONS-108353,BOD-03,OP-05
2025-03-21,MP-0217,salida,51.9,CONS-108360,BOD-03,OP-05
2025-03-21,MP-0344,salida,86.1,CONS-108367,BOD-03,OP-02
2025-03-22,MP-0161,entrada,36,REC-OC-6201,BOD-02,OP-04
2025-03-22,MP-0011,entrada,1827,REC-OC-5149,BOD-01,OP-06
2025-03-22,MP-0080,entrada,292,REC-OC-5790,BOD-02,OP-01
2025-03-25,MP-0032,entrada,1550,REC-OC-5462,BOD-01,OP-01
2025-03-25,MP-0019,salida,54.6,CONS-107598,BOD-01,OP-04
2025-03-25,MP-0094,salida,45.7,CONS-107612,BOD-03,OP-03
2025-03-25,MP-0074,salida,47.5,CONS-107619,BOD-02,OP-06
2025-03-25,MP-0370,salida,15.3,CONS-107626,BOD-02,OP-04
2025-03-25,MP-0299,salida,59.3,CONS-107633,BOD-02,OP-04
2025-03-25,MP-0309,salida,53.9,CONS-107640,BOD-01,OP-06
2025-03-25,MP-0418,salida,50.0,CONS-107647,BOD-03,OP-01
2025-03-25,MP-0008,salida,68.6,CONS-107654,BOD-02,OP-02
2025-03-25,MP-0133,salida,24.7,CONS-107668,BOD-02,OP-01
2025-03-25,MP-0101,salida,21.7,CONS-107675,BOD-01,OP-06
2025-03-25,MP-0149,salida,35.3,CONS-107682,BOD-03,OP-02
2025-03-25,MP-0189,salida,17.5,CONS-107689,BOD-02,OP-06
2025-03-25,MP-0254,salida,25.5,CONS-107696,BOD-02,OP-06
2025-03-25,MP-0161,salida,9.5,CONS-107703,BOD-02,OP-04
2025-03-25,MP-0197,salida,23.1,CONS-107710,BOD-01,OP-01
2025-03-25,MP-0037,salida,92.0,CONS-107717,BOD-01,OP-02
2025-03-25,MP-0018,salida,15.3,CONS-107724,BOD-01,OP-06
2025-03-25,MP-0137,salida,77.1,CONS-107731,BOD-01,OP-02
2025-03-25,MP-0073,salida,111.1,CONS-107738,BOD-03,OP-03
2025-03-25,MP-0118,salida,99.8,CONS-107745,BOD-03,OP-02
2025-03-25,MP-0199,salida,94.5,CONS-107752,BOD-01,OP-05
2025-03-25,MP-0232,salida,84.5,CONS-107759,BOD-01,OP-03
2025-03-25,MP-0027,salida,3.4,CONS-107766,BOD-03,OP-05
2025-03-25,MP-0116,salida,10.1,CONS-107773,BOD-01,OP-01
2025-03-25,MP-0108,salida,33.6,CONS-107780,BOD-01,OP-02
2025-03-25,MP-0293,salida,17.8,CONS-107787,BOD-02,OP-03
2025-03-25,MP-0239,salida,8.4,CONS-107794,BOD-01,OP-02
2025-03-25,MP-0016,salida,74.0,CONS-107801,BOD-01,OP-05
2025-03-25,MP-0030,salida,10.3,CONS-107808,BOD-01,OP-01
2025-03-25,MP-0120,salida,49.2,CONS-107815,BOD-02,OP-05
2025-03-25,MP-0043,salida,28.4,CONS-107822,BOD-02,OP-04
2025-03-25,MP-0182,salida,122.1,CONS-107829,BOD-02,OP-01
2025-03-25,MP-0369,salida,57.2,CONS-107836,BOD-03,OP-05
2025-03-25,MP-0157,salida,78.7,CONS-107843,BOD-02,OP-01
2025-03-25,MP-0001,salida,132.3,CONS-107850,BOD-02,OP-05
2025-03-25,MP-0014,salida,107.5,CONS-107857,BOD-02,OP-02
2025-03-25,MP-0047,salida,56.9,CONS-107871,BOD-02,OP-03
2025-03-25,MP-0244,salida,64.1,CONS-107878,BOD-02,OP-04
2025-03-25,MP-0122,salida,27.4,CONS-107885,BOD-01,OP-01
2025-03-25,MP-0132,salida,45.5,CONS-107892,BOD-02,OP-04
2025-03-25,MP-0131,salida,16.8,CONS-107899,BOD-02,OP-04
2025-03-25,MP-0216,salida,35.1,CONS-107906,BOD-03,OP-01
2025-03-25,MP-0272,salida,4.5,CONS-107913,BOD-03,OP-01
2025-03-25,MP-0010,salida,66.6,CONS-107920,BOD-01,OP-04
2025-03-25,MP-0002,salida,37.9,CONS-107927,BOD-03,OP-03
2025-03-25,MP-0150,salida,53.0,CONS-107934,BOD-02,OP-02
2025-03-25,MP-0085,salida,60.6,CONS-107941,BOD-02,OP-03
2025-03-25,MP-0202,salida,81.2,CONS-107948,BOD-01,OP-03
2025-03-25,MP-0153,salida,37.3,CONS-107955,BOD-02,OP-03
2025-03-25,MP-0178,salida,17.6,CONS-107962,BOD-01,OP-02
2025-03-25,MP-0013,salida,67.5,CONS-107976,BOD-02,OP-03
2025-03-25,MP-0020,salida,82.5,CONS-107983,BOD-03,OP-02
2025-03-25,MP-0106,salida,44.4,CONS-107990,BOD-02,OP-02
2025-03-25,MP-0051,salida,147.3,CONS-107997,BOD-01,OP-02
2025-03-25,MP-0411,salida,66.9,CONS-108004,BOD-03,OP-04
2025-03-25,MP-0238,salida,63.0,CONS-108011,BOD-02,OP-04
2025-03-25,MP-0004,salida,59.8,CONS-108018,BOD-02,OP-03
2025-03-25,MP-0033,salida,52.8,CONS-108025,BOD-01,OP-05
2025-03-25,MP-0045,salida,33.5,CONS-108032,BOD-03,OP-04
2025-03-25,MP-0393,salida,23.8,CONS-108046,BOD-02,OP-03
2025-03-25,MP-0373,salida,156.1,CONS-108053,BOD-01,OP-01
2025-03-25,MP-0015,salida,25.4,CONS-108060,BOD-03,OP-04
2025-03-25,MP-0012,salida,38.5,CONS-108067,BOD-03,OP-04
2025-03-25,MP-0142,salida,38.6,CONS-108074,BOD-01,OP-01
2025-03-25,MP-0102,salida,47.1,CONS-108081,BOD-02,OP-03
2025-03-25,MP-0114,salida,11.2,CONS-108088,BOD-03,OP-06
2025-03-25,MP-0325,salida,30.3,CONS-108095,BOD-01,OP-02
2025-03-25,MP-0193,salida,27.3,CONS-108102,BOD-03,OP-03
2025-03-25,MP-0330,salida,12.6,CONS-108109,BOD-02,OP-04
2025-03-25,MP-0024,salida,151.2,CONS-108116,BOD-03,OP-04
2025-03-25,MP-0117,salida,55.1,CONS-108123,BOD-01,OP-02
2025-03-25,MP-0060,salida,49.2,CONS-108130,BOD-01,OP-03
2025-03-25,MP-0357,salida,60.6,CONS-108137,BOD-03,OP-04
2025-03-25,MP-0162,salida,9.3,CONS-108144,BOD-01,OP-03
2025-03-25,MP-0009,salida,67.0,CONS-108151,BOD-03,OP-01
2025-03-25,MP-0076,salida,92.6,CONS-108158,BOD-02,OP-06
2025-03-25,MP-0077,salida,97.5,CONS-108165,BOD-02,OP-01
2025-03-25,MP-0273,salida,104.0,CONS-108172,BOD-02,OP-05
2025-03-25,MP-0026,salida,-62.0,CONS-108179,BOD-03,OP-03
2025-03-25,MP-0111,salida,95.3,CONS-108186,BOD-02,OP-06
2025-03-25,MP-0388,salida,72.8,CONS-108200,BOD-01,OP-05
2025-03-25,MP-0227,salida,43.7,CONS-108207,BOD-03,OP-05
2025-03-25,MP-0088,salida,57.9,CONS-108214,BOD-02,OP-06
2025-03-25,MP-0143,salida,64.7,CONS-108221,BOD-03,OP-05
2025-03-25,MP-0385,salida,15.9,CONS-108235,BOD-01,OP-02
2025-03-25,MP-0321,salida,29.3,CONS-108242,BOD-01,OP-03
2025-03-25,MP-0343,salida,65.2,CONS-108249,BOD-03,OP-01
2025-03-25,MP-0036,salida,10.1,CONS-108256,BOD-02,OP-05
2025-03-25,MP-0080,salida,11.1,CONS-108263,BOD-03,OP-04
2025-03-25,MP-0139,salida,20.5,CONS-108270,BOD-03,OP-03
2025-03-25,MP-0356,salida,13.1,CONS-108277,BOD-01,OP-01
2025-03-25,MP-0339,salida,4.4,CONS-108284,BOD-01,OP-01
2025-03-25,MP-0078,salida,26.7,CONS-108291,BOD-01,OP-02
2025-03-25,MP-0059,salida,16.5,CONS-108298,BOD-02,OP-05
2025-03-25,MP-0211,salida,12.9,CONS-108305,BOD-02,OP-03
2025-03-25,MP-0340,salida,12.9,CONS-108312,BOD-01,OP-05
2025-03-25,MP-0390,salida,9.2,CONS-108319,BOD-01,OP-02
2025-03-25,MP-0268,salida,8.5,CONS-108326,BOD-03,OP-04
2025-03-25,MP-0039,salida,10.3,CONS-108333,BOD-01,OP-02
2025-03-25,MP-0032,salida,20.2,CONS-108340,BOD-01,OP-04
2025-03-25,MP-0129,salida,68.4,CONS-108347,BOD-03,OP-03
2025-03-25,MP-0136,salida,58.8,CONS-108354,BOD-03,OP-04
2025-03-25,MP-0217,salida,51.9,CONS-108361,BOD-02,OP-05
2025-03-25,MP-0344,salida,86.1,CONS-108368,BOD-02,OP-06
2025-03-26,MP-0287,entrada,62,REC-OC-6332,BOD-02,OP-03
2025-03-26,MP-0142,entrada,277,REC-OC-6143,BOD-01,OP-02
2025-03-26,MP-0045,entrada,383,REC-OC-5622,BOD-02,OP-01
2025-03-26,MP-0025,entrada,666,REC-OC-5356,BOD-02,OP-06
2025-03-27,MP-0055,entrada,382,REC-OC-5677,BOD-02,OP-05
2025-03-27,MP-0095,entrada,298,REC-OC-5881,BOD-01,OP-02
2025-03-28,MP-0129,entrada,412,REC-OC-6066,BOD-01,OP-01
2025-03-28,MP-0100,entrada,321,REC-OC-5915,BOD-03,OP-03
2025-03-29,MP-0172,entrada,4,REC-OC-6213,BOD-02,OP-02
2025-03-29,MP-0106,entrada,366,REC-OC-5950,BOD-03,OP-05
2025-03-29,MP-0022,entrada,1537,REC-OC-5297,BOD-03,OP-02
2025-03-29,MP-0133,entrada,246,REC-OC-6089,BOD-03,OP-05
2025-03-30,MP-0416,entrada,49,REC-OC-6467,BOD-02,OP-03
2025-03-31,MP-0018,entrada,1168,REC-OC-5242,BOD-03,OP-06
2025-03-31,MP-0131,entrada,420,REC-OC-6080,BOD-03,OP-02
2025-04-01,MP-0023,entrada,2052,REC-OC-5325,BOD-02,OP-05
2025-04-01,MP-0084,entrada,500,REC-OC-5817,BOD-01,OP-05
2025-04-01,MP-0130,entrada,441,REC-OC-6075,BOD-03,OP-04
2025-04-01,MP-0019,salida,69.0,CONS-108369,BOD-03,OP-03
2025-04-01,MP-0022,salida,78.2,CONS-108376,BOD-02,OP-04
2025-04-01,MP-0074,salida,42.6,CONS-108390,BOD-02,OP-03
2025-04-01,MP-0370,salida,13.8,CONS-108397,BOD-02,OP-01
2025-04-01,MP-0299,salida,53.3,CONS-108404,BOD-02,OP-01
2025-04-01,MP-0309,salida,48.4,CONS-108411,BOD-03,OP-06
2025-04-01,MP-0418,salida,44.9,CONS-108418,BOD-02,OP-05
2025-04-01,MP-0008,salida,100.6,CONS-108425,BOD-03,OP-01
2025-04-01,MP-0005,salida,-26.7,CONS-108432,BOD-02,OP-04
2025-04-01,MP-0133,salida,33.3,CONS-108439,BOD-01,OP-01
2025-04-01,MP-0101,salida,29.2,CONS-108446,BOD-01,OP-03
2025-04-01,MP-0149,salida,98.2,CONS-108453,BOD-02,OP-01
2025-04-01,MP-0189,salida,23.6,CONS-108460,BOD-02,OP-04
2025-04-01,MP-0254,salida,34.4,CONS-108467,BOD-01,OP-04
2025-04-01,MP-0197,salida,31.1,CONS-108481,BOD-01,OP-06
2025-04-01,MP-0037,salida,36.3,CONS-108488,BOD-01,OP-04
2025-04-01,MP-0137,salida,30.4,CONS-108502,BOD-02,OP-01
2025-04-01,MP-0073,salida,43.8,CONS-108509,BOD-03,OP-02
2025-04-01,MP-0118,salida,39.4,CONS-108516,BOD-01,OP-01
2025-04-01,MP-0199,salida,37.3,CONS-108523,BOD-03,OP-06
2025-04-01,MP-0232,salida,33.3,CONS-108530,BOD-01,OP-01
2025-04-01,MP-0027,salida,12.6,CONS-108537,BOD-02,OP-01
2025-04-01,MP-0116,salida,38.0,CONS-108544,BOD-02,OP-02
2025-04-01,MP-0108,salida,64.9,CONS-108551,BOD-02,OP-01
2025-04-01,MP-0293,salida,66.8,CONS-108558,BOD-03,OP-02
2025-04-01,MP-0239,salida,31.7,CONS-108565,BOD-02,OP-05
2025-04-01,MP-0016,salida,111.8,CONS-108572,BOD-01,OP-03
2025-04-01,MP-0030,salida,9.8,CONS-108579,BOD-01,OP-04
2025-04-01,MP-0120,salida,46.8,CONS-108586,BOD-03,OP-06
2025-04-01,MP-0043,salida,27.1,CONS-108593,BOD-01,OP-04
2025-04-01,MP-0182,salida,112.2,CONS-108600,BOD-01,OP-01
2025-04-01,MP-0369,salida,54.4,CONS-108607,BOD-01,OP-02
2025-04-01,MP-0157,salida,146.8,CONS-108614,BOD-02,OP-05
2025-04-01,MP-0001,salida,119.5,CONS-108621,BOD-02,OP-05
2025-04-01,MP-0014,salida,97.1,CONS-108628,BOD-01,OP-06
2025-04-01,MP-0128,salida,137.3,CONS-108635,BOD-01,OP-01
2025-04-01,MP-0047,salida,51.4,CONS-108642,BOD-03,OP-04
2025-04-01,MP-0244,salida,57.9,CONS-108649,BOD-03,OP-05
2025-04-01,MP-0122,salida,77.6,CONS-108656,BOD-01,OP-04
2025-04-01,MP-0132,salida,128.6,CONS-108663,BOD-01,OP-01
2025-04-01,MP-0131,salida,47.6,CONS-108670,BOD-02,OP-02
2025-04-01,MP-0216,salida,99.4,CONS-108677,BOD-01,OP-03
2025-04-01,MP-0272,salida,12.6,CONS-108684,BOD-02,OP-06
2025-04-01,MP-0010,salida,82.2,CONS-108691,BOD-03,OP-05
2025-04-01,MP-0002,salida,46.7,CONS-108698,BOD-02,OP-04
2025-04-01,MP-0150,salida,65.3,CONS-108705,BOD-03,OP-02
2025-04-01,MP-0085,salida,44.6,CONS-108712,BOD-03,OP-06
2025-04-01,MP-0202,salida,100.2,CONS-108719,BOD-03,OP-02
2025-04-01,MP-0153,salida,46.0,CONS-108726,BOD-01,OP-03
2025-04-01,MP-0178,salida,21.7,CONS-108733,BOD-02,OP-05
2025-04-01,MP-0229,salida,102.6,CONS-108740,BOD-01,OP-02
2025-04-01,MP-0013,salida,23.4,CONS-108747,BOD-02,OP-06
2025-04-01,MP-0106,salida,15.4,CONS-108761,BOD-01,OP-03
2025-04-01,MP-0051,salida,82.9,CONS-108768,BOD-03,OP-04
2025-04-01,MP-0411,salida,-23.2,CONS-108775,BOD-03,OP-02
2025-04-01,MP-0238,salida,21.9,CONS-108782,BOD-03,OP-01
2025-04-01,MP-0004,salida,46.8,CONS-108789,BOD-02,OP-04
2025-04-01,MP-0033,salida,41.3,CONS-108796,BOD-01,OP-06
2025-04-01,MP-0045,salida,26.2,CONS-108803,BOD-02,OP-02
2025-04-01,MP-0386,salida,58.0,CONS-108810,BOD-02,OP-06
2025-04-01,MP-0393,salida,18.6,CONS-108817,BOD-02,OP-03
2025-04-01,MP-0373,salida,141.3,CONS-108824,BOD-03,OP-01
2025-04-01,MP-0012,salida,-93.0,CONS-108838,BOD-02,OP-05
2025-04-01,MP-0142,salida,93.5,CONS-108845,BOD-03,OP-05
2025-04-01,MP-0325,salida,73.2,CONS-108866,BOD-02,OP-03
2025-04-01,MP-0193,salida,66.0,CONS-108873,BOD-03,OP-01
2025-04-01,MP-0330,salida,30.5,CONS-108880,BOD-01,OP-06
2025-04-01,MP-0060,salida,14.3,CONS-108901,BOD-02,OP-02
2025-04-01,MP-0162,salida,2.7,CONS-108915,BOD-01,OP-01
2025-04-01,MP-0009,salida,73.6,CONS-108922,BOD-02,OP-02
2025-04-01,MP-0076,salida,101.7,CONS-108929,BOD-03,OP-04
2025-04-01,MP-0077,salida,107.1,CONS-108936,BOD-01,OP-03
2025-04-01,MP-0273,salida,114.3,CONS-108943,BOD-03,OP-03
2025-04-01,MP-0026,salida,28.5,CONS-108950,BOD-01,OP-03
2025-04-01,MP-0111,salida,43.8,CONS-108957,BOD-03,OP-04
2025-04-01,MP-0071,salida,34.7,CONS-108964,BOD-01,OP-03
2025-04-01,MP-0388,salida,33.4,CONS-108971,BOD-01,OP-02
2025-04-01,MP-0227,salida,20.1,CONS-108978,BOD-02,OP-04
2025-04-01,MP-0143,salida,23.6,CONS-108992,BOD-02,OP-02
2025-04-01,MP-0385,salida,5.8,CONS-109006,BOD-03,OP-02
2025-04-01,MP-0343,salida,23.8,CONS-109020,BOD-01,OP-02
2025-04-01,MP-0139,salida,77.4,CONS-109041,BOD-01,OP-06
2025-04-01,MP-0356,salida,49.6,CONS-109048,BOD-02,OP-02
2025-04-01,MP-0078,salida,25.6,CONS-109062,BOD-02,OP-06
2025-04-01,MP-0059,salida,15.8,CONS-109069,BOD-03,OP-03
2025-04-01,MP-0211,salida,12.4,CONS-109076,BOD-03,OP-02
2025-04-01,MP-0340,salida,12.4,CONS-109083,BOD-01,OP-02
2025-04-01,MP-0390,salida,8.9,CONS-109090,BOD-02,OP-05
2025-04-01,MP-0268,salida,8.1,CONS-109097,BOD-01,OP-06
2025-04-01,MP-0039,salida,10.3,CONS-109104,BOD-03,OP-05
2025-04-01,MP-0032,salida,20.2,CONS-109111,BOD-02,OP-04
2025-04-01,MP-0129,salida,68.4,CONS-109118,BOD-03,OP-02
2025-04-01,MP-0136,salida,58.8,CONS-109125,BOD-02,OP-06
2025-04-01,MP-0217,salida,51.9,CONS-109132,BOD-02,OP-03
2025-04-01,MP-0344,salida,86.1,CONS-109139,BOD-03,OP-03
2025-04-02,MP-0253,entrada,28,REC-OC-6296,BOD-02,OP-01
2025-04-03,MP-0002,entrada,1432,REC-OC-5021,BOD-02,OP-05
2025-04-03,MP-0085,entrada,259,REC-OC-5820,BOD-01,OP-01
2025-04-03,MP-0010,entrada,1356,REC-OC-5132,BOD-02,OP-06
2025-04-03,MP-0096,entrada,167,REC-OC-5888,BOD-01,OP-02
2025-04-04,MP-0005,entrada,1099,REC-OC-5060,BOD-01,OP-03
2025-04-04,MP-0010,entrada,2235,REC-OC-5124,BOD-02,OP-02
2025-04-05,MP-0019,salida,69.0,CONS-108370,BOD-01,OP-06
2025-04-05,MP-0022,salida,78.2,CONS-108377,BOD-01,OP-06
2025-04-05,MP-0094,salida,41.0,CONS-108384,BOD-01,OP-03
2025-04-05,MP-0074,salida,42.6,CONS-108391,BOD-03,OP-03
2025-04-05,MP-0370,salida,13.8,CONS-108398,BOD-01,OP-06
2025-04-05,MP-0299,salida,53.3,CONS-108405,BOD-01,OP-03
2025-04-05,MP-0418,salida,44.9,CONS-108419,BOD-01,OP-04
2025-04-05,MP-0008,salida,100.6,CONS-108426,BOD-03,OP-03
2025-04-05,MP-0005,salida,26.7,CONS-108433,BOD-02,OP-02
2025-04-05,MP-0133,salida,33.3,CONS-108440,BOD-02,OP-02
2025-04-05,MP-0101,salida,29.2,CONS-108447,BOD-01,OP-04
2025-04-05,MP-0149,salida,98.2,CONS-108454,BOD-02,OP-05
2025-04-05,MP-0189,salida,23.6,CONS-108461,BOD-02,OP-01
2025-04-05,MP-0254,salida,34.4,CONS-108468,BOD-02,OP-02
2025-04-05,MP-0161,salida,12.8,CONS-108475,BOD-03,OP-03
2025-04-05,MP-0197,salida,31.1,CONS-108482,BOD-01,OP-03
2025-04-05,MP-0037,salida,36.3,CONS-108489,BOD-03,OP-06
2025-04-05,MP-0018,salida,6.0,CONS-108496,BOD-02,OP-01
2025-04-05,MP-0073,salida,43.8,CONS-108510,BOD-02,OP-01
2025-04-05,MP-0118,salida,39.4,CONS-108517,BOD-03,OP-05
2025-04-05,MP-0199,salida,37.3,CONS-108524,BOD-02,OP-04
2025-04-05,MP-0232,salida,33.3,CONS-108531,BOD-01,OP-04
2025-04-05,MP-0027,salida,12.6,CONS-108538,BOD-02,OP-06
2025-04-05,MP-0116,salida,-38.0,CONS-108545,BOD-02,OP-02
2025-04-05,MP-0293,salida,66.8,CONS-108559,BOD-02,OP-03
2025-04-05,MP-0239,salida,31.7,CONS-108566,BOD-02,OP-01
2025-04-05,MP-0016,salida,111.8,CONS-108573,BOD-03,OP-05
2025-04-05,MP-0030,salida,9.8,CONS-108580,BOD-03,OP-03
2025-04-05,MP-0120,salida,46.8,CONS-108587,BOD-03,OP-04
2025-04-05,MP-0043,salida,27.1,CONS-108594,BOD-01,OP-01
2025-04-05,MP-0182,salida,112.2,CONS-108601,BOD-03,OP-03
2025-04-05,MP-0369,salida,54.4,CONS-108608,BOD-03,OP-01
2025-04-05,MP-0157,salida,146.8,CONS-108615,BOD-01,OP-06
2025-04-05,MP-0001,salida,119.5,CONS-108622,BOD-03,OP-01
2025-04-05,MP-0128,salida,137.3,CONS-108636,BOD-02,OP-04
2025-04-05,MP-0047,salida,51.4,CONS-108643,BOD-03,OP-05
2025-04-05,MP-0244,salida,57.9,CONS-108650,BOD-03,OP-02
2025-04-05,MP-0122,salida,77.6,CONS-108657,BOD-02,OP-01
2025-04-05,MP-0132,salida,128.6,CONS-108664,BOD-01,OP-04
2025-04-05,MP-0131,salida,47.6,CONS-108671,BOD-02,OP-03
2025-04-05,MP-0216,salida,99.4,CONS-108678,BOD-02,OP-06
2025-04-05,MP-0272,salida,12.6,CONS-108685,BOD-01,OP-03
2025-04-05,MP-0010,salida,82.2,CONS-108692,BOD-03,OP-03
2025-04-05,MP-0002,salida,46.7,CONS-108699,BOD-03,OP-05
2025-04-05,MP-0150,salida,65.3,CONS-108706,BOD-03,OP-06
2025-04-05,MP-0085,salida,44.6,CONS-108713,BOD-01,OP-03
2025-04-05,MP-0202,salida,100.2,CONS-108720,BOD-01,OP-05
2025-04-05,MP-0153,salida,46.0,CONS-108727,BOD-03,OP-03
2025-04-05,MP-0178,salida,21.7,CONS-108734,BOD-01,OP-03
2025-04-05,MP-0229,salida,102.6,CONS-108741,BOD-03,OP-05
2025-04-05,MP-0013,salida,23.4,CONS-108748,BOD-02,OP-03
2025-04-05,MP-0020,salida,26.1,CONS-108755,BOD-03,OP-03
2025-04-05,MP-0106,salida,15.4,CONS-108762,BOD-02,OP-01
2025-04-05,MP-0051,salida,82.9,CONS-108769,BOD-02,OP-06
2025-04-05,MP-0411,salida,-23.2,CONS-108776,BOD-01,OP-03
2025-04-05,MP-0238,salida,21.9,CONS-108783,BOD-01,OP-01
2025-04-05,MP-0033,salida,41.3,CONS-108797,BOD-02,OP-06
2025-04-05,MP-0045,salida,26.2,CONS-108804,BOD-03,OP-03
2025-04-05,MP-0386,salida,58.0,CONS-108811,BOD-03,OP-03
2025-04-05,MP-0393,salida,18.6,CONS-108818,BOD-01,OP-05
2025-04-05,MP-0373,salida,141.3,CONS-108825,BOD-01,OP-06
2025-04-05,MP-0015,salida,61.4,CONS-108832,BOD-03,OP-01
2025-04-05,MP-0142,salida,93.5,CONS-108846,BOD-03,OP-02
2025-04-05,MP-0102,salida,114.0,CONS-108853,BOD-03,OP-03
2025-04-05,MP-0114,salida,27.2,CONS-108860,BOD-03,OP-02
2025-04-05,MP-0325,salida,73.2,CONS-108867,BOD-02,OP-06
2025-04-05,MP-0193,salida,66.0,CONS-108874,BOD-02,OP-05
2025-04-05,MP-0330,salida,30.5,CONS-108881,BOD-02,OP-05
2025-04-05,MP-0024,salida,120.5,CONS-108888,BOD-02,OP-01
2025-04-05,MP-0117,salida,16.0,CONS-108895,BOD-02,OP-02
2025-04-05,MP-0060,salida,14.3,CONS-108902,BOD-03,OP-03
2025-04-05,MP-0357,salida,17.6,CONS-108909,BOD-03,OP-03
2025-04-05,MP-0162,salida,2.7,CONS-108916,BOD-01,OP-05
2025-04-05,MP-0009,salida,73.6,CONS-108923,BOD-01,OP-05
2025-04-05,MP-0076,salida,101.7,CONS-108930,BOD-03,OP-04
2025-04-05,MP-0077,salida,107.1,CONS-108937,BOD-01,OP-01
2025-04-05,MP-0273,salida,114.3,CONS-108944,BOD-02,OP-06
2025-04-05,MP-0111,salida,-43.8,CONS-108958,BOD-03,OP-02
2025-04-05,MP-0071,salida,34.7,CONS-108965,BOD-02,OP-01
2025-04-05,MP-0388,salida,33.4,CONS-108972,BOD-01,OP-03
2025-04-05,MP-0088,salida,21.1,CONS-108986,BOD-03,OP-01
2025-04-05,MP-0143,salida,23.6,CONS-108993,BOD-01,OP-03
2025-04-05,MP-0181,salida,19.8,CONS-109000,BOD-01,OP-06
2025-04-05,MP-0385,salida,5.8,CONS-109007,BOD-01,OP-06
2025-04-05,MP-0321,salida,10.7,CONS-109014,BOD-02,OP-06
2025-04-05,MP-0343,salida,23.8,CONS-109021,BOD-01,OP-04
2025-04-05,MP-0036,salida,38.0,CONS-109028,BOD-01,OP-04
2025-04-05,MP-0080,salida,42.0,CONS-109035,BOD-02,OP-01
2025-04-05,MP-0139,salida,77.4,CONS-109042,BOD-02,OP-01
2025-04-05,MP-0356,salida,49.6,CONS-109049,BOD-02,OP-01
2025-04-05,MP-0339,salida,16.5,CONS-109056,BOD-03,OP-06
2025-04-05,MP-0078,salida,25.6,CONS-109063,BOD-01,OP-04
2025-04-05,MP-0059,salida,15.8,CONS-109070,BOD-01,OP-06
2025-04-05,MP-0211,salida,12.4,CONS-109077,BOD-01,OP-05
2025-04-05,MP-0340,salida,12.4,CONS-109084,BOD-03,OP-03
2025-04-05,MP-0390,salida,8.9,CONS-109091,BOD-02,OP-02
2025-04-05,MP-0268,salida,8.1,CONS-109098,BOD-03,OP-02
2025-04-05,MP-0032,salida,20.2,CONS-109112,BOD-02,OP-04
2025-04-05,MP-0129,salida,68.4,CONS-109119,BOD-01,OP-06
2025-04-05,MP-0136,salida,58.8,CONS-109126,BOD-02,OP-01
2025-04-05,MP-0217,salida,51.9,CONS-109133,BOD-02,OP-03
2025-04-05,MP-0344,salida,86.1,CONS-109140,BOD-02,OP-05
2025-04-06,MP-0018,entrada,1755,REC-OC-5258,BOD-02,OP-06
2025-04-06,MP-0118,entrada,443,REC-OC-6002,BOD-03,OP-05
2025-04-06,MP-0022,entrada,1394,REC-OC-5295,BOD-03,OP-01
2025-04-08,MP-0018,entrada,1500,REC-OC-5244,BOD-03,OP-01
2025-04-08,MP-0404,ajuste,40,AJU-120058,BOD-03,AUDIT
2025-04-09,MP-0110,entrada,219,REC-OC-5966,BOD-01,OP-02
2025-04-09,MP-0001,entrada,588,REC-OC-5002,BOD-02,OP-06
2025-04-09,MP-0071,entrada,406,REC-OC-5756,BOD-02,OP-03
2025-04-09,MP-0019,salida,69.0,CONS-108371,BOD-02,OP-03
2025-04-09,MP-0022,salida,78.2,CONS-108378,BOD-01,OP-04
2025-04-09,MP-0094,salida,41.0,CONS-108385,BOD-03,OP-06
2025-04-09,MP-0074,salida,42.6,CONS-108392,BOD-03,OP-03
2025-04-09,MP-0370,salida,13.8,CONS-108399,BOD-01,OP-03
2025-04-09,MP-0299,salida,53.3,CONS-108406,BOD-01,OP-03
2025-04-09,MP-0309,salida,48.4,CONS-108413,BOD-01,OP-03
2025-04-09,MP-0418,salida,44.9,CONS-108420,BOD-03,OP-02
2025-04-09,MP-0008,salida,100.6,CONS-108427,BOD-02,OP-03
2025-04-09,MP-0005,salida,26.7,CONS-108434,BOD-01,OP-04
2025-04-09,MP-0133,salida,33.3,CONS-108441,BOD-02,OP-01
2025-04-09,MP-0101,salida,29.2,CONS-108448,BOD-02,OP-04
2025-04-09,MP-0149,salida,98.2,CONS-108455,BOD-03,OP-02
2025-04-09,MP-0189,salida,23.6,CONS-108462,BOD-01,OP-03
2025-04-09,MP-0254,salida,34.4,CONS-108469,BOD-02,OP-04
2025-04-09,MP-0161,salida,12.8,CONS-108476,BOD-01,OP-03
2025-04-09,MP-0197,salida,31.1,CONS-108483,BOD-01,OP-04
2025-04-09,MP-0037,salida,36.3,CONS-108490,BOD-01,OP-05
2025-04-09,MP-0018,salida,6.0,CONS-108497,BOD-01,OP-05
2025-04-09,MP-0137,salida,30.4,CONS-108504,BOD-02,OP-06
2025-04-09,MP-0073,salida,43.8,CONS-108511,BOD-03,OP-03
2025-04-09,MP-0118,salida,39.4,CONS-108518,BOD-03,OP-02
2025-04-09,MP-0199,salida,37.3,CONS-108525,BOD-03,OP-03
2025-04-09,MP-0232,salida,33.3,CONS-108532,BOD-01,OP-05
2025-04-09,MP-0116,salida,38.0,CONS-108546,BOD-02,OP-04
2025-04-09,MP-0108,salida,64.9,CONS-108553,BOD-03,OP-01
2025-04-09,MP-0293,salida,66.8,CONS-108560,BOD-02,OP-06
2025-04-09,MP-0239,salida,31.7,CONS-108567,BOD-01,OP-01
2025-04-09,MP-0016,salida,111.8,CONS-108574,BOD-02,OP-04
2025-04-09,MP-0030,salida,9.8,CONS-108581,BOD-03,OP-04
2025-04-09,MP-0120,salida,46.8,CONS-108588,BOD-02,OP-01
2025-04-09,MP-0043,salida,27.1,CONS-108595,BOD-01,OP-04
2025-04-09,MP-0182,salida,112.2,CONS-108602,BOD-02,OP-04
2025-04-09,MP-0369,salida,54.4,CONS-108609,BOD-01,OP-04
2025-04-09,MP-0157,salida,146.8,CONS-108616,BOD-03,OP-01
2025-04-09,MP-0001,salida,119.5,CONS-108623,BOD-01,OP-02
2025-04-09,MP-0014,salida,97.1,CONS-108630,BOD-03,OP-02
2025-04-09,MP-0128,salida,137.3,CONS-108637,BOD-02,OP-05
2025-04-09,MP-0047,salida,51.4,CONS-108644,BOD-03,OP-01
2025-04-09,MP-0244,salida,57.9,CONS-108651,BOD-03,OP-01
2025-04-09,MP-0132,salida,128.6,CONS-108665,BOD-03,OP-05
2025-04-09,MP-0131,salida,47.6,CONS-108672,BOD-02,OP-01
2025-04-09,MP-0272,salida,12.6,CONS-108686,BOD-03,OP-05
2025-04-09,MP-0010,salida,82.2,CONS-108693,BOD-02,OP-02
2025-04-09,MP-0002,salida,46.7,CONS-108700,BOD-01,OP-06
2025-04-09,MP-0150,salida,65.3,CONS-108707,BOD-01,OP-03
2025-04-09,MP-0085,salida,44.6,CONS-108714,BOD-01,OP-05
2025-04-09,MP-0202,salida,100.2,CONS-108721,BOD-02,OP-05
2025-04-09,MP-0153,salida,46.0,CONS-108728,BOD-01,OP-04
2025-04-09,MP-0178,salida,21.7,CONS-108735,BOD-03,OP-03
2025-04-09,MP-0229,salida,102.6,CONS-108742,BOD-03,OP-04
2025-04-09,MP-0020,salida,26.1,CONS-108756,BOD-02,OP-01
2025-04-09,MP-0106,salida,15.4,CONS-108763,BOD-01,OP-05
2025-04-09,MP-0051,salida,82.9,CONS-108770,BOD-01,OP-06
2025-04-09,MP-0411,salida,23.2,CONS-108777,BOD-02,OP-06
2025-04-09,MP-0238,salida,21.9,CONS-108784,BOD-01,OP-02
2025-04-09,MP-0033,salida,41.3,CONS-108798,BOD-03,OP-05
2025-04-09,MP-0045,salida,26.2,CONS-108805,BOD-02,OP-01
2025-04-09,MP-0386,salida,58.0,CONS-108812,BOD-02,OP-01
2025-04-09,MP-0393,salida,18.6,CONS-108819,BOD-01,OP-05
2025-04-09,MP-0373,salida,141.3,CONS-108826,BOD-02,OP-03
2025-04-09,MP-0015,salida,61.4,CONS-108833,BOD-02,OP-06
2025-04-09,MP-0012,salida,93.0,CONS-108840,BOD-03,OP-05
2025-04-09,MP-0142,salida,93.5,CONS-108847,BOD-03,OP-01
2025-04-09,MP-0102,salida,114.0,CONS-108854,BOD-01,OP-05
2025-04-09,MP-0114,salida,27.2,CONS-108861,BOD-03,OP-03
2025-04-09,MP-0325,salida,73.2,CONS-108868,BOD-03,OP-06
2025-04-09,MP-0193,salida,66.0,CONS-108875,BOD-02,OP-06
2025-04-09,MP-0330,salida,30.5,CONS-108882,BOD-02,OP-03
2025-04-09,MP-0024,salida,120.5,CONS-108889,BOD-03,OP-06
2025-04-09,MP-0060,salida,14.3,CONS-108903,BOD-02,OP-01
2025-04-09,MP-0357,salida,17.6,CONS-108910,BOD-02,OP-04
2025-04-09,MP-0162,salida,2.7,CONS-108917,BOD-01,OP-03
2025-04-09,MP-0009,salida,73.6,CONS-108924,BOD-01,OP-01
2025-04-09,MP-0076,salida,101.7,CONS-108931,BOD-02,OP-03
2025-04-09,MP-0077,salida,107.1,CONS-108938,BOD-03,OP-02
2025-04-09,MP-0273,salida,114.3,CONS-108945,BOD-02,OP-03
2025-04-09,MP-0026,salida,28.5,CONS-108952,BOD-01,OP-06
2025-04-09,MP-0111,salida,43.8,CONS-108959,BOD-03,OP-04
2025-04-09,MP-0227,salida,20.1,CONS-108980,BOD-03,OP-01
2025-04-09,MP-0088,salida,21.1,CONS-108987,BOD-02,OP-03
2025-04-09,MP-0143,salida,23.6,CONS-108994,BOD-03,OP-03
2025-04-09,MP-0181,salida,19.8,CONS-109001,BOD-03,OP-04
2025-04-09,MP-0385,salida,5.8,CONS-109008,BOD-01,OP-02
2025-04-09,MP-0321,salida,10.7,CONS-109015,BOD-02,OP-01
2025-04-09,MP-0343,salida,23.8,CONS-109022,BOD-03,OP-01
2025-04-09,MP-0036,salida,38.0,CONS-109029,BOD-03,OP-06
2025-04-09,MP-0080,salida,42.0,CONS-109036,BOD-01,OP-05
2025-04-09,MP-0139,salida,77.4,CONS-109043,BOD-02,OP-05
2025-04-09,MP-0356,salida,49.6,CONS-109050,BOD-02,OP-04
2025-04-09,MP-0339,salida,16.5,CONS-109057,BOD-03,OP-02
2025-04-09,MP-0078,salida,25.6,CONS-109064,BOD-03,OP-01
2025-04-09,MP-0059,salida,15.8,CONS-109071,BOD-01,OP-01
2025-04-09,MP-0211,salida,12.4,CONS-109078,BOD-03,OP-01
2025-04-09,MP-0340,salida,12.4,CONS-109085,BOD-03,OP-06
2025-04-09,MP-0390,salida,8.9,CONS-109092,BOD-03,OP-01
2025-04-09,MP-0268,salida,8.1,CONS-109099,BOD-02,OP-03
2025-04-09,MP-0039,salida,10.3,CONS-109106,BOD-01,OP-03
2025-04-09,MP-0032,salida,20.2,CONS-109113,BOD-02,OP-05
2025-04-09,MP-0129,salida,68.4,CONS-109120,BOD-02,OP-03
2025-04-09,MP-0136,salida,58.8,CONS-109127,BOD-02,OP-05
2025-04-09,MP-0217,salida,-51.9,CONS-109134,BOD-01,OP-04
2025-04-09,MP-0344,salida,86.1,CONS-109141,BOD-03,OP-03
2025-04-13,MP-0019,salida,69.0,CONS-108372,BOD-03,OP-03
2025-04-13,MP-0022,salida,78.2,CONS-108379,BOD-01,OP-03
2025-04-13,MP-0094,salida,41.0,CONS-108386,BOD-02,OP-01
2025-04-13,MP-0074,salida,42.6,CONS-108393,BOD-02,OP-06
2025-04-13,MP-0370,salida,13.8,CONS-108400,BOD-01,OP-05
2025-04-13,MP-0299,salida,53.3,CONS-108407,BOD-02,OP-05
2025-04-13,MP-0309,salida,48.4,CONS-108414,BOD-03,OP-06
2025-04-13,MP-0418,salida,44.9,CONS-108421,BOD-01,OP-06
2025-04-13,MP-0008,salida,100.6,CONS-108428,BOD-03,OP-04
2025-04-13,MP-0005,salida,26.7,CONS-108435,BOD-01,OP-05
2025-04-13,MP-0133,salida,-33.3,CONS-108442,BOD-02,OP-06
2025-04-13,MP-0149,salida,98.2,CONS-108456,BOD-03,OP-02
2025-04-13,MP-0189,salida,23.6,CONS-108463,BOD-01,OP-02
2025-04-13,MP-0254,salida,-34.4,CONS-108470,BOD-02,OP-03
2025-04-13,MP-0161,salida,12.8,CONS-108477,BOD-02,OP-06
2025-04-13,MP-0197,salida,31.1,CONS-108484,BOD-03,OP-01
2025-04-13,MP-0037,salida,36.3,CONS-108491,BOD-01,OP-03
2025-04-13,MP-0018,salida,6.0,CONS-108498,BOD-01,OP-03
2025-04-13,MP-0137,salida,30.4,CONS-108505,BOD-03,OP-06
2025-04-13,MP-0073,salida,43.8,CONS-108512,BOD-03,OP-05
2025-04-13,MP-0118,salida,39.4,CONS-108519,BOD-03,OP-03
2025-04-13,MP-0199,salida,37.3,CONS-108526,BOD-02,OP-06
2025-04-13,MP-0232,salida,33.3,CONS-108533,BOD-02,OP-01
2025-04-13,MP-0027,salida,12.6,CONS-108540,BOD-01,OP-01
2025-04-13,MP-0116,salida,38.0,CONS-108547,BOD-01,OP-01
2025-04-13,MP-0108,salida,64.9,CONS-108554,BOD-02,OP-03
2025-04-13,MP-0293,salida,66.8,CONS-108561,BOD-02,OP-01
2025-04-13,MP-0239,salida,31.7,CONS-108568,BOD-01,OP-05
2025-04-13,MP-0030,salida,9.8,CONS-108582,BOD-02,OP-03
2025-04-13,MP-0120,salida,46.8,CONS-108589,BOD-02,OP-03
2025-04-13,MP-0043,salida,27.1,CONS-108596,BOD-01,OP-01
2025-04-13,MP-0182,salida,112.2,CONS-108603,BOD-01,OP-02
2025-04-13,MP-0369,salida,54.4,CONS-108610,BOD-03,OP-03
2025-04-13,MP-0157,salida,146.8,CONS-108617,BOD-03,OP-01
2025-04-13,MP-0001,salida,119.5,CONS-108624,BOD-03,OP-06
2025-04-13,MP-0014,salida,97.1,CONS-108631,BOD-03,OP-03
2025-04-13,MP-0128,salida,137.3,CONS-108638,BOD-02,OP-05
2025-04-13,MP-0047,salida,51.4,CONS-108645,BOD-03,OP-02
2025-04-13,MP-0244,salida,57.9,CONS-108652,BOD-03,OP-03
2025-04-13,MP-0122,salida,77.6,CONS-108659,BOD-02,OP-02
2025-04-13,MP-0131,salida,47.6,CONS-108673,BOD-01,OP-06
2025-04-13,MP-0216,salida,99.4,CONS-108680,BOD-01,OP-03
2025-04-13,MP-0272,salida,12.6,CONS-108687,BOD-01,OP-03
2025-04-13,MP-0010,salida,82.2,CONS-108694,BOD-03,OP-06
2025-04-13,MP-0002,salida,46.7,CONS-108701,BOD-02,OP-02
2025-04-13,MP-0150,salida,65.3,CONS-108708,BOD-02,OP-06
2025-04-13,MP-0085,salida,44.6,CONS-108715,BOD-03,OP-04
2025-04-13,MP-0202,salida,100.2,CONS-108722,BOD-02,OP-06
2025-04-13,MP-0153,salida,46.0,CONS-108729,BOD-03,OP-06
2025-04-13,MP-0178,salida,21.7,CONS-108736,BOD-02,OP-04
2025-04-13,MP-0229,salida,102.6,CONS-108743,BOD-01,OP-02
2025-04-13,MP-0106,salida,15.4,CONS-108764,BOD-02,OP-03
2025-04-13,MP-0051,salida,82.9,CONS-108771,BOD-02,OP-04
2025-04-13,MP-0411,salida,23.2,CONS-108778,BOD-01,OP-06
2025-04-13,MP-0238,salida,21.9,CONS-108785,BOD-03,OP-03
2025-04-13,MP-0004,salida,46.8,CONS-108792,BOD-02,OP-05
2025-04-13,MP-0033,salida,41.3,CONS-108799,BOD-03,OP-05
2025-04-13,MP-0045,salida,26.2,CONS-108806,BOD-02,OP-03
2025-04-13,MP-0386,salida,58.0,CONS-108813,BOD-03,OP-02
2025-04-13,MP-0393,salida,18.6,CONS-108820,BOD-03,OP-02
2025-04-13,MP-0373,salida,141.3,CONS-108827,BOD-02,OP-03
2025-04-13,MP-0015,salida,61.4,CONS-108834,BOD-01,OP-06
2025-04-13,MP-0102,salida,114.0,CONS-108855,BOD-01,OP-01
2025-04-13,MP-0114,salida,27.2,CONS-108862,BOD-02,OP-06
2025-04-13,MP-0325,salida,73.2,CONS-108869,BOD-03,OP-02
2025-04-13,MP-0193,salida,66.0,CONS-108876,BOD-01,OP-06
2025-04-13,MP-0330,salida,30.5,CONS-108883,BOD-03,OP-02
2025-04-13,MP-0024,salida,120.5,CONS-108890,BOD-02,OP-01
2025-04-13,MP-0117,salida,16.0,CONS-108897,BOD-02,OP-05
2025-04-13,MP-0060,salida,14.3,CONS-108904,BOD-01,OP-02
2025-04-13,MP-0357,salida,17.6,CONS-108911,BOD-02,OP-04
2025-04-13,MP-0009,salida,73.6,CONS-108925,BOD-02,OP-01
2025-04-13,MP-0076,salida,101.7,CONS-108932,BOD-03,OP-05
2025-04-13,MP-0077,salida,107.1,CONS-108939,BOD-03,OP-05
2025-04-13,MP-0273,salida,-114.3,CONS-108946,BOD-01,OP-01
2025-04-13,MP-0026,salida,-28.5,CONS-108953,BOD-01,OP-03
2025-04-13,MP-0111,salida,43.8,CONS-108960,BOD-03,OP-05
2025-04-13,MP-0071,salida,34.7,CONS-108967,BOD-03,OP-03
2025-04-13,MP-0388,salida,33.4,CONS-108974,BOD-02,OP-02
2025-04-13,MP-0227,salida,-20.1,CONS-108981,BOD-02,OP-04
2025-04-13,MP-0088,salida,21.1,CONS-108988,BOD-03,OP-05
2025-04-13,MP-0143,salida,23.6,CONS-108995,BOD-02,OP-01
2025-04-13,MP-0181,salida,19.8,CONS-109002,BOD-01,OP-02
2025-04-13,MP-0385,salida,5.8,CONS-109009,BOD-02,OP-03
2025-04-13,MP-0343,salida,23.8,CONS-109023,BOD-01,OP-04
2025-04-13,MP-0036,salida,38.0,CONS-109030,BOD-03,OP-04
2025-04-13,MP-0080,salida,42.0,CONS-109037,BOD-01,OP-04
2025-04-13,MP-0139,salida,77.4,CONS-109044,BOD-03,OP-05
2025-04-13,MP-0356,salida,49.6,CONS-109051,BOD-02,OP-02
2025-04-13,MP-0339,salida,16.5,CONS-109058,BOD-02,OP-04
2025-04-13,MP-0078,salida,25.6,CONS-109065,BOD-03,OP-02
2025-04-13,MP-0059,salida,15.8,CONS-109072,BOD-02,OP-01
2025-04-13,MP-0211,salida,12.4,CONS-109079,BOD-01,OP-04
2025-04-13,MP-0340,salida,12.4,CONS-109086,BOD-01,OP-03
2025-04-13,MP-0390,salida,8.9,CONS-109093,BOD-02,OP-05
2025-04-13,MP-0268,salida,8.1,CONS-109100,BOD-02,OP-04
2025-04-13,MP-0039,salida,10.3,CONS-109107,BOD-02,OP-03
2025-04-13,MP-0032,salida,20.2,CONS-109114,BOD-02,OP-05
2025-04-13,MP-0129,salida,68.4,CONS-109121,BOD-01,OP-02
2025-04-13,MP-0136,salida,58.8,CONS-109128,BOD-02,OP-03
2025-04-13,MP-0217,salida,51.9,CONS-109135,BOD-01,OP-02
2025-04-13,MP-0344,salida,86.1,CONS-109142,BOD-02,OP-01
2025-04-14,MP-0032,entrada,1783,REC-OC-5448,BOD-01,OP-06
2025-04-14,MP-0017,entrada,1411,REC-OC-5222,BOD-03,OP-01
2025-04-14,MP-0026,entrada,859,REC-OC-5373,BOD-01,OP-05
2025-04-15,MP-0017,entrada,2180,REC-OC-5230,BOD-01,OP-04
2025-04-15,MP-0034,entrada,1410,REC-OC-5512,BOD-02,OP-04
2025-04-15,MP-0053,entrada,253,REC-OC-5663,BOD-02,OP-03
2025-04-16,MP-0138,entrada,241,REC-OC-6119,BOD-03,OP-03
2025-04-16,MP-0004,ajuste,-40,AJU-120031,BOD-02,AUDIT
2025-04-17,MP-0094,salida,-41.0,CONS-108387,BOD-01,OP-06
2025-04-17,MP-0074,salida,-42.6,CONS-108394,BOD-01,OP-06
2025-04-17,MP-0370,salida,13.8,CONS-108401,BOD-03,OP-01
2025-04-17,MP-0299,salida,53.3,CONS-108408,BOD-01,OP-05
2025-04-17,MP-0309,salida,48.4,CONS-108415,BOD-01,OP-02
2025-04-17,MP-0418,salida,44.9,CONS-108422,BOD-02,OP-01
2025-04-17,MP-0008,salida,100.6,CONS-108429,BOD-01,OP-02
2025-04-17,MP-0005,salida,26.7,CONS-108436,BOD-03,OP-06
2025-04-17,MP-0133,salida,33.3,CONS-108443,BOD-01,OP-03
2025-04-17,MP-0101,salida,29.2,CONS-108450,BOD-03,OP-02
2025-04-17,MP-0149,salida,98.2,CONS-108457,BOD-03,OP-01
2025-04-17,MP-0189,salida,23.6,CONS-108464,BOD-03,OP-02
2025-04-17,MP-0254,salida,34.4,CONS-108471,BOD-03,OP-01
2025-04-17,MP-0161,salida,12.8,CONS-108478,BOD-02,OP-06
2025-04-17,MP-0197,salida,31.1,CONS-108485,BOD-03,OP-05
2025-04-17,MP-0037,salida,36.3,CONS-108492,BOD-01,OP-01
2025-04-17,MP-0018,salida,6.0,CONS-108499,BOD-02,OP-06
2025-04-17,MP-0137,salida,30.4,CONS-108506,BOD-03,OP-05
2025-04-17,MP-0073,salida,43.8,CONS-108513,BOD-01,OP-02
2025-04-17,MP-0199,salida,37.3,CONS-108527,BOD-01,OP-02
2025-04-17,MP-0027,salida,12.6,CONS-108541,BOD-02,OP-06
2025-04-17,MP-0116,salida,38.0,CONS-108548,BOD-01,OP-05
2025-04-17,MP-0108,salida,64.9,CONS-108555,BOD-01,OP-04
2025-04-17,MP-0293,salida,66.8,CONS-108562,BOD-03,OP-05
2025-04-17,MP-0239,salida,31.7,CONS-108569,BOD-01,OP-06
2025-04-17,MP-0016,salida,111.8,CONS-108576,BOD-02,OP-03
2025-04-17,MP-0030,salida,9.8,CONS-108583,BOD-02,OP-01
2025-04-17,MP-0182,salida,112.2,CONS-108604,BOD-01,OP-01
2025-04-17,MP-0369,salida,54.4,CONS-108611,BOD-03,OP-04
2025-04-17,MP-0157,salida,146.8,CONS-108618,BOD-03,OP-06
2025-04-17,MP-0014,salida,97.1,CONS-108632,BOD-01,OP-06
2025-04-17,MP-0128,salida,137.3,CONS-108639,BOD-03,OP-02
2025-04-17,MP-0047,salida,51.4,CONS-108646,BOD-03,OP-01
2025-04-17,MP-0244,salida,57.9,CONS-108653,BOD-03,OP-05
2025-04-17,MP-0122,salida,77.6,CONS-108660,BOD-02,OP-06
2025-04-17,MP-0132,salida,128.6,CONS-108667,BOD-03,OP-05
2025-04-17,MP-0131,salida,47.6,CONS-108674,BOD-01,OP-02
2025-04-17,MP-0216,salida,99.4,CONS-108681,BOD-03,OP-06
2025-04-17,MP-0010,salida,82.2,CONS-108695,BOD-03,OP-05
2025-04-17,MP-0002,salida,46.7,CONS-108702,BOD-01,OP-03
2025-04-17,MP-0150,salida,65.3,CONS-108709,BOD-01,OP-05
2025-04-17,MP-0085,salida,44.6,CONS-108716,BOD-01,OP-01
2025-04-17,MP-0202,salida,100.2,CONS-108723,BOD-03,OP-04
2025-04-17,MP-0153,salida,46.0,CONS-108730,BOD-03,OP-01
2025-04-17,MP-0178,salida,21.7,CONS-108737,BOD-03,OP-04
2025-04-17,MP-0229,salida,102.6,CONS-108744,BOD-03,OP-03
2025-04-17,MP-0013,salida,23.4,CONS-108751,BOD-03,OP-02
2025-04-17,MP-0020,salida,26.1,CONS-108758,BOD-03,OP-01
2025-04-17,MP-0106,salida,15.4,CONS-108765,BOD-01,OP-05
2025-04-17,MP-0051,salida,82.9,CONS-108772,BOD-03,OP-05
2025-04-17,MP-0411,salida,23.2,CONS-108779,BOD-01,OP-03
2025-04-17,MP-0238,salida,21.9,CONS-108786,BOD-02,OP-04
2025-04-17,MP-0004,salida,46.8,CONS-108793,BOD-02,OP-01
2025-04-17,MP-0033,salida,41.3,CONS-108800,BOD-01,OP-04
2025-04-17,MP-0045,salida,26.2,CONS-108807,BOD-03,OP-05
2025-04-17,MP-0386,salida,58.0,CONS-108814,BOD-02,OP-03
2025-04-17,MP-0393,salida,18.6,CONS-108821,BOD-01,OP-04
2025-04-17,MP-0373,salida,141.3,CONS-108828,BOD-03,OP-05
2025-04-17,MP-0015,salida,61.4,CONS-108835,BOD-02,OP-01
2025-04-17,MP-0012,salida,93.0,CONS-108842,BOD-02,OP-05
2025-04-17,MP-0142,salida,93.5,CONS-108849,BOD-03,OP-03
2025-04-17,MP-0114,salida,27.2,CONS-108863,BOD-02,OP-04
2025-04-17,MP-0325,salida,73.2,CONS-108870,BOD-02,OP-01
2025-04-17,MP-0193,salida,66.0,CONS-108877,BOD-02,OP-05
2025-04-17,MP-0330,salida,30.5,CONS-108884,BOD-03,OP-03
2025-04-17,MP-0024,salida,120.5,CONS-108891,BOD-03,OP-06
2025-04-17,MP-0117,salida,16.0,CONS-108898,BOD-02,OP-04
2025-04-17,MP-0060,salida,14.3,CONS-108905,BOD-02,OP-06
2025-04-17,MP-0357,salida,17.6,CONS-108912,BOD-01,OP-01
2025-04-17,MP-0009,salida,73.6,CONS-108926,BOD-03,OP-01
2025-04-17,MP-0076,salida,101.7,CONS-108933,BOD-03,OP-06
2025-04-17,MP-0077,salida,107.1,CONS-108940,BOD-03,OP-06
2025-04-17,MP-0273,salida,114.3,CONS-108947,BOD-02,OP-02
2025-04-17,MP-0026,salida,28.5,CONS-108954,BOD-02,OP-06
2025-04-17,MP-0111,salida,43.8,CONS-108961,BOD-03,OP-01
2025-04-17,MP-0071,salida,34.7,CONS-108968,BOD-03,OP-05
2025-04-17,MP-0388,salida,33.4,CONS-108975,BOD-01,OP-02
2025-04-17,MP-0227,salida,20.1,CONS-108982,BOD-03,OP-06
2025-04-17,MP-0143,salida,23.6,CONS-108996,BOD-03,OP-04
2025-04-17,MP-0385,salida,5.8,CONS-109010,BOD-03,OP-04
2025-04-17,MP-0321,salida,10.7,CONS-109017,BOD-03,OP-01
2025-04-17,MP-0343,salida,23.8,CONS-109024,BOD-02,OP-04
2025-04-17,MP-0080,salida,42.0,CONS-109038,BOD-03,OP-04
2025-04-17,MP-0139,salida,77.4,CONS-109045,BOD-02,OP-02
2025-04-17,MP-0356,salida,49.6,CONS-109052,BOD-01,OP-02
2025-04-17,MP-0339,salida,16.5,CONS-109059,BOD-01,OP-06
2025-04-17,MP-0078,salida,25.6,CONS-109066,BOD-03,OP-03
2025-04-17,MP-0059,salida,15.8,CONS-109073,BOD-02,OP-02
2025-04-17,MP-0211,salida,12.4,CONS-109080,BOD-02,OP-03
2025-04-17,MP-0390,salida,8.9,CONS-109094,BOD-02,OP-02
2025-04-17,MP-0268,salida,8.1,CONS-109101,BOD-01,OP-04
2025-04-17,MP-0032,salida,20.2,CONS-109115,BOD-02,OP-03
2025-04-17,MP-0129,salida,68.4,CONS-109122,BOD-01,OP-05
2025-04-17,MP-0136,salida,58.8,CONS-109129,BOD-03,OP-03
2025-04-17,MP-0217,salida,51.9,CONS-109136,BOD-01,OP-03
2025-04-17,MP-0344,salida,86.1,CONS-109143,BOD-01,OP-03
2025-04-18,MP-0010,entrada,1246,REC-OC-5115,BOD-01,OP-06
2025-04-18,MP-0002,entrada,1597,REC-OC-5017,BOD-03,OP-05
2025-04-18,MP-0118,entrada,246,REC-OC-5997,BOD-02,OP-02
2025-04-18,MP-0014,entrada,1294,REC-OC-5181,BOD-01,OP-05
2025-04-18,MP-0141,entrada,199,REC-OC-6138,BOD-02,OP-06
2025-04-19,MP-0141,entrada,209,REC-OC-6136,BOD-02,OP-02
2025-04-19,MP-0277,entrada,22,REC-OC-6321,BOD-02,OP-06
2025-04-20,MP-0297,entrada,23,REC-OC-6342,BOD-01,OP-02
2025-04-20,MP-0069,entrada,428,REC-OC-5745,BOD-03,OP-01
2025-04-21,MP-0007,entrada,775,REC-OC-5079,BOD-02,OP-04
2025-04-21,MP-0019,salida,69.0,CONS-108374,BOD-02,OP-05
2025-04-21,MP-0022,salida,78.2,CONS-108381,BOD-03,OP-01
2025-04-21,MP-0094,salida,41.0,CONS-108388,BOD-03,OP-04
2025-04-21,MP-0370,salida,13.8,CONS-108402,BOD-01,OP-05
2025-04-21,MP-0309,salida,48.4,CONS-108416,BOD-01,OP-04
2025-04-21,MP-0008,salida,100.6,CONS-108430,BOD-01,OP-05
2025-04-21,MP-0005,salida,-26.7,CONS-108437,BOD-03,OP-02
2025-04-21,MP-0133,salida,33.3,CONS-108444,BOD-01,OP-01
2025-04-21,MP-0101,salida,29.2,CONS-108451,BOD-01,OP-03
2025-04-21,MP-0149,salida,98.2,CONS-108458,BOD-03,OP-04
2025-04-21,MP-0189,salida,23.6,CONS-108465,BOD-03,OP-06
2025-04-21,MP-0254,salida,34.4,CONS-108472,BOD-03,OP-03
2025-04-21,MP-0161,salida,12.8,CONS-108479,BOD-02,OP-04
2025-04-21,MP-0197,salida,31.1,CONS-108486,BOD-02,OP-03
2025-04-21,MP-0037,salida,36.3,CONS-108493,BOD-03,OP-03
2025-04-21,MP-0018,salida,6.0,CONS-108500,BOD-01,OP-03
2025-04-21,MP-0137,salida,30.4,CONS-108507,BOD-01,OP-04
2025-04-21,MP-0073,salida,43.8,CONS-108514,BOD-02,OP-05
2025-04-21,MP-0118,salida,39.4,CONS-108521,BOD-01,OP-01
2025-04-21,MP-0199,salida,37.3,CONS-108528,BOD-01,OP-01
2025-04-21,MP-0232,salida,33.3,CONS-108535,BOD-01,OP-02
2025-04-21,MP-0027,salida,12.6,CONS-108542,BOD-02,OP-06
2025-04-21,MP-0116,salida,38.0,CONS-108549,BOD-02,OP-05
2025-04-21,MP-0293,salida,66.8,CONS-108563,BOD-03,OP-06
2025-04-21,MP-0239,salida,31.7,CONS-108570,BOD-01,OP-02
2025-04-21,MP-0016,salida,111.8,CONS-108577,BOD-03,OP-04
2025-04-21,MP-0030,salida,9.8,CONS-108584,BOD-02,OP-02
2025-04-21,MP-0120,salida,46.8,CONS-108591,BOD-01,OP-05
2025-04-21,MP-0182,salida,112.2,CONS-108605,BOD-03,OP-02
2025-04-21,MP-0369,salida,54.4,CONS-108612,BOD-03,OP-01
2025-04-21,MP-0157,salida,146.8,CONS-108619,BOD-01,OP-01
2025-04-21,MP-0001,salida,119.5,CONS-108626,BOD-02,OP-01
2025-04-21,MP-0014,salida,97.1,CONS-108633,BOD-01,OP-03
2025-04-21,MP-0128,salida,137.3,CONS-108640,BOD-02,OP-02
2025-04-21,MP-0047,salida,51.4,CONS-108647,BOD-02,OP-03
2025-04-21,MP-0244,salida,57.9,CONS-108654,BOD-02,OP-06
2025-04-21,MP-0122,salida,77.6,CONS-108661,BOD-01,OP-02
2025-04-21,MP-0132,salida,128.6,CONS-108668,BOD-03,OP-05
2025-04-21,MP-0131,salida,-47.6,CONS-108675,BOD-01,OP-06
2025-04-21,MP-0216,salida,99.4,CONS-108682,BOD-01,OP-03
2025-04-21,MP-0272,salida,12.6,CONS-108689,BOD-02,OP-05
2025-04-21,MP-0010,salida,82.2,CONS-108696,BOD-01,OP-02
2025-04-21,MP-0002,salida,46.7,CONS-108703,BOD-02,OP-01
2025-04-21,MP-0150,salida,65.3,CONS-108710,BOD-01,OP-04
2025-04-21,MP-0085,salida,44.6,CONS-108717,BOD-02,OP-04
2025-04-21,MP-0202,salida,100.2,CONS-108724,BOD-02,OP-02
2025-04-21,MP-0153,salida,46.0,CONS-108731,BOD-03,OP-01
2025-04-21,MP-0178,salida,21.7,CONS-108738,BOD-02,OP-06
2025-04-21,MP-0229,salida,102.6,CONS-108745,BOD-02,OP-03
2025-04-21,MP-0013,salida,23.4,CONS-108752,BOD-01,OP-04
2025-04-21,MP-0020,salida,26.1,CONS-108759,BOD-01,OP-04
2025-04-21,MP-0106,salida,15.4,CONS-108766,BOD-01,OP-02
2025-04-21,MP-0051,salida,82.9,CONS-108773,BOD-01,OP-03
2025-04-21,MP-0411,salida,23.2,CONS-108780,BOD-01,OP-02
2025-04-21,MP-0238,salida,21.9,CONS-108787,BOD-02,OP-05
2025-04-21,MP-0004,salida,46.8,CONS-108794,BOD-01,OP-04
2025-04-21,MP-0033,salida,41.3,CONS-108801,BOD-03,OP-06
2025-04-21,MP-0045,salida,26.2,CONS-108808,BOD-02,OP-01
2025-04-21,MP-0386,salida,58.0,CONS-108815,BOD-03,OP-01
2025-04-21,MP-0393,salida,18.6,CONS-108822,BOD-02,OP-06
2025-04-21,MP-0373,salida,141.3,CONS-108829,BOD-01,OP-02
2025-04-21,MP-0012,salida,93.0,CONS-108843,BOD-01,OP-06
2025-04-21,MP-0142,salida,93.5,CONS-108850,BOD-03,OP-01
2025-04-21,MP-0102,salida,114.0,CONS-108857,BOD-03,OP-02
2025-04-21,MP-0114,salida,27.2,CONS-108864,BOD-01,OP-05
2025-04-21,MP-0325,salida,73.2,CONS-108871,BOD-01,OP-03
2025-04-21,MP-0330,salida,30.5,CONS-108885,BOD-02,OP-02
2025-04-21,MP-0060,salida,14.3,CONS-108906,BOD-02,OP-04
2025-04-21,MP-0357,salida,17.6,CONS-108913,BOD-03,OP-02
2025-04-21,MP-0162,salida,2.7,CONS-108920,BOD-03,OP-06
2025-04-21,MP-0009,salida,73.6,CONS-108927,BOD-01,OP-05
2025-04-21,MP-0076,salida,101.7,CONS-108934,BOD-03,OP-05
2025-04-21,MP-0077,salida,107.1,CONS-108941,BOD-03,OP-04
2025-04-21,MP-0273,salida,114.3,CONS-108948,BOD-01,OP-03
2025-04-21,MP-0026,salida,28.5,CONS-108955,BOD-03,OP-04
2025-04-21,MP-0111,salida,43.8,CONS-108962,BOD-01,OP-04
2025-04-21,MP-0071,salida,34.7,CONS-108969,BOD-03,OP-05
2025-04-21,MP-0388,salida,33.4,CONS-108976,BOD-01,OP-01
2025-04-21,MP-0227,salida,20.1,CONS-108983,BOD-03,OP-04
2025-04-21,MP-0088,salida,21.1,CONS-108990,BOD-03,OP-01
2025-04-21,MP-0143,salida,23.6,CONS-108997,BOD-02,OP-06
2025-04-21,MP-0181,salida,19.8,CONS-109004,BOD-03,OP-04
2025-04-21,MP-0385,salida,5.8,CONS-109011,BOD-02,OP-03
2025-04-21,MP-0321,salida,10.7,CONS-109018,BOD-02,OP-05
2025-04-21,MP-0036,salida,38.0,CONS-109032,BOD-02,OP-02
2025-04-21,MP-0080,salida,42.0,CONS-109039,BOD-01,OP-05
2025-04-21,MP-0139,salida,77.4,CONS-109046,BOD-02,OP-04
2025-04-21,MP-0356,salida,49.6,CONS-109053,BOD-03,OP-02
2025-04-21,MP-0339,salida,16.5,CONS-109060,BOD-02,OP-06
2025-04-21,MP-0078,salida,25.6,CONS-109067,BOD-03,OP-05
2025-04-21,MP-0059,salida,15.8,CONS-109074,BOD-02,OP-02
2025-04-21,MP-0211,salida,12.4,CONS-109081,BOD-03,OP-01
2025-04-21,MP-0340,salida,12.4,CONS-109088,BOD-02,OP-04
2025-04-21,MP-0390,salida,8.9,CONS-109095,BOD-02,OP-06
2025-04-21,MP-0268,salida,8.1,CONS-109102,BOD-03,OP-01
2025-04-21,MP-0039,salida,10.3,CONS-109109,BOD-03,OP-06
2025-04-21,MP-0032,salida,20.2,CONS-109116,BOD-02,OP-04
2025-04-21,MP-0129,salida,68.4,CONS-109123,BOD-02,OP-03
2025-04-21,MP-0136,salida,58.8,CONS-109130,BOD-01,OP-02
2025-04-21,MP-0217,salida,51.9,CONS-109137,BOD-01,OP-01
2025-04-22,MP-0013,entrada,1422,REC-OC-5173,BOD-03,OP-01
2025-04-22,MP-0020,entrada,706,REC-OC-5272,BOD-02,OP-05
2025-04-22,MP-0029,entrada,881,REC-OC-5408,BOD-01,OP-02
2025-04-23,MP-0142,entrada,499,REC-OC-6144,BOD-02,OP-06
2025-04-23,MP-0163,entrada,69,REC-OC-6203,BOD-02,OP-02
2025-04-24,MP-0244,entrada,55,REC-OC-6287,BOD-01,OP-06
2025-04-25,MP-0088,entrada,483,REC-OC-5837,BOD-01,OP-06
2025-04-25,MP-0019,salida,69.0,CONS-108375,BOD-03,OP-05
2025-04-25,MP-0022,salida,78.2,CONS-108382,BOD-01,OP-06
2025-04-25,MP-0094,salida,41.0,CONS-108389,BOD-02,OP-05
2025-04-25,MP-0074,salida,42.6,CONS-108396,BOD-02,OP-03
2025-04-25,MP-0299,salida,53.3,CONS-108410,BOD-01,OP-03
2025-04-25,MP-0309,salida,48.4,CONS-108417,BOD-02,OP-04
2025-04-25,MP-0418,salida,44.9,CONS-108424,BOD-02,OP-04
2025-04-25,MP-0005,salida,26.7,CONS-108438,BOD-01,OP-02
2025-04-25,MP-0133,salida,33.3,CONS-108445,BOD-02,OP-01
2025-04-25,MP-0101,salida,29.2,CONS-108452,BOD-03,OP-06
2025-04-25,MP-0189,salida,23.6,CONS-108466,BOD-03,OP-04
2025-04-25,MP-0254,salida,34.4,CONS-108473,BOD-03,OP-04
2025-04-25,MP-0161,salida,12.8,CONS-108480,BOD-02,OP-04
2025-04-25,MP-0197,salida,31.1,CONS-108487,BOD-02,OP-03
2025-04-25,MP-0037,salida,36.3,CONS-108494,BOD-02,OP-03
2025-04-25,MP-0018,salida,6.0,CONS-108501,BOD-01,OP-03
2025-04-25,MP-0137,salida,30.4,CONS-108508,BOD-01,OP-04
2025-04-25,MP-0073,salida,43.8,CONS-108515,BOD-02,OP-04
2025-04-25,MP-0118,salida,39.4,CONS-108522,BOD-02,OP-04
2025-04-25,MP-0199,salida,37.3,CONS-108529,BOD-01,OP-06
2025-04-25,MP-0232,salida,33.3,CONS-108536,BOD-01,OP-02
2025-04-25,MP-0027,salida,12.6,CONS-108543,BOD-01,OP-02
2025-04-25,MP-0116,salida,38.0,CONS-108550,BOD-02,OP-05
2025-04-25,MP-0108,salida,64.9,CONS-108557,BOD-02,OP-01
2025-04-25,MP-0293,salida,66.8,CONS-108564,BOD-02,OP-05
2025-04-25,MP-0239,salida,31.7,CONS-108571,BOD-02,OP-05
2025-04-25,MP-0016,salida,111.8,CONS-108578,BOD-03,OP-04
2025-04-25,MP-0030,salida,9.8,CONS-108585,BOD-01,OP-01
2025-04-25,MP-0120,salida,46.8,CONS-108592,BOD-02,OP-04
2025-04-25,MP-0043,salida,27.1,CONS-108599,BOD-02,OP-04
2025-04-25,MP-0182,salida,112.2,CONS-108606,BOD-02,OP-03
2025-04-25,MP-0369,salida,54.4,CONS-108613,BOD-03,OP-01
2025-04-25,MP-0157,salida,146.8,CONS-108620,BOD-01,OP-04
2025-04-25,MP-0001,salida,119.5,CONS-108627,BOD-03,OP-06
2025-04-25,MP-0014,salida,97.1,CONS-108634,BOD-02,OP-02
2025-04-25,MP-0128,salida,137.3,CONS-108641,BOD-03,OP-04
2025-04-25,MP-0047,salida,51.4,CONS-108648,BOD-01,OP-05
2025-04-25,MP-0244,salida,57.9,CONS-108655,BOD-01,OP-04
2025-04-25,MP-0132,salida,128.6,CONS-108669,BOD-02,OP-02
2025-04-25,MP-0131,salida,47.6,CONS-108676,BOD-03,OP-02
2025-04-25,MP-0216,salida,99.4,CONS-108683,BOD-02,OP-03
2025-04-25,MP-0272,salida,12.6,CONS-108690,BOD-02,OP-06
2025-04-25,MP-0010,salida,82.2,CONS-108697,BOD-02,OP-01
2025-04-25,MP-0002,salida,46.7,CONS-108704,BOD-03,OP-06
2025-04-25,MP-0150,salida,65.3,CONS-108711,BOD-03,OP-04
2025-04-25,MP-0085,salida,44.6,CONS-108718,BOD-01,OP-04
2025-04-25,MP-0202,salida,100.2,CONS-108725,BOD-03,OP-01
2025-04-25,MP-0153,salida,46.0,CONS-108732,BOD-01,OP-02
2025-04-25,MP-0178,salida,21.7,CONS-108739,BOD-03,OP-03
2025-04-25,MP-0229,salida,-102.6,CONS-108746,BOD-02,OP-04
2025-04-25,MP-0013,salida,23.4,CONS-108753,BOD-01,OP-03
2025-04-25,MP-0020,salida,26.1,CONS-108760,BOD-01,OP-04
2025-04-25,MP-0106,salida,15.4,CONS-108767,BOD-02,OP-05
2025-04-25,MP-0051,salida,82.9,CONS-108774,BOD-03,OP-06
2025-04-25,MP-0411,salida,23.2,CONS-108781,BOD-01,OP-04
2025-04-25,MP-0238,salida,21.9,CONS-108788,BOD-03,OP-05
2025-04-25,MP-0004,salida,46.8,CONS-108795,BOD-02,OP-01
2025-04-25,MP-0033,salida,41.3,CONS-108802,BOD-01,OP-06
2025-04-25,MP-0045,salida,26.2,CONS-108809,BOD-01,OP-01
2025-04-25,MP-0386,salida,58.0,CONS-108816,BOD-02,OP-06
2025-04-25,MP-0015,salida,61.4,CONS-108837,BOD-01,OP-02
2025-04-25,MP-0012,salida,93.0,CONS-108844,BOD-02,OP-06
2025-04-25,MP-0142,salida,93.5,CONS-108851,BOD-01,OP-02
2025-04-25,MP-0102,salida,114.0,CONS-108858,BOD-01,OP-06
2025-04-25,MP-0114,salida,27.2,CONS-108865,BOD-01,OP-06
2025-04-25,MP-0325,salida,73.2,CONS-108872,BOD-03,OP-06
2025-04-25,MP-0193,salida,66.0,CONS-108879,BOD-01,OP-03
2025-04-25,MP-0330,salida,30.5,CONS-108886,BOD-03,OP-04
2025-04-25,MP-0117,salida,16.0,CONS-108900,BOD-02,OP-05
2025-04-25,MP-0060,salida,14.3,CONS-108907,BOD-01,OP-06
2025-04-25,MP-0357,salida,17.6,CONS-108914,BOD-03,OP-03
2025-04-25,MP-0162,salida,2.7,CONS-108921,BOD-03,OP-03
2025-04-25,MP-0009,salida,73.6,CONS-108928,BOD-02,OP-04
2025-04-25,MP-0076,salida,101.7,CONS-108935,BOD-01,OP-02
2025-04-25,MP-0077,salida,107.1,CONS-108942,BOD-01,OP-06
2025-04-25,MP-0273,salida,114.3,CONS-108949,BOD-01,OP-02
2025-04-25,MP-0026,salida,28.5,CONS-108956,BOD-03,OP-01
2025-04-25,MP-0111,salida,43.8,CONS-108963,BOD-02,OP-01
2025-04-25,MP-0071,salida,-34.7,CONS-108970,BOD-01,OP-06
2025-04-25,MP-0388,salida,33.4,CONS-108977,BOD-01,OP-04
2025-04-25,MP-0227,salida,20.1,CONS-108984,BOD-03,OP-01
2025-04-25,MP-0088,salida,21.1,CONS-108991,BOD-02,OP-03
2025-04-25,MP-0143,salida,23.6,CONS-108998,BOD-03,OP-03
2025-04-25,MP-0181,salida,19.8,CONS-109005,BOD-01,OP-05
2025-04-25,MP-0385,salida,5.8,CONS-109012,BOD-03,OP-05
2025-04-25,MP-0321,salida,10.7,CONS-109019,BOD-03,OP-01
2025-04-25,MP-0343,salida,23.8,CONS-109026,BOD-03,OP-02
2025-04-25,MP-0036,salida,38.0,CONS-109033,BOD-01,OP-06
2025-04-25,MP-0080,salida,42.0,CONS-109040,BOD-02,OP-03
2025-04-25,MP-0139,salida,77.4,CONS-109047,BOD-01,OP-05
2025-04-25,MP-0356,salida,49.6,CONS-109054,BOD-01,OP-05
2025-04-25,MP-0339,salida,16.5,CONS-109061,BOD-01,OP-06
2025-04-25,MP-0078,salida,25.6,CONS-109068,BOD-03,OP-02
2025-04-25,MP-0059,salida,15.8,CONS-109075,BOD-01,OP-01
2025-04-25,MP-0340,salida,12.4,CONS-109089,BOD-03,OP-05
2025-04-25,MP-0390,salida,8.9,CONS-109096,BOD-01,OP-04
2025-04-25,MP-0268,salida,8.1,CONS-109103,BOD-01,OP-04
2025-04-25,MP-0039,salida,10.3,CONS-109110,BOD-02,OP-05
2025-04-25,MP-0032,salida,20.2,CONS-109117,BOD-01,OP-05
2025-04-25,MP-0129,salida,68.4,CONS-109124,BOD-01,OP-04
2025-04-25,MP-0136,salida,58.8,CONS-109131,BOD-03,OP-06
2025-04-25,MP-0217,salida,51.9,CONS-109138,BOD-01,OP-03
2025-04-25,MP-0344,salida,-86.1,CONS-109145,BOD-03,OP-03
2025-04-26,MP-0047,entrada,268,REC-OC-5633,BOD-01,OP-01
2025-04-26,MP-0100,entrada,203,REC-OC-5918,BOD-03,OP-06
2025-04-26,MP-0145,entrada,451,REC-OC-6154,BOD-01,OP-04
2025-04-26,MP-0030,entrada,2279,REC-OC-5432,BOD-03,OP-01
2025-04-26,MP-0159,entrada,66,REC-OC-6199,BOD-02,OP-01
2025-04-27,MP-0034,entrada,1181,REC-OC-5505,BOD-01,OP-02
2025-04-27,MP-0083,entrada,247,REC-OC-5805,BOD-02,OP-06
2025-04-27,MP-0021,entrada,1066,REC-OC-5290,BOD-02,OP-06
2025-04-27,MP-0280,ajuste,-7,AJU-120047,BOD-03,AUDIT
2025-04-28,MP-0121,entrada,280,REC-OC-6018,BOD-03,OP-01
2025-04-29,MP-0417,entrada,52,REC-OC-6468,BOD-01,OP-03
2025-04-29,MP-0313,ajuste,12,AJU-120057,BOD-03,AUDIT
2025-04-30,MP-0005,entrada,1265,REC-OC-5069,BOD-01,OP-06
2025-04-30,MP-0004,entrada,954,REC-OC-5047,BOD-03,OP-02
2025-05-01,MP-0113,entrada,157,REC-OC-5978,BOD-02,OP-03
2025-05-01,MP-0089,entrada,346,REC-OC-5851,BOD-03,OP-02
2025-05-01,MP-0099,entrada,463,REC-OC-5906,BOD-03,OP-06
2025-05-01,MP-0019,salida,64.6,CONS-109146,BOD-02,OP-03
2025-05-01,MP-0094,salida,49.6,CONS-109160,BOD-02,OP-06
2025-05-01,MP-0370,salida,16.6,CONS-109174,BOD-02,OP-06
2025-05-01,MP-0299,salida,64.4,CONS-109181,BOD-01,OP-03
2025-05-01,MP-0309,salida,58.4,CONS-109188,BOD-03,OP-03
2025-05-01,MP-0418,salida,54.2,CONS-109195,BOD-02,OP-06
2025-05-01,MP-0008,salida,90.9,CONS-109202,BOD-03,OP-05
2025-05-01,MP-0005,salida,61.5,CONS-109209,BOD-03,OP-05
2025-05-01,MP-0133,salida,88.0,CONS-109216,BOD-03,OP-05
2025-05-01,MP-0149,salida,118.9,CONS-109230,BOD-02,OP-04
2025-05-01,MP-0189,salida,62.6,CONS-109237,BOD-01,OP-02
2025-05-01,MP-0254,salida,91.0,CONS-109244,BOD-02,OP-04
2025-05-01,MP-0197,salida,82.4,CONS-109258,BOD-03,OP-01
2025-05-01,MP-0037,salida,73.4,CONS-109265,BOD-01,OP-02
2025-05-01,MP-0018,salida,12.2,CONS-109272,BOD-02,OP-06
2025-05-01,MP-0137,salida,61.5,CONS-109279,BOD-01,OP-06
2025-05-01,MP-0073,salida,88.7,CONS-109286,BOD-02,OP-04
2025-05-01,MP-0199,salida,75.4,CONS-109300,BOD-03,OP-03
2025-05-01,MP-0232,salida,67.5,CONS-109307,BOD-02,OP-05
2025-05-01,MP-0027,salida,10.9,CONS-109314,BOD-02,OP-01
2025-05-01,MP-0116,salida,32.7,CONS-109321,BOD-02,OP-02
2025-05-01,MP-0108,salida,63.0,CONS-109328,BOD-03,OP-05
2025-05-01,MP-0293,salida,57.5,CONS-109335,BOD-02,OP-01
2025-05-01,MP-0239,salida,27.3,CONS-109342,BOD-02,OP-05
2025-05-01,MP-0016,salida,54.6,CONS-109349,BOD-03,OP-05
2025-05-01,MP-0030,salida,4.3,CONS-109356,BOD-03,OP-05
2025-05-01,MP-0120,salida,20.6,CONS-109363,BOD-02,OP-05
2025-05-01,MP-0043,salida,11.9,CONS-109370,BOD-03,OP-04
2025-05-01,MP-0182,salida,33.0,CONS-109377,BOD-03,OP-02
2025-05-01,MP-0369,salida,24.0,CONS-109384,BOD-01,OP-03
2025-05-01,MP-0157,salida,129.9,CONS-109391,BOD-03,OP-02
2025-05-01,MP-0001,salida,26.7,CONS-109398,BOD-02,OP-06
2025-05-01,MP-0014,salida,21.7,CONS-109405,BOD-01,OP-05
2025-05-01,MP-0128,salida,88.7,CONS-109412,BOD-01,OP-04
2025-05-01,MP-0047,salida,11.5,CONS-109419,BOD-03,OP-01
2025-05-01,MP-0244,salida,12.9,CONS-109426,BOD-02,OP-03
2025-05-01,MP-0122,salida,40.8,CONS-109433,BOD-03,OP-04
2025-05-01,MP-0131,salida,25.0,CONS-109447,BOD-02,OP-02
2025-05-01,MP-0216,salida,52.3,CONS-109454,BOD-01,OP-06
2025-05-01,MP-0272,salida,6.6,CONS-109461,BOD-03,OP-05
2025-05-01,MP-0010,salida,47.5,CONS-109468,BOD-02,OP-05
2025-05-01,MP-0002,salida,27.0,CONS-109475,BOD-03,OP-02
2025-05-01,MP-0150,salida,37.7,CONS-109482,BOD-02,OP-05
2025-05-01,MP-0085,salida,39.9,CONS-109489,BOD-03,OP-01
2025-05-01,MP-0202,salida,57.9,CONS-109496,BOD-03,OP-04
2025-05-01,MP-0153,salida,26.6,CONS-109503,BOD-03,OP-06
2025-05-01,MP-0178,salida,12.6,CONS-109510,BOD-01,OP-04
2025-05-01,MP-0013,salida,43.3,CONS-109524,BOD-02,OP-01
2025-05-01,MP-0020,salida,85.5,CONS-109531,BOD-02,OP-01
2025-05-01,MP-0106,salida,28.5,CONS-109538,BOD-01,OP-04
2025-05-01,MP-0051,salida,110.4,CONS-109545,BOD-03,OP-06
2025-05-01,MP-0411,salida,43.0,CONS-109552,BOD-01,OP-04
2025-05-01,MP-0238,salida,40.4,CONS-109559,BOD-01,OP-02
2025-05-01,MP-0004,salida,51.4,CONS-109566,BOD-03,OP-02
2025-05-01,MP-0033,salida,45.4,CONS-109573,BOD-02,OP-02
2025-05-01,MP-0045,salida,28.8,CONS-109580,BOD-02,OP-02
2025-05-01,MP-0386,salida,-63.7,CONS-109587,BOD-02,OP-04
2025-05-01,MP-0393,salida,20.4,CONS-109594,BOD-03,OP-03
2025-05-01,MP-0373,salida,100.2,CONS-109601,BOD-01,OP-06
2025-05-01,MP-0015,salida,60.8,CONS-109608,BOD-03,OP-01
2025-05-01,MP-0012,salida,92.1,CONS-109615,BOD-02,OP-04
2025-05-01,MP-0102,salida,112.9,CONS-109629,BOD-01,OP-03
2025-05-01,MP-0114,salida,26.9,CONS-109636,BOD-03,OP-02
2025-05-01,MP-0325,salida,72.5,CONS-109643,BOD-01,OP-03
2025-05-01,MP-0193,salida,65.3,CONS-109650,BOD-03,OP-05
2025-05-01,MP-0330,salida,30.2,CONS-109657,BOD-02,OP-01
2025-05-01,MP-0024,salida,106.4,CONS-109664,BOD-03,OP-01
2025-05-01,MP-0117,salida,75.5,CONS-109671,BOD-02,OP-02
2025-05-01,MP-0357,salida,83.1,CONS-109685,BOD-01,OP-06
2025-05-01,MP-0162,salida,12.8,CONS-109692,BOD-01,OP-02
2025-05-01,MP-0009,salida,19.9,CONS-109699,BOD-03,OP-02
2025-05-01,MP-0076,salida,27.5,CONS-109706,BOD-02,OP-03
2025-05-01,MP-0077,salida,28.9,CONS-109713,BOD-02,OP-06
2025-05-01,MP-0273,salida,30.9,CONS-109720,BOD-02,OP-03
2025-05-01,MP-0111,salida,116.7,CONS-109734,BOD-02,OP-05
2025-05-01,MP-0071,salida,92.6,CONS-109741,BOD-01,OP-04
2025-05-01,MP-0388,salida,89.1,CONS-109748,BOD-01,OP-05
2025-05-01,MP-0227,salida,53.5,CONS-109755,BOD-01,OP-04
2025-05-01,MP-0088,salida,-35.8,CONS-109762,BOD-01,OP-03
2025-05-01,MP-0143,salida,40.1,CONS-109769,BOD-01,OP-04
2025-05-01,MP-0385,salida,9.9,CONS-109783,BOD-02,OP-03
2025-05-01,MP-0321,salida,18.2,CONS-109790,BOD-02,OP-06
2025-05-01,MP-0343,salida,40.3,CONS-109797,BOD-03,OP-06
2025-05-01,MP-0036,salida,18.8,CONS-109804,BOD-01,OP-05
2025-05-01,MP-0080,salida,20.8,CONS-109811,BOD-03,OP-06
2025-05-01,MP-0139,salida,38.3,CONS-109818,BOD-01,OP-02
2025-05-01,MP-0356,salida,24.5,CONS-109825,BOD-03,OP-03
2025-05-01,MP-0339,salida,8.2,CONS-109832,BOD-01,OP-05
2025-05-01,MP-0078,salida,73.7,CONS-109839,BOD-02,OP-02
2025-05-01,MP-0059,salida,45.4,CONS-109846,BOD-02,OP-01
2025-05-01,MP-0211,salida,-35.6,CONS-109853,BOD-02,OP-06
2025-05-01,MP-0340,salida,35.6,CONS-109860,BOD-01,OP-04
2025-05-01,MP-0390,salida,25.5,CONS-109867,BOD-03,OP-06
2025-05-01,MP-0268,salida,23.4,CONS-109874,BOD-01,OP-04
2025-05-01,MP-0129,salida,96.3,CONS-109895,BOD-01,OP-04
2025-05-01,MP-0136,salida,82.8,CONS-109902,BOD-02,OP-02
2025-05-01,MP-0217,salida,73.1,CONS-109909,BOD-02,OP-04
2025-05-01,MP-0344,salida,121.2,CONS-109916,BOD-03,OP-01
2025-05-02,MP-0099,entrada,320,REC-OC-5908,BOD-03,OP-04
2025-05-03,MP-0023,entrada,1739,REC-OC-5313,BOD-02,OP-04
2025-05-04,MP-0044,entrada,423,REC-OC-5615,BOD-02,OP-06
2025-05-05,MP-0019,salida,64.6,CONS-109147,BOD-02,OP-03
2025-05-05,MP-0094,salida,49.6,CONS-109161,BOD-03,OP-01
2025-05-05,MP-0074,salida,51.5,CONS-109168,BOD-02,OP-06
2025-05-05,MP-0370,salida,16.6,CONS-109175,BOD-01,OP-02
2025-05-05,MP-0299,salida,64.4,CONS-109182,BOD-02,OP-03
2025-05-05,MP-0309,salida,58.4,CONS-109189,BOD-01,OP-04
2025-05-05,MP-0418,salida,54.2,CONS-109196,BOD-03,OP-03
2025-05-05,MP-0008,salida,90.9,CONS-109203,BOD-03,OP-05
2025-05-05,MP-0005,salida,61.5,CONS-109210,BOD-01,OP-01
2025-05-05,MP-0133,salida,88.0,CONS-109217,BOD-01,OP-02
2025-05-05,MP-0101,salida,77.3,CONS-109224,BOD-03,OP-03
2025-05-05,MP-0149,salida,118.9,CONS-109231,BOD-02,OP-04
2025-05-05,MP-0254,salida,91.0,CONS-109245,BOD-01,OP-06
2025-05-05,MP-0161,salida,34.0,CONS-109252,BOD-03,OP-04
2025-05-05,MP-0197,salida,82.4,CONS-109259,BOD-03,OP-04
2025-05-05,MP-0037,salida,73.4,CONS-109266,BOD-01,OP-06
2025-05-05,MP-0018,salida,12.2,CONS-109273,BOD-03,OP-04
2025-05-05,MP-0137,salida,61.5,CONS-109280,BOD-03,OP-06
2025-05-05,MP-0073,salida,88.7,CONS-109287,BOD-01,OP-01
2025-05-05,MP-0118,salida,79.7,CONS-109294,BOD-01,OP-01
2025-05-05,MP-0199,salida,75.4,CONS-109301,BOD-01,OP-04
2025-05-05,MP-0232,salida,67.5,CONS-109308,BOD-03,OP-06
2025-05-05,MP-0116,salida,32.7,CONS-109322,BOD-02,OP-02
2025-05-05,MP-0108,salida,63.0,CONS-109329,BOD-02,OP-05
2025-05-05,MP-0293,salida,57.5,CONS-109336,BOD-02,OP-03
2025-05-05,MP-0239,salida,27.3,CONS-109343,BOD-03,OP-04
2025-05-05,MP-0016,salida,54.6,CONS-109350,BOD-01,OP-01
2025-05-05,MP-0120,salida,20.6,CONS-109364,BOD-03,OP-06
2025-05-05,MP-0043,salida,11.9,CONS-109371,BOD-03,OP-03
2025-05-05,MP-0182,salida,33.0,CONS-109378,BOD-03,OP-02
2025-05-05,MP-0369,salida,24.0,CONS-109385,BOD-03,OP-04
2025-05-05,MP-0157,salida,129.9,CONS-109392,BOD-03,OP-04
2025-05-05,MP-0001,salida,26.7,CONS-109399,BOD-02,OP-05
2025-05-05,MP-0014,salida,21.7,CONS-109406,BOD-01,OP-06
2025-05-05,MP-0047,salida,11.5,CONS-109420,BOD-02,OP-01
2025-05-05,MP-0244,salida,12.9,CONS-109427,BOD-03,OP-04
2025-05-05,MP-0122,salida,40.8,CONS-109434,BOD-03,OP-04
2025-05-05,MP-0132,salida,67.6,CONS-109441,BOD-03,OP-02
2025-05-05,MP-0131,salida,25.0,CONS-109448,BOD-01,OP-01
2025-05-05,MP-0216,salida,52.3,CONS-109455,BOD-03,OP-06
2025-05-05,MP-0272,salida,6.6,CONS-109462,BOD-01,OP-04
2025-05-05,MP-0010,salida,47.5,CONS-109469,BOD-03,OP-02
2025-05-05,MP-0002,salida,-27.0,CONS-109476,BOD-03,OP-02
2025-05-05,MP-0150,salida,37.7,CONS-109483,BOD-01,OP-02
2025-05-05,MP-0085,salida,39.9,CONS-109490,BOD-03,OP-06
2025-05-05,MP-0202,salida,57.9,CONS-109497,BOD-01,OP-02
2025-05-05,MP-0153,salida,26.6,CONS-109504,BOD-03,OP-03
2025-05-05,MP-0178,salida,12.6,CONS-109511,BOD-01,OP-06
2025-05-05,MP-0229,salida,59.3,CONS-109518,BOD-01,OP-03
2025-05-05,MP-0013,salida,43.3,CONS-109525,BOD-03,OP-06
2025-05-05,MP-0020,salida,85.5,CONS-109532,BOD-01,OP-02
2025-05-05,MP-0106,salida,28.5,CONS-109539,BOD-03,OP-03
2025-05-05,MP-0051,salida,110.4,CONS-109546,BOD-01,OP-04
2025-05-05,MP-0411,salida,43.0,CONS-109553,BOD-03,OP-01
2025-05-05,MP-0238,salida,40.4,CONS-109560,BOD-03,OP-01
2025-05-05,MP-0004,salida,51.4,CONS-109567,BOD-03,OP-01
2025-05-05,MP-0033,salida,45.4,CONS-109574,BOD-03,OP-01
2025-05-05,MP-0045,salida,28.8,CONS-109581,BOD-03,OP-05
2025-05-05,MP-0386,salida,63.7,CONS-109588,BOD-03,OP-04
2025-05-05,MP-0393,salida,20.4,CONS-109595,BOD-01,OP-02
2025-05-05,MP-0015,salida,60.8,CONS-109609,BOD-02,OP-06
2025-05-05,MP-0142,salida,92.6,CONS-109623,BOD-01,OP-05
2025-05-05,MP-0102,salida,112.9,CONS-109630,BOD-02,OP-01
2025-05-05,MP-0114,salida,26.9,CONS-109637,BOD-02,OP-01
2025-05-05,MP-0325,salida,72.5,CONS-109644,BOD-02,OP-05
2025-05-05,MP-0193,salida,65.3,CONS-109651,BOD-03,OP-05
2025-05-05,MP-0330,salida,30.2,CONS-109658,BOD-02,OP-04
2025-05-05,MP-0117,salida,75.5,CONS-109672,BOD-01,OP-02
2025-05-05,MP-0162,salida,12.8,CONS-109693,BOD-03,OP-06
2025-05-05,MP-0009,salida,19.9,CONS-109700,BOD-03,OP-02
2025-05-05,MP-0076,salida,27.5,CONS-109707,BOD-03,OP-01
2025-05-05,MP-0077,salida,28.9,CONS-109714,BOD-02,OP-04
2025-05-05,MP-0273,salida,30.9,CONS-109721,BOD-03,OP-03
2025-05-05,MP-0026,salida,75.9,CONS-109728,BOD-02,OP-03
2025-05-05,MP-0111,salida,116.7,CONS-109735,BOD-03,OP-03
2025-05-05,MP-0071,salida,92.6,CONS-109742,BOD-02,OP-05
2025-05-05,MP-0388,salida,89.1,CONS-109749,BOD-03,OP-03
2025-05-05,MP-0227,salida,53.5,CONS-109756,BOD-03,OP-05
2025-05-05,MP-0143,salida,40.1,CONS-109770,BOD-03,OP-02
2025-05-05,MP-0181,salida,33.7,CONS-109777,BOD-02,OP-04
2025-05-05,MP-0385,salida,9.9,CONS-109784,BOD-01,OP-03
2025-05-05,MP-0321,salida,18.2,CONS-109791,BOD-03,OP-02
2025-05-05,MP-0343,salida,40.3,CONS-109798,BOD-03,OP-06
2025-05-05,MP-0036,salida,18.8,CONS-109805,BOD-01,OP-03
2025-05-05,MP-0080,salida,20.8,CONS-109812,BOD-02,OP-01
2025-05-05,MP-0139,salida,38.3,CONS-109819,BOD-03,OP-06
2025-05-05,MP-0356,salida,24.5,CONS-109826,BOD-03,OP-01
2025-05-05,MP-0339,salida,8.2,CONS-109833,BOD-02,OP-02
2025-05-05,MP-0059,salida,45.4,CONS-109847,BOD-02,OP-01
2025-05-05,MP-0211,salida,35.6,CONS-109854,BOD-02,OP-04
2025-05-05,MP-0340,salida,35.6,CONS-109861,BOD-02,OP-02
2025-05-05,MP-0390,salida,25.5,CONS-109868,BOD-03,OP-06
2025-05-05,MP-0268,salida,23.4,CONS-109875,BOD-02,OP-01
2025-05-05,MP-0039,salida,14.5,CONS-109882,BOD-02,OP-05
2025-05-05,MP-0032,salida,28.4,CONS-109889,BOD-03,OP-06
2025-05-05,MP-0129,salida,96.3,CONS-109896,BOD-01,OP-01
2025-05-05,MP-0136,salida,82.8,CONS-109903,BOD-02,OP-06
2025-05-05,MP-0217,salida,73.1,CONS-109910,BOD-02,OP-05
2025-05-05,MP-0344,salida,121.2,CONS-109917,BOD-03,OP-02
2025-05-06,MP-0054,entrada,221,REC-OC-5670,BOD-03,OP-03
2025-05-06,MP-0044,entrada,414,REC-OC-5612,BOD-03,OP-06
2025-05-07,MP-0035,entrada,1395,REC-OC-5523,BOD-01,OP-06
2025-05-08,MP-0040,entrada,1613,REC-OC-5588,BOD-02,OP-04
2025-05-08,MP-0030,entrada,1465,REC-OC-5431,BOD-02,OP-02
2025-05-08,MP-0059,entrada,464,REC-OC-5707,BOD-02,OP-01
2025-05-08,MP-0002,entrada,1970,REC-OC-5023,BOD-02,OP-02
2025-05-08,MP-0128,entrada,259,REC-OC-6053,BOD-01,OP-04
2025-05-08,MP-0057,entrada,401,REC-OC-5688,BOD-01,OP-01
2025-05-09,MP-0021,entrada,708,REC-OC-5289,BOD-01,OP-02
2025-05-09,MP-0032,entrada,2234,REC-OC-5466,BOD-01,OP-03
2025-05-09,MP-0239,entrada,77,REC-OC-6282,BOD-02,OP-01
2025-05-09,MP-0010,entrada,1584,REC-OC-5128,BOD-01,OP-04
2025-05-09,MP-0346,entrada,13,REC-OC-6395,BOD-02,OP-04
2025-05-09,MP-0019,salida,64.6,CONS-109148,BOD-01,OP-02
2025-05-09,MP-0022,salida,108.1,CONS-109155,BOD-03,OP-06
2025-05-09,MP-0094,salida,49.6,CONS-109162,BOD-02,OP-03
2025-05-09,MP-0074,salida,51.5,CONS-109169,BOD-02,OP-05
2025-05-09,MP-0370,salida,-16.6,CONS-109176,BOD-02,OP-01
2025-05-09,MP-0299,salida,64.4,CONS-109183,BOD-01,OP-01
2025-05-09,MP-0309,salida,58.4,CONS-109190,BOD-02,OP-06
2025-05-09,MP-0418,salida,54.2,CONS-109197,BOD-03,OP-01
2025-05-09,MP-0008,salida,90.9,CONS-109204,BOD-03,OP-04
2025-05-09,MP-0149,salida,118.9,CONS-109232,BOD-02,OP-04
2025-05-09,MP-0189,salida,62.6,CONS-109239,BOD-02,OP-01
2025-05-09,MP-0254,salida,-91.0,CONS-109246,BOD-02,OP-02
2025-05-09,MP-0161,salida,34.0,CONS-109253,BOD-01,OP-06
2025-05-09,MP-0197,salida,82.4,CONS-109260,BOD-03,OP-05
2025-05-09,MP-0037,salida,73.4,CONS-109267,BOD-03,OP-01
2025-05-09,MP-0018,salida,12.2,CONS-109274,BOD-02,OP-03
2025-05-09,MP-0073,salida,88.7,CONS-109288,BOD-02,OP-01
2025-05-09,MP-0118,salida,79.7,CONS-109295,BOD-03,OP-04
2025-05-09,MP-0199,salida,75.4,CONS-109302,BOD-02,OP-01
2025-05-09,MP-0232,salida,67.5,CONS-109309,BOD-03,OP-02
2025-05-09,MP-0027,salida,10.9,CONS-109316,BOD-03,OP-01
2025-05-09,MP-0116,salida,32.7,CONS-109323,BOD-02,OP-04
2025-05-09,MP-0108,salida,63.0,CONS-109330,BOD-01,OP-01
2025-05-09,MP-0293,salida,57.5,CONS-109337,BOD-02,OP-01
2025-05-09,MP-0239,salida,27.3,CONS-109344,BOD-03,OP-02
2025-05-09,MP-0016,salida,54.6,CONS-109351,BOD-02,OP-05
2025-05-09,MP-0030,salida,4.3,CONS-109358,BOD-03,OP-04
2025-05-09,MP-0043,salida,11.9,CONS-109372,BOD-02,OP-02
2025-05-09,MP-0182,salida,33.0,CONS-109379,BOD-03,OP-05
2025-05-09,MP-0369,salida,24.0,CONS-109386,BOD-01,OP-04
2025-05-09,MP-0157,salida,129.9,CONS-109393,BOD-02,OP-02
2025-05-09,MP-0001,salida,26.7,CONS-109400,BOD-03,OP-06
2025-05-09,MP-0014,salida,21.7,CONS-109407,BOD-02,OP-02
2025-05-09,MP-0128,salida,88.7,CONS-109414,BOD-02,OP-02
2025-05-09,MP-0047,salida,11.5,CONS-109421,BOD-02,OP-04
2025-05-09,MP-0244,salida,12.9,CONS-109428,BOD-03,OP-02
2025-05-09,MP-0122,salida,40.8,CONS-109435,BOD-03,OP-04
2025-05-09,MP-0132,salida,67.6,CONS-109442,BOD-02,OP-06
2025-05-09,MP-0131,salida,25.0,CONS-109449,BOD-02,OP-01
2025-05-09,MP-0216,salida,-52.3,CONS-109456,BOD-01,OP-06
2025-05-09,MP-0272,salida,6.6,CONS-109463,BOD-03,OP-04
2025-05-09,MP-0010,salida,47.5,CONS-109470,BOD-01,OP-04
2025-05-09,MP-0002,salida,27.0,CONS-109477,BOD-03,OP-06
2025-05-09,MP-0150,salida,37.7,CONS-109484,BOD-01,OP-03
2025-05-09,MP-0202,salida,57.9,CONS-109498,BOD-02,OP-02
2025-05-09,MP-0153,salida,26.6,CONS-109505,BOD-03,OP-05
2025-05-09,MP-0178,salida,12.6,CONS-109512,BOD-03,OP-02
2025-05-09,MP-0229,salida,59.3,CONS-109519,BOD-02,OP-05
2025-05-09,MP-0013,salida,43.3,CONS-109526,BOD-01,OP-02
2025-05-09,MP-0020,salida,85.5,CONS-109533,BOD-01,OP-01
2025-05-09,MP-0106,salida,28.5,CONS-109540,BOD-01,OP-02
2025-05-09,MP-0051,salida,110.4,CONS-109547,BOD-03,OP-01
2025-05-09,MP-0411,salida,43.0,CONS-109554,BOD-01,OP-05
2025-05-09,MP-0238,salida,40.4,CONS-109561,BOD-02,OP-03
2025-05-09,MP-0004,salida,51.4,CONS-109568,BOD-03,OP-01
2025-05-09,MP-0033,salida,45.4,CONS-109575,BOD-01,OP-06
2025-05-09,MP-0045,salida,28.8,CONS-109582,BOD-02,OP-01
2025-05-09,MP-0386,salida,63.7,CONS-109589,BOD-02,OP-03
2025-05-09,MP-0393,salida,20.4,CONS-109596,BOD-01,OP-05
2025-05-09,MP-0373,salida,100.2,CONS-109603,BOD-01,OP-03
2025-05-09,MP-0015,salida,60.8,CONS-109610,BOD-02,OP-02
2025-05-09,MP-0012,salida,92.1,CONS-109617,BOD-01,OP-03
2025-05-09,MP-0142,salida,92.6,CONS-109624,BOD-01,OP-01
2025-05-09,MP-0102,salida,112.9,CONS-109631,BOD-01,OP-01
2025-05-09,MP-0114,salida,26.9,CONS-109638,BOD-03,OP-06
2025-05-09,MP-0325,salida,72.5,CONS-109645,BOD-03,OP-05
2025-05-09,MP-0193,salida,65.3,CONS-109652,BOD-02,OP-03
2025-05-09,MP-0330,salida,30.2,CONS-109659,BOD-02,OP-03
2025-05-09,MP-0024,salida,106.4,CONS-109666,BOD-01,OP-02
2025-05-09,MP-0117,salida,75.5,CONS-109673,BOD-01,OP-04
2025-05-09,MP-0060,salida,67.5,CONS-109680,BOD-01,OP-03
2025-05-09,MP-0357,salida,83.1,CONS-109687,BOD-02,OP-01
2025-05-09,MP-0162,salida,12.8,CONS-109694,BOD-03,OP-05
2025-05-09,MP-0009,salida,19.9,CONS-109701,BOD-02,OP-02
2025-05-09,MP-0076,salida,27.5,CONS-109708,BOD-03,OP-03
2025-05-09,MP-0077,salida,28.9,CONS-109715,BOD-02,OP-04
2025-05-09,MP-0273,salida,30.9,CONS-109722,BOD-03,OP-03
2025-05-09,MP-0026,salida,75.9,CONS-109729,BOD-03,OP-03
2025-05-09,MP-0111,salida,116.7,CONS-109736,BOD-02,OP-04
2025-05-09,MP-0071,salida,92.6,CONS-109743,BOD-02,OP-05
2025-05-09,MP-0388,salida,89.1,CONS-109750,BOD-02,OP-01
2025-05-09,MP-0088,salida,35.8,CONS-109764,BOD-01,OP-06
2025-05-09,MP-0143,salida,40.1,CONS-109771,BOD-01,OP-04
2025-05-09,MP-0385,salida,9.9,CONS-109785,BOD-01,OP-05
2025-05-09,MP-0321,salida,-18.2,CONS-109792,BOD-01,OP-03
2025-05-09,MP-0343,salida,40.3,CONS-109799,BOD-03,OP-04
2025-05-09,MP-0080,salida,20.8,CONS-109813,BOD-03,OP-05
2025-05-09,MP-0139,salida,38.3,CONS-109820,BOD-03,OP-06
2025-05-09,MP-0339,salida,8.2,CONS-109834,BOD-02,OP-01
2025-05-09,MP-0078,salida,73.7,CONS-109841,BOD-01,OP-05
2025-05-09,MP-0059,salida,45.4,CONS-109848,BOD-02,OP-04
2025-05-09,MP-0211,salida,35.6,CONS-109855,BOD-02,OP-02
2025-05-09,MP-0390,salida,25.5,CONS-109869,BOD-01,OP-02
2025-05-09,MP-0268,salida,23.4,CONS-109876,BOD-02,OP-03
2025-05-09,MP-0039,salida,14.5,CONS-109883,BOD-02,OP-02
2025-05-09,MP-0032,salida,28.4,CONS-109890,BOD-01,OP-01
2025-05-09,MP-0129,salida,96.3,CONS-109897,BOD-02,OP-05
2025-05-09,MP-0136,salida,82.8,CONS-109904,BOD-02,OP-05
2025-05-09,MP-0217,salida,73.1,CONS-109911,BOD-02,OP-04
2025-05-09,MP-0344,salida,121.2,CONS-109918,BOD-03,OP-02
2025-05-09,MP-0245,ajuste,11,AJU-120030,BOD-01,AUDIT
2025-05-11,MP-0113,entrada,138,REC-OC-5979,BOD-02,OP-03
2025-05-12,MP-0028,entrada,821,REC-OC-5385,BOD-02,OP-06
2025-05-12,MP-0031,entrada,506,REC-OC-5440,BOD-02,OP-01
2025-05-13,MP-0070,entrada,203,REC-OC-5750,BOD-03,OP-01
2025-05-13,MP-0018,entrada,1600,REC-OC-5243,BOD-03,OP-04
2025-05-13,MP-0005,entrada,1304,REC-OC-5064,BOD-03,OP-06
2025-05-13,MP-0019,salida,64.6,CONS-109149,BOD-02,OP-05
2025-05-13,MP-0094,salida,-49.6,CONS-109163,BOD-03,OP-05
2025-05-13,MP-0074,salida,51.5,CONS-109170,BOD-02,OP-04
2025-05-13,MP-0370,salida,16.6,CONS-109177,BOD-02,OP-03
2025-05-13,MP-0299,salida,64.4,CONS-109184,BOD-02,OP-06
2025-05-13,MP-0309,salida,58.4,CONS-109191,BOD-03,OP-04
2025-05-13,MP-0418,salida,54.2,CONS-109198,BOD-01,OP-02
2025-05-13,MP-0008,salida,90.9,CONS-109205,BOD-02,OP-03
2025-05-13,MP-0005,salida,61.5,CONS-109212,BOD-03,OP-02
2025-05-13,MP-0133,salida,88.0,CONS-109219,BOD-01,OP-01
2025-05-13,MP-0101,salida,77.3,CONS-109226,BOD-03,OP-05
2025-05-13,MP-0149,salida,118.9,CONS-109233,BOD-03,OP-03
2025-05-13,MP-0254,salida,91.0,CONS-109247,BOD-02,OP-04
2025-05-13,MP-0161,salida,34.0,CONS-109254,BOD-02,OP-01
2025-05-13,MP-0197,salida,82.4,CONS-109261,BOD-01,OP-05
2025-05-13,MP-0037,salida,73.4,CONS-109268,BOD-03,OP-04
2025-05-13,MP-0137,salida,61.5,CONS-109282,BOD-01,OP-06
2025-05-13,MP-0073,salida,88.7,CONS-109289,BOD-03,OP-04
2025-05-13,MP-0118,salida,79.7,CONS-109296,BOD-02,OP-01
2025-05-13,MP-0199,salida,75.4,CONS-109303,BOD-03,OP-01
2025-05-13,MP-0232,salida,67.5,CONS-109310,BOD-01,OP-01
2025-05-13,MP-0027,salida,10.9,CONS-109317,BOD-01,OP-03
2025-05-13,MP-0116,salida,32.7,CONS-109324,BOD-02,OP-02
2025-05-13,MP-0108,salida,63.0,CONS-109331,BOD-03,OP-05
2025-05-13,MP-0293,salida,57.5,CONS-109338,BOD-02,OP-01
2025-05-13,MP-0239,salida,27.3,CONS-109345,BOD-03,OP-04
2025-05-13,MP-0016,salida,54.6,CONS-109352,BOD-02,OP-05
2025-05-13,MP-0030,salida,4.3,CONS-109359,BOD-01,OP-02
2025-05-13,MP-0120,salida,20.6,CONS-109366,BOD-02,OP-03
2025-05-13,MP-0043,salida,11.9,CONS-109373,BOD-03,OP-01
2025-05-13,MP-0182,salida,33.0,CONS-109380,BOD-03,OP-06
2025-05-13,MP-0369,salida,24.0,CONS-109387,BOD-02,OP-01
2025-05-13,MP-0157,salida,129.9,CONS-109394,BOD-03,OP-01
2025-05-13,MP-0001,salida,26.7,CONS-109401,BOD-02,OP-06
2025-05-13,MP-0014,salida,21.7,CONS-109408,BOD-03,OP-02
2025-05-13,MP-0128,salida,88.7,CONS-109415,BOD-01,OP-03
2025-05-13,MP-0047,salida,11.5,CONS-109422,BOD-02,OP-04
2025-05-13,MP-0244,salida,12.9,CONS-109429,BOD-03,OP-03
2025-05-13,MP-0122,salida,40.8,CONS-109436,BOD-03,OP-02
2025-05-13,MP-0131,salida,25.0,CONS-109450,BOD-01,OP-04
2025-05-13,MP-0216,salida,52.3,CONS-109457,BOD-01,OP-05
2025-05-13,MP-0010,salida,47.5,CONS-109471,BOD-02,OP-05
2025-05-13,MP-0002,salida,27.0,CONS-109478,BOD-03,OP-06
2025-05-13,MP-0150,salida,37.7,CONS-109485,BOD-03,OP-03
2025-05-13,MP-0085,salida,39.9,CONS-109492,BOD-02,OP-04
2025-05-13,MP-0202,salida,57.9,CONS-109499,BOD-01,OP-04
2025-05-13,MP-0153,salida,26.6,CONS-109506,BOD-02,OP-05
2025-05-13,MP-0178,salida,12.6,CONS-109513,BOD-01,OP-04
2025-05-13,MP-0229,salida,59.3,CONS-109520,BOD-02,OP-01
2025-05-13,MP-0013,salida,43.3,CONS-109527,BOD-01,OP-04
2025-05-13,MP-0020,salida,85.5,CONS-109534,BOD-02,OP-01
2025-05-13,MP-0106,salida,28.5,CONS-109541,BOD-02,OP-05
2025-05-13,MP-0051,salida,110.4,CONS-109548,BOD-01,OP-06
2025-05-13,MP-0411,salida,43.0,CONS-109555,BOD-01,OP-01
2025-05-13,MP-0238,salida,40.4,CONS-109562,BOD-01,OP-02
2025-05-13,MP-0004,salida,51.4,CONS-109569,BOD-01,OP-04
2025-05-13,MP-0033,salida,45.4,CONS-109576,BOD-02,OP-01
2025-05-13,MP-0045,salida,28.8,CONS-109583,BOD-02,OP-01
2025-05-13,MP-0386,salida,63.7,CONS-109590,BOD-03,OP-02
2025-05-13,MP-0393,salida,20.4,CONS-109597,BOD-02,OP-04
2025-05-13,MP-0373,salida,100.2,CONS-109604,BOD-02,OP-05
2025-05-13,MP-0015,salida,60.8,CONS-109611,BOD-01,OP-05
2025-05-13,MP-0012,salida,92.1,CONS-109618,BOD-03,OP-05
2025-05-13,MP-0142,salida,92.6,CONS-109625,BOD-01,OP-06
2025-05-13,MP-0102,salida,112.9,CONS-109632,BOD-02,OP-01
2025-05-13,MP-0114,salida,26.9,CONS-109639,BOD-02,OP-06
2025-05-13,MP-0193,salida,65.3,CONS-109653,BOD-02,OP-06
2025-05-13,MP-0330,salida,30.2,CONS-109660,BOD-02,OP-01
2025-05-13,MP-0024,salida,106.4,CONS-109667,BOD-03,OP-03
2025-05-13,MP-0117,salida,75.5,CONS-109674,BOD-03,OP-02
2025-05-13,MP-0060,salida,67.5,CONS-109681,BOD-01,OP-04
2025-05-13,MP-0357,salida,83.1,CONS-109688,BOD-01,OP-03
2025-05-13,MP-0162,salida,12.8,CONS-109695,BOD-02,OP-03
2025-05-13,MP-0009,salida,19.9,CONS-109702,BOD-01,OP-04
2025-05-13,MP-0076,salida,27.5,CONS-109709,BOD-03,OP-05
2025-05-13,MP-0077,salida,28.9,CONS-109716,BOD-03,OP-03
2025-05-13,MP-0273,salida,30.9,CONS-109723,BOD-02,OP-02
2025-05-13,MP-0026,salida,75.9,CONS-109730,BOD-02,OP-03
2025-05-13,MP-0111,salida,116.7,CONS-109737,BOD-02,OP-02
2025-05-13,MP-0071,salida,92.6,CONS-109744,BOD-03,OP-03
2025-05-13,MP-0388,salida,89.1,CONS-109751,BOD-03,OP-03
2025-05-13,MP-0227,salida,53.5,CONS-109758,BOD-02,OP-03
2025-05-13,MP-0088,salida,35.8,CONS-109765,BOD-02,OP-06
2025-05-13,MP-0143,salida,40.1,CONS-109772,BOD-02,OP-04
2025-05-13,MP-0181,salida,33.7,CONS-109779,BOD-03,OP-03
2025-05-13,MP-0385,salida,9.9,CONS-109786,BOD-03,OP-04
2025-05-13,MP-0321,salida,18.2,CONS-109793,BOD-03,OP-03
2025-05-13,MP-0343,salida,40.3,CONS-109800,BOD-03,OP-04
2025-05-13,MP-0036,salida,18.8,CONS-109807,BOD-03,OP-03
2025-05-13,MP-0080,salida,20.8,CONS-109814,BOD-01,OP-06
2025-05-13,MP-0139,salida,38.3,CONS-109821,BOD-01,OP-01
2025-05-13,MP-0356,salida,24.5,CONS-109828,BOD-01,OP-03
2025-05-13,MP-0078,salida,73.7,CONS-109842,BOD-01,OP-03
2025-05-13,MP-0059,salida,-45.4,CONS-109849,BOD-03,OP-02
2025-05-13,MP-0211,salida,35.6,CONS-109856,BOD-01,OP-06
2025-05-13,MP-0340,salida,35.6,CONS-109863,BOD-03,OP-06
2025-05-13,MP-0390,salida,25.5,CONS-109870,BOD-03,OP-03
2025-05-13,MP-0268,salida,23.4,CONS-109877,BOD-01,OP-04
2025-05-13,MP-0039,salida,14.5,CONS-109884,BOD-03,OP-01
2025-05-13,MP-0032,salida,28.4,CONS-109891,BOD-03,OP-04
2025-05-13,MP-0129,salida,96.3,CONS-109898,BOD-02,OP-02
2025-05-13,MP-0136,salida,82.8,CONS-109905,BOD-03,OP-06
2025-05-13,MP-0217,salida,73.1,CONS-109912,BOD-01,OP-01
2025-05-13,MP-0344,salida,121.2,CONS-109919,BOD-01,OP-01
2025-05-14,MP-0032,entrada,1472,REC-OC-5473,BOD-02,OP-05
2025-05-14,MP-0003,entrada,564,REC-OC-5032,BOD-02,OP-03
2025-05-14,MP-0339,entrada,36,REC-OC-6387,BOD-02,OP-05
2025-05-15,MP-0363,entrada,47,REC-OC-6412,BOD-01,OP-03
2025-05-16,MP-0094,entrada,485,REC-OC-5878,BOD-01,OP-01
2025-05-16,MP-0016,entrada,1228,REC-OC-5212,BOD-02,OP-01
2025-05-16,MP-0258,entrada,15,REC-OC-6302,BOD-02,OP-02
2025-05-16,MP-0047,entrada,326,REC-OC-5632,BOD-02,OP-03
2025-05-17,MP-0032,entrada,1789,REC-OC-5468,BOD-03,OP-03
2025-05-17,MP-0019,salida,64.6,CONS-109150,BOD-03,OP-06
2025-05-17,MP-0022,salida,108.1,CONS-109157,BOD-02,OP-02
2025-05-17,MP-0094,salida,49.6,CONS-109164,BOD-03,OP-03
2025-05-17,MP-0074,salida,51.5,CONS-109171,BOD-02,OP-03
2025-05-17,MP-0370,salida,16.6,CONS-109178,BOD-02,OP-02
2025-05-17,MP-0299,salida,64.4,CONS-109185,BOD-02,OP-04
2025-05-17,MP-0309,salida,58.4,CONS-109192,BOD-03,OP-04
2025-05-17,MP-0418,salida,54.2,CONS-109199,BOD-03,OP-05
2025-05-17,MP-0008,salida,90.9,CONS-109206,BOD-03,OP-04
2025-05-17,MP-0005,salida,61.5,CONS-109213,BOD-03,OP-05
2025-05-17,MP-0133,salida,88.0,CONS-109220,BOD-02,OP-03
2025-05-17,MP-0101,salida,77.3,CONS-109227,BOD-02,OP-06
2025-05-17,MP-0149,salida,-118.9,CONS-109234,BOD-03,OP-03
2025-05-17,MP-0189,salida,-62.6,CONS-109241,BOD-03,OP-04
2025-05-17,MP-0254,salida,91.0,CONS-109248,BOD-02,OP-02
2025-05-17,MP-0161,salida,34.0,CONS-109255,BOD-01,OP-04
2025-05-17,MP-0197,salida,82.4,CONS-109262,BOD-01,OP-01
2025-05-17,MP-0037,salida,73.4,CONS-109269,BOD-03,OP-01
2025-05-17,MP-0018,salida,12.2,CONS-109276,BOD-02,OP-04
2025-05-17,MP-0073,salida,88.7,CONS-109290,BOD-01,OP-01
2025-05-17,MP-0118,salida,79.7,CONS-109297,BOD-03,OP-01
2025-05-17,MP-0199,salida,75.4,CONS-109304,BOD-03,OP-06
2025-05-17,MP-0027,salida,10.9,CONS-109318,BOD-03,OP-03
2025-05-17,MP-0116,salida,32.7,CONS-109325,BOD-03,OP-05
2025-05-17,MP-0108,salida,63.0,CONS-109332,BOD-02,OP-02
2025-05-17,MP-0293,salida,57.5,CONS-109339,BOD-01,OP-04
2025-05-17,MP-0016,salida,-54.6,CONS-109353,BOD-02,OP-05
2025-05-17,MP-0030,salida,-4.3,CONS-109360,BOD-01,OP-02
2025-05-17,MP-0120,salida,20.6,CONS-109367,BOD-03,OP-02
2025-05-17,MP-0182,salida,33.0,CONS-109381,BOD-01,OP-01
2025-05-17,MP-0157,salida,129.9,CONS-109395,BOD-01,OP-05
2025-05-17,MP-0001,salida,26.7,CONS-109402,BOD-02,OP-04
2025-05-17,MP-0128,salida,88.7,CONS-109416,BOD-01,OP-01
2025-05-17,MP-0047,salida,11.5,CONS-109423,BOD-01,OP-05
2025-05-17,MP-0244,salida,12.9,CONS-109430,BOD-02,OP-02
2025-05-17,MP-0122,salida,40.8,CONS-109437,BOD-02,OP-01
2025-05-17,MP-0132,salida,67.6,CONS-109444,BOD-03,OP-04
2025-05-17,MP-0131,salida,25.0,CONS-109451,BOD-02,OP-06
2025-05-17,MP-0216,salida,52.3,CONS-109458,BOD-02,OP-02
2025-05-17,MP-0272,salida,6.6,CONS-109465,BOD-02,OP-01
2025-05-17,MP-0010,salida,47.5,CONS-109472,BOD-01,OP-04
2025-05-17,MP-0002,salida,27.0,CONS-109479,BOD-01,OP-03
2025-05-17,MP-0150,salida,37.7,CONS-109486,BOD-03,OP-03
2025-05-17,MP-0085,salida,39.9,CONS-109493,BOD-03,OP-04
2025-05-17,MP-0202,salida,57.9,CONS-109500,BOD-03,OP-05
2025-05-17,MP-0153,salida,26.6,CONS-109507,BOD-03,OP-04
2025-05-17,MP-0229,salida,59.3,CONS-109521,BOD-03,OP-02
2025-05-17,MP-0013,salida,43.3,CONS-109528,BOD-03,OP-02
2025-05-17,MP-0106,salida,28.5,CONS-109542,BOD-01,OP-02
2025-05-17,MP-0051,salida,110.4,CONS-109549,BOD-03,OP-01
2025-05-17,MP-0411,salida,43.0,CONS-109556,BOD-01,OP-06
2025-05-17,MP-0238,salida,40.4,CONS-109563,BOD-02,OP-04
2025-05-17,MP-0004,salida,51.4,CONS-109570,BOD-03,OP-03
2025-05-17,MP-0033,salida,45.4,CONS-109577,BOD-01,OP-03
2025-05-17,MP-0386,salida,63.7,CONS-109591,BOD-02,OP-03
2025-05-17,MP-0373,salida,100.2,CONS-109605,BOD-02,OP-01
2025-05-17,MP-0015,salida,60.8,CONS-109612,BOD-01,OP-06
2025-05-17,MP-0012,salida,92.1,CONS-109619,BOD-03,OP-03
2025-05-17,MP-0142,salida,92.6,CONS-109626,BOD-02,OP-01
2025-05-17,MP-0102,salida,112.9,CONS-109633,BOD-02,OP-05
2025-05-17,MP-0114,salida,26.9,CONS-109640,BOD-02,OP-04
2025-05-17,MP-0325,salida,72.5,CONS-109647,BOD-03,OP-05
2025-05-17,MP-0193,salida,-65.3,CONS-109654,BOD-03,OP-04
2025-05-17,MP-0330,salida,30.2,CONS-109661,BOD-03,OP-04
2025-05-17,MP-0024,salida,106.4,CONS-109668,BOD-03,OP-02
2025-05-17,MP-0117,salida,75.5,CONS-109675,BOD-03,OP-05
2025-05-17,MP-0060,salida,67.5,CONS-109682,BOD-01,OP-06
2025-05-17,MP-0357,salida,83.1,CONS-109689,BOD-02,OP-04
2025-05-17,MP-0162,salida,12.8,CONS-109696,BOD-02,OP-04
2025-05-17,MP-0009,salida,-19.9,CONS-109703,BOD-03,OP-05
2025-05-17,MP-0076,salida,27.5,CONS-109710,BOD-03,OP-01
2025-05-17,MP-0077,salida,28.9,CONS-109717,BOD-03,OP-06
2025-05-17,MP-0273,salida,30.9,CONS-109724,BOD-03,OP-05
2025-05-17,MP-0026,salida,75.9,CONS-109731,BOD-01,OP-01
2025-05-17,MP-0071,salida,92.6,CONS-109745,BOD-03,OP-01
2025-05-17,MP-0388,salida,89.1,CONS-109752,BOD-03,OP-06
2025-05-17,MP-0227,salida,53.5,CONS-109759,BOD-02,OP-06
2025-05-17,MP-0088,salida,35.8,CONS-109766,BOD-01,OP-02
2025-05-17,MP-0143,salida,40.1,CONS-109773,BOD-01,OP-01
2025-05-17,MP-0181,salida,33.7,CONS-109780,BOD-01,OP-06
2025-05-17,MP-0385,salida,9.9,CONS-109787,BOD-01,OP-05
2025-05-17,MP-0321,salida,18.2,CONS-109794,BOD-01,OP-04
2025-05-17,MP-0343,salida,40.3,CONS-109801,BOD-02,OP-01
2025-05-17,MP-0036,salida,18.8,CONS-109808,BOD-03,OP-01
2025-05-17,MP-0080,salida,20.8,CONS-109815,BOD-02,OP-04
2025-05-17,MP-0139,salida,38.3,CONS-109822,BOD-01,OP-03
2025-05-17,MP-0356,salida,24.5,CONS-109829,BOD-01,OP-03
2025-05-17,MP-0339,salida,8.2,CONS-109836,BOD-01,OP-01
2025-05-17,MP-0078,salida,73.7,CONS-109843,BOD-02,OP-05
2025-05-17,MP-0211,salida,35.6,CONS-109857,BOD-02,OP-04
2025-05-17,MP-0390,salida,25.5,CONS-109871,BOD-03,OP-03
2025-05-17,MP-0268,salida,23.4,CONS-109878,BOD-03,OP-03
2025-05-17,MP-0039,salida,14.5,CONS-109885,BOD-01,OP-02
2025-05-17,MP-0032,salida,28.4,CONS-109892,BOD-01,OP-03
2025-05-17,MP-0129,salida,96.3,CONS-109899,BOD-01,OP-05
2025-05-17,MP-0136,salida,82.8,CONS-109906,BOD-02,OP-05
2025-05-17,MP-0217,salida,73.1,CONS-109913,BOD-02,OP-03
2025-05-17,MP-0344,salida,121.2,CONS-109920,BOD-03,OP-06
2025-05-18,MP-0228,entrada,11,REC-OC-6271,BOD-01,OP-06
2025-05-18,MP-0017,entrada,2014,REC-OC-5219,BOD-02,OP-03
2025-05-19,MP-0103,entrada,333,REC-OC-5941,BOD-02,OP-03
2025-05-19,MP-0090,entrada,351,REC-OC-5857,BOD-03,OP-05
2025-05-19,MP-0057,entrada,383,REC-OC-5683,BOD-02,OP-01
2025-05-20,MP-0010,entrada,1473,REC-OC-5126,BOD-03,OP-01
2025-05-21,MP-0108,entrada,318,REC-OC-5959,BOD-01,OP-06
2025-05-21,MP-0019,salida,64.6,CONS-109151,BOD-01,OP-02
2025-05-21,MP-0022,salida,108.1,CONS-109158,BOD-01,OP-03
2025-05-21,MP-0094,salida,49.6,CONS-109165,BOD-01,OP-04
2025-05-21,MP-0074,salida,51.5,CONS-109172,BOD-02,OP-05
2025-05-21,MP-0370,salida,16.6,CONS-109179,BOD-01,OP-06
2025-05-21,MP-0299,salida,64.4,CONS-109186,BOD-01,OP-05
2025-05-21,MP-0309,salida,58.4,CONS-109193,BOD-02,OP-05
2025-05-21,MP-0418,salida,54.2,CONS-109200,BOD-03,OP-01
2025-05-21,MP-0008,salida,90.9,CONS-109207,BOD-02,OP-03
2025-05-21,MP-0005,salida,61.5,CONS-109214,BOD-03,OP-01
2025-05-21,MP-0133,salida,88.0,CONS-109221,BOD-01,OP-05
2025-05-21,MP-0101,salida,77.3,CONS-109228,BOD-03,OP-05
2025-05-21,MP-0149,salida,118.9,CONS-109235,BOD-02,OP-06
2025-05-21,MP-0189,salida,62.6,CONS-109242,BOD-03,OP-02
2025-05-21,MP-0254,salida,91.0,CONS-109249,BOD-01,OP-01
2025-05-21,MP-0161,salida,34.0,CONS-109256,BOD-02,OP-02
2025-05-21,MP-0197,salida,82.4,CONS-109263,BOD-02,OP-01
2025-05-21,MP-0037,salida,73.4,CONS-109270,BOD-03,OP-03
2025-05-21,MP-0018,salida,12.2,CONS-109277,BOD-02,OP-06
2025-05-21,MP-0137,salida,61.5,CONS-109284,BOD-02,OP-04
2025-05-21,MP-0073,salida,88.7,CONS-109291,BOD-02,OP-03
2025-05-21,MP-0118,salida,79.7,CONS-109298,BOD-03,OP-02
2025-05-21,MP-0199,salida,75.4,CONS-109305,BOD-02,OP-06
2025-05-21,MP-0232,salida,67.5,CONS-109312,BOD-03,OP-01
2025-05-21,MP-0027,salida,-10.9,CONS-109319,BOD-02,OP-02
2025-05-21,MP-0116,salida,32.7,CONS-109326,BOD-01,OP-04
2025-05-21,MP-0108,salida,63.0,CONS-109333,BOD-03,OP-01
2025-05-21,MP-0293,salida,57.5,CONS-109340,BOD-03,OP-02
2025-05-21,MP-0239,salida,27.3,CONS-109347,BOD-01,OP-01
2025-05-21,MP-0016,salida,54.6,CONS-109354,BOD-01,OP-03
2025-05-21,MP-0030,salida,4.3,CONS-109361,BOD-02,OP-06
2025-05-21,MP-0120,salida,20.6,CONS-109368,BOD-03,OP-03
2025-05-21,MP-0043,salida,11.9,CONS-109375,BOD-03,OP-05
2025-05-21,MP-0182,salida,-33.0,CONS-109382,BOD-01,OP-05
2025-05-21,MP-0369,salida,24.0,CONS-109389,BOD-01,OP-06
2025-05-21,MP-0001,salida,26.7,CONS-109403,BOD-01,OP-06
2025-05-21,MP-0014,salida,21.7,CONS-109410,BOD-03,OP-06
2025-05-21,MP-0128,salida,88.7,CONS-109417,BOD-03,OP-05
2025-05-21,MP-0047,salida,11.5,CONS-109424,BOD-01,OP-03
2025-05-21,MP-0244,salida,12.9,CONS-109431,BOD-03,OP-01
2025-05-21,MP-0122,salida,40.8,CONS-109438,BOD-01,OP-05
2025-05-21,MP-0132,salida,67.6,CONS-109445,BOD-01,OP-01
2025-05-21,MP-0131,salida,25.0,CONS-109452,BOD-01,OP-02
2025-05-21,MP-0216,salida,52.3,CONS-109459,BOD-03,OP-02
2025-05-21,MP-0272,salida,6.6,CONS-109466,BOD-02,OP-03
2025-05-21,MP-0010,salida,47.5,CONS-109473,BOD-02,OP-02
2025-05-21,MP-0002,salida,27.0,CONS-109480,BOD-02,OP-02
2025-05-21,MP-0150,salida,37.7,CONS-109487,BOD-03,OP-01
2025-05-21,MP-0202,salida,57.9,CONS-109501,BOD-02,OP-05
2025-05-21,MP-0153,salida,26.6,CONS-109508,BOD-02,OP-01
2025-05-21,MP-0178,salida,12.6,CONS-109515,BOD-01,OP-06
2025-05-21,MP-0229,salida,59.3,CONS-109522,BOD-01,OP-03
2025-05-21,MP-0013,salida,43.3,CONS-109529,BOD-03,OP-05
2025-05-21,MP-0020,salida,85.5,CONS-109536,BOD-01,OP-01
2025-05-21,MP-0106,salida,28.5,CONS-109543,BOD-03,OP-01
2025-05-21,MP-0051,salida,110.4,CONS-109550,BOD-01,OP-04
2025-05-21,MP-0411,salida,43.0,CONS-109557,BOD-03,OP-03
2025-05-21,MP-0004,salida,51.4,CONS-109571,BOD-02,OP-05
2025-05-21,MP-0045,salida,28.8,CONS-109585,BOD-01,OP-03
2025-05-21,MP-0386,salida,63.7,CONS-109592,BOD-01,OP-03
2025-05-21,MP-0393,salida,20.4,CONS-109599,BOD-02,OP-06
2025-05-21,MP-0373,salida,100.2,CONS-109606,BOD-03,OP-05
2025-05-21,MP-0015,salida,60.8,CONS-109613,BOD-02,OP-02
2025-05-21,MP-0012,salida,92.1,CONS-109620,BOD-01,OP-04
2025-05-21,MP-0142,salida,92.6,CONS-109627,BOD-03,OP-03
2025-05-21,MP-0102,salida,112.9,CONS-109634,BOD-03,OP-03
2025-05-21,MP-0114,salida,26.9,CONS-109641,BOD-02,OP-06
2025-05-21,MP-0325,salida,72.5,CONS-109648,BOD-02,OP-04
2025-05-21,MP-0193,salida,65.3,CONS-109655,BOD-01,OP-02
2025-05-21,MP-0330,salida,30.2,CONS-109662,BOD-01,OP-04
2025-05-21,MP-0024,salida,106.4,CONS-109669,BOD-02,OP-01
2025-05-21,MP-0060,salida,67.5,CONS-109683,BOD-01,OP-03
2025-05-21,MP-0357,salida,83.1,CONS-109690,BOD-01,OP-06
2025-05-21,MP-0162,salida,12.8,CONS-109697,BOD-03,OP-02
2025-05-21,MP-0076,salida,27.5,CONS-109711,BOD-02,OP-01
2025-05-21,MP-0077,salida,28.9,CONS-109718,BOD-03,OP-01
2025-05-21,MP-0273,salida,30.9,CONS-109725,BOD-02,OP-03
2025-05-21,MP-0026,salida,75.9,CONS-109732,BOD-01,OP-04
2025-05-21,MP-0111,salida,116.7,CONS-109739,BOD-02,OP-01
2025-05-21,MP-0071,salida,92.6,CONS-109746,BOD-02,OP-06
2025-05-21,MP-0227,salida,53.5,CONS-109760,BOD-01,OP-01
2025-05-21,MP-0143,salida,40.1,CONS-109774,BOD-03,OP-03
2025-05-21,MP-0181,salida,33.7,CONS-109781,BOD-02,OP-01
2025-05-21,MP-0385,salida,9.9,CONS-109788,BOD-02,OP-04
2025-05-21,MP-0321,salida,18.2,CONS-109795,BOD-02,OP-05
2025-05-21,MP-0343,salida,40.3,CONS-109802,BOD-01,OP-05
2025-05-21,MP-0080,salida,20.8,CONS-109816,BOD-01,OP-03
2025-05-21,MP-0139,salida,38.3,CONS-109823,BOD-03,OP-05
2025-05-21,MP-0356,salida,24.5,CONS-109830,BOD-01,OP-03
2025-05-21,MP-0339,salida,8.2,CONS-109837,BOD-03,OP-05
2025-05-21,MP-0078,salida,73.7,CONS-109844,BOD-01,OP-01
2025-05-21,MP-0059,salida,45.4,CONS-109851,BOD-01,OP-04
2025-05-21,MP-0211,salida,35.6,CONS-109858,BOD-03,OP-06
2025-05-21,MP-0390,salida,-25.5,CONS-109872,BOD-01,OP-06
2025-05-21,MP-0268,salida,23.4,CONS-109879,BOD-01,OP-02
2025-05-21,MP-0039,salida,14.5,CONS-109886,BOD-03,OP-05
2025-05-21,MP-0032,salida,28.4,CONS-109893,BOD-03,OP-05
2025-05-21,MP-0217,salida,73.1,CONS-109914,BOD-01,OP-01
2025-05-21,MP-0344,salida,121.2,CONS-109921,BOD-02,OP-06
2025-05-22,MP-0274,entrada,30,REC-OC-6318,BOD-03,OP-03
2025-05-22,MP-0055,entrada,321,REC-OC-5673,BOD-01,OP-01
2025-05-23,MP-0033,entrada,2141,REC-OC-5479,BOD-03,OP-02
2025-05-24,MP-0048,entrada,329,REC-OC-5639,BOD-03,OP-06
2025-05-24,MP-0029,entrada,1338,REC-OC-5399,BOD-03,OP-01
2025-05-25,MP-0089,entrada,476,REC-OC-5854,BOD-02,OP-03
2025-05-25,MP-0134,entrada,266,REC-OC-6091,BOD-01,OP-01
2025-05-25,MP-0019,salida,64.6,CONS-109152,BOD-03,OP-01
2025-05-25,MP-0022,salida,108.1,CONS-109159,BOD-03,OP-06
2025-05-25,MP-0074,salida,51.5,CONS-109173,BOD-02,OP-05
2025-05-25,MP-0370,salida,16.6,CONS-109180,BOD-02,OP-01
2025-05-25,MP-0299,salida,64.4,CONS-109187,BOD-01,OP-03
2025-05-25,MP-0309,salida,-58.4,CONS-109194,BOD-02,OP-03
2025-05-25,MP-0418,salida,54.2,CONS-109201,BOD-02,OP-04
2025-05-25,MP-0008,salida,90.9,CONS-109208,BOD-03,OP-06
2025-05-25,MP-0005,salida,61.5,CONS-109215,BOD-01,OP-03
2025-05-25,MP-0133,salida,88.0,CONS-109222,BOD-03,OP-05
2025-05-25,MP-0101,salida,77.3,CONS-109229,BOD-03,OP-04
2025-05-25,MP-0149,salida,118.9,CONS-109236,BOD-03,OP-04
2025-05-25,MP-0189,salida,62.6,CONS-109243,BOD-01,OP-06
2025-05-25,MP-0161,salida,34.0,CONS-109257,BOD-01,OP-05
2025-05-25,MP-0197,salida,82.4,CONS-109264,BOD-01,OP-03
2025-05-25,MP-0037,salida,73.4,CONS-109271,BOD-02,OP-06
2025-05-25,MP-0018,salida,12.2,CONS-109278,BOD-01,OP-03
2025-05-25,MP-0137,salida,61.5,CONS-109285,BOD-03,OP-02
2025-05-25,MP-0073,salida,88.7,CONS-109292,BOD-02,OP-03
2025-05-25,MP-0118,salida,79.7,CONS-109299,BOD-03,OP-01
2025-05-25,MP-0199,salida,75.4,CONS-109306,BOD-02,OP-04
2025-05-25,MP-0232,salida,67.5,CONS-109313,BOD-02,OP-03
2025-05-25,MP-0027,salida,10.9,CONS-109320,BOD-01,OP-04
2025-05-25,MP-0116,salida,32.7,CONS-109327,BOD-02,OP-03
2025-05-25,MP-0108,salida,63.0,CONS-109334,BOD-03,OP-06
2025-05-25,MP-0293,salida,57.5,CONS-109341,BOD-01,OP-05
2025-05-25,MP-0239,salida,27.3,CONS-109348,BOD-03,OP-04
2025-05-25,MP-0030,salida,4.3,CONS-109362,BOD-03,OP-05
2025-05-25,MP-0120,salida,20.6,CONS-109369,BOD-02,OP-02
2025-05-25,MP-0043,salida,11.9,CONS-109376,BOD-02,OP-06
2025-05-25,MP-0182,salida,33.0,CONS-109383,BOD-02,OP-04
2025-05-25,MP-0369,salida,-24.0,CONS-109390,BOD-03,OP-06
2025-05-25,MP-0157,salida,129.9,CONS-109397,BOD-03,OP-03
2025-05-25,MP-0001,salida,26.7,CONS-109404,BOD-01,OP-06
2025-05-25,MP-0014,salida,21.7,CONS-109411,BOD-03,OP-03
2025-05-25,MP-0128,salida,88.7,CONS-109418,BOD-02,OP-01
2025-05-25,MP-0047,salida,11.5,CONS-109425,BOD-02,OP-03
2025-05-25,MP-0244,salida,12.9,CONS-109432,BOD-02,OP-06
2025-05-25,MP-0122,salida,40.8,CONS-109439,BOD-02,OP-06
2025-05-25,MP-0132,salida,67.6,CONS-109446,BOD-01,OP-02
2025-05-25,MP-0131,salida,25.0,CONS-109453,BOD-03,OP-04
2025-05-25,MP-0216,salida,52.3,CONS-109460,BOD-03,OP-05
2025-05-25,MP-0272,salida,6.6,CONS-109467,BOD-01,OP-02
2025-05-25,MP-0010,salida,47.5,CONS-109474,BOD-01,OP-01
2025-05-25,MP-0002,salida,-27.0,CONS-109481,BOD-03,OP-05
2025-05-25,MP-0150,salida,37.7,CONS-109488,BOD-02,OP-04
2025-05-25,MP-0085,salida,39.9,CONS-109495,BOD-03,OP-06
2025-05-25,MP-0202,salida,57.9,CONS-109502,BOD-03,OP-01
2025-05-25,MP-0153,salida,26.6,CONS-109509,BOD-01,OP-01
2025-05-25,MP-0178,salida,12.6,CONS-109516,BOD-02,OP-05
2025-05-25,MP-0229,salida,59.3,CONS-109523,BOD-02,OP-03
2025-05-25,MP-0013,salida,43.3,CONS-109530,BOD-02,OP-02
2025-05-25,MP-0020,salida,85.5,CONS-109537,BOD-03,OP-03
2025-05-25,MP-0106,salida,28.5,CONS-109544,BOD-01,OP-03
2025-05-25,MP-0051,salida,110.4,CONS-109551,BOD-03,OP-02
2025-05-25,MP-0411,salida,43.0,CONS-109558,BOD-02,OP-04
2025-05-25,MP-0238,salida,40.4,CONS-109565,BOD-01,OP-02
2025-05-25,MP-0004,salida,51.4,CONS-109572,BOD-03,OP-04
2025-05-25,MP-0033,salida,45.4,CONS-109579,BOD-03,OP-06
2025-05-25,MP-0045,salida,28.8,CONS-109586,BOD-03,OP-06
2025-05-25,MP-0386,salida,63.7,CONS-109593,BOD-01,OP-03
2025-05-25,MP-0393,salida,20.4,CONS-109600,BOD-03,OP-04
2025-05-25,MP-0373,salida,100.2,CONS-109607,BOD-01,OP-01
2025-05-25,MP-0015,salida,60.8,CONS-109614,BOD-01,OP-06
2025-05-25,MP-0012,salida,92.1,CONS-109621,BOD-02,OP-04
2025-05-25,MP-0142,salida,92.6,CONS-109628,BOD-03,OP-04
2025-05-25,MP-0102,salida,112.9,CONS-109635,BOD-01,OP-05
2025-05-25,MP-0114,salida,26.9,CONS-109642,BOD-01,OP-01
2025-05-25,MP-0325,salida,72.5,CONS-109649,BOD-02,OP-03
2025-05-25,MP-0330,salida,30.2,CONS-109663,BOD-03,OP-06
2025-05-25,MP-0024,salida,106.4,CONS-109670,BOD-02,OP-06
2025-05-25,MP-0117,salida,75.5,CONS-109677,BOD-03,OP-02
2025-05-25,MP-0357,salida,83.1,CONS-109691,BOD-02,OP-04
2025-05-25,MP-0162,salida,12.8,CONS-109698,BOD-01,OP-04
2025-05-25,MP-0009,salida,19.9,CONS-109705,BOD-02,OP-02
2025-05-25,MP-0076,salida,27.5,CONS-109712,BOD-01,OP-06
2025-05-25,MP-0077,salida,28.9,CONS-109719,BOD-02,OP-04
2025-05-25,MP-0273,salida,30.9,CONS-109726,BOD-03,OP-05
2025-05-25,MP-0026,salida,75.9,CONS-109733,BOD-01,OP-04
2025-05-25,MP-0111,salida,-116.7,CONS-109740,BOD-02,OP-06
2025-05-25,MP-0071,salida,92.6,CONS-109747,BOD-03,OP-04
2025-05-25,MP-0388,salida,89.1,CONS-109754,BOD-01,OP-02
2025-05-25,MP-0227,salida,53.5,CONS-109761,BOD-02,OP-02
2025-05-25,MP-0088,salida,35.8,CONS-109768,BOD-01,OP-05
2025-05-25,MP-0143,salida,40.1,CONS-109775,BOD-01,OP-04
2025-05-25,MP-0181,salida,33.7,CONS-109782,BOD-02,OP-02
2025-05-25,MP-0321,salida,18.2,CONS-109796,BOD-01,OP-04
2025-05-25,MP-0343,salida,40.3,CONS-109803,BOD-02,OP-04
2025-05-25,MP-0036,salida,18.8,CONS-109810,BOD-02,OP-04
2025-05-25,MP-0080,salida,20.8,CONS-109817,BOD-02,OP-04
2025-05-25,MP-0139,salida,38.3,CONS-109824,BOD-02,OP-02
2025-05-25,MP-0356,salida,24.5,CONS-109831,BOD-03,OP-06
2025-05-25,MP-0339,salida,8.2,CONS-109838,BOD-02,OP-03
2025-05-25,MP-0078,salida,73.7,CONS-109845,BOD-02,OP-06
2025-05-25,MP-0059,salida,45.4,CONS-109852,BOD-03,OP-03
2025-05-25,MP-0211,salida,35.6,CONS-109859,BOD-02,OP-03
2025-05-25,MP-0340,salida,35.6,CONS-109866,BOD-02,OP-04
2025-05-25,MP-0390,salida,25.5,CONS-109873,BOD-03,OP-01
2025-05-25,MP-0039,salida,14.5,CONS-109887,BOD-03,OP-01
2025-05-25,MP-0129,salida,96.3,CONS-109901,BOD-01,OP-02
2025-05-25,MP-0136,salida,82.8,CONS-109908,BOD-01,OP-03
2025-05-25,MP-0217,salida,-73.1,CONS-109915,BOD-02,OP-03
2025-05-25,MP-0344,salida,121.2,CONS-109922,BOD-02,OP-05
2025-05-26,MP-0103,entrada,490,REC-OC-5939,BOD-02,OP-02
2025-05-26,MP-0030,entrada,1539,REC-OC-5416,BOD-02,OP-05
2025-05-26,MP-0014,entrada,1134,REC-OC-5190,BOD-02,OP-01
2025-05-27,MP-0013,entrada,1014,REC-OC-5168,BOD-01,OP-04
2025-05-27,MP-0143,entrada,128,REC-OC-6146,BOD-03,OP-05
2025-05-27,MP-0199,entrada,50,REC-OC-6241,BOD-02,OP-02
2025-05-27,MP-0073,entrada,260,REC-OC-5764,BOD-01,OP-04
2025-05-28,MP-0001,entrada,380,REC-OC-5003,BOD-01,OP-03
2025-05-28,MP-0114,entrada,218,REC-OC-5983,BOD-03,OP-03
2025-05-28,MP-0011,entrada,1836,REC-OC-5144,BOD-03,OP-05
2025-05-29,MP-0032,entrada,1754,REC-OC-5467,BOD-01,OP-03
2025-05-31,MP-0248,ajuste,-33,AJU-120037,BOD-03,AUDIT
2025-06-01,MP-0019,salida,98.9,CONS-109923,BOD-03,OP-02
2025-06-01,MP-0022,salida,181.7,CONS-109930,BOD-02,OP-03
2025-06-01,MP-0094,salida,83.6,CONS-109937,BOD-03,OP-01
2025-06-01,MP-0074,salida,86.9,CONS-109944,BOD-03,OP-04
2025-06-01,MP-0370,salida,28.1,CONS-109951,BOD-01,OP-04
2025-06-01,MP-0299,salida,108.6,CONS-109958,BOD-01,OP-05
2025-06-01,MP-0309,salida,98.6,CONS-109965,BOD-03,OP-01
2025-06-01,MP-0418,salida,91.5,CONS-109972,BOD-03,OP-04
2025-06-01,MP-0008,salida,77.6,CONS-109979,BOD-02,OP-01
2025-06-01,MP-0005,salida,72.1,CONS-109986,BOD-01,OP-02
2025-06-01,MP-0133,salida,106.2,CONS-109993,BOD-03,OP-05
2025-06-01,MP-0101,salida,93.3,CONS-110000,BOD-02,OP-06
2025-06-01,MP-0149,salida,176.4,CONS-110007,BOD-01,OP-03
2025-06-01,MP-0189,salida,75.5,CONS-110014,BOD-03,OP-03
2025-06-01,MP-0197,salida,99.4,CONS-110035,BOD-01,OP-01
2025-06-01,MP-0037,salida,48.6,CONS-110042,BOD-01,OP-04
2025-06-01,MP-0018,salida,8.1,CONS-110049,BOD-01,OP-02
2025-06-01,MP-0137,salida,40.8,CONS-110056,BOD-01,OP-01
2025-06-01,MP-0073,salida,58.8,CONS-110063,BOD-02,OP-02
2025-06-01,MP-0118,salida,52.8,CONS-110070,BOD-01,OP-05
2025-06-01,MP-0199,salida,50.0,CONS-110077,BOD-02,OP-01
2025-06-01,MP-0232,salida,44.7,CONS-110084,BOD-02,OP-04
2025-06-01,MP-0027,salida,18.4,CONS-110091,BOD-02,OP-03
2025-06-01,MP-0116,salida,55.4,CONS-110098,BOD-02,OP-01
2025-06-01,MP-0108,salida,108.0,CONS-110105,BOD-02,OP-01
2025-06-01,MP-0293,salida,97.3,CONS-110112,BOD-02,OP-05
2025-06-01,MP-0239,salida,46.2,CONS-110119,BOD-01,OP-02
2025-06-01,MP-0016,salida,103.8,CONS-110126,BOD-01,OP-03
2025-06-01,MP-0030,salida,-18.1,CONS-110133,BOD-03,OP-01
2025-06-01,MP-0120,salida,86.4,CONS-110140,BOD-03,OP-05
2025-06-01,MP-0043,salida,50.0,CONS-110147,BOD-01,OP-05
2025-06-01,MP-0182,salida,108.2,CONS-110154,BOD-03,OP-01
2025-06-01,MP-0369,salida,100.6,CONS-110161,BOD-03,OP-03
2025-06-01,MP-0157,salida,154.8,CONS-110168,BOD-02,OP-05
2025-06-01,MP-0001,salida,64.0,CONS-110175,BOD-02,OP-01
2025-06-01,MP-0014,salida,52.0,CONS-110182,BOD-03,OP-06
2025-06-01,MP-0128,salida,125.6,CONS-110189,BOD-03,OP-02
2025-06-01,MP-0047,salida,27.5,CONS-110196,BOD-01,OP-01
2025-06-01,MP-0244,salida,31.0,CONS-110203,BOD-02,OP-04
2025-06-01,MP-0122,salida,15.4,CONS-110210,BOD-01,OP-04
2025-06-01,MP-0132,salida,25.5,CONS-110217,BOD-03,OP-03
2025-06-01,MP-0131,salida,-9.4,CONS-110224,BOD-01,OP-03
2025-06-01,MP-0216,salida,19.7,CONS-110231,BOD-01,OP-01
2025-06-01,MP-0272,salida,2.5,CONS-110238,BOD-03,OP-03
2025-06-01,MP-0010,salida,48.4,CONS-110245,BOD-01,OP-05
2025-06-01,MP-0002,salida,27.5,CONS-110252,BOD-01,OP-03
2025-06-01,MP-0085,salida,41.9,CONS-110266,BOD-02,OP-01
2025-06-01,MP-0202,salida,59.0,CONS-110273,BOD-02,OP-05
2025-06-01,MP-0153,salida,27.1,CONS-110280,BOD-03,OP-03
2025-06-01,MP-0178,salida,12.8,CONS-110287,BOD-03,OP-03
2025-06-01,MP-0229,salida,60.4,CONS-110294,BOD-03,OP-04
2025-06-01,MP-0013,salida,51.1,CONS-110301,BOD-01,OP-02
2025-06-01,MP-0020,salida,92.1,CONS-110308,BOD-03,OP-06
2025-06-01,MP-0106,salida,33.6,CONS-110315,BOD-03,OP-01
2025-06-01,MP-0051,salida,131.7,CONS-110322,BOD-03,OP-01
2025-06-01,MP-0411,salida,50.7,CONS-110329,BOD-02,OP-02
2025-06-01,MP-0238,salida,47.7,CONS-110336,BOD-02,OP-06
2025-06-01,MP-0004,salida,61.8,CONS-110343,BOD-01,OP-04
2025-06-01,MP-0033,salida,54.6,CONS-110350,BOD-01,OP-03
2025-06-01,MP-0045,salida,34.6,CONS-110357,BOD-03,OP-02
2025-06-01,MP-0386,salida,76.5,CONS-110364,BOD-02,OP-04
2025-06-01,MP-0393,salida,24.6,CONS-110371,BOD-01,OP-06
2025-06-01,MP-0373,salida,125.5,CONS-110378,BOD-01,OP-01
2025-06-01,MP-0015,salida,53.1,CONS-110385,BOD-03,OP-01
2025-06-01,MP-0012,salida,80.5,CONS-110392,BOD-03,OP-02
2025-06-01,MP-0142,salida,80.9,CONS-110399,BOD-02,OP-01
2025-06-01,MP-0102,salida,98.6,CONS-110406,BOD-01,OP-06
2025-06-01,MP-0114,salida,23.5,CONS-110413,BOD-03,OP-06
2025-06-01,MP-0325,salida,63.4,CONS-110420,BOD-02,OP-01
2025-06-01,MP-0193,salida,57.1,CONS-110427,BOD-01,OP-04
2025-06-01,MP-0330,salida,26.4,CONS-110434,BOD-02,OP-04
2025-06-01,MP-0024,salida,114.7,CONS-110441,BOD-03,OP-01
2025-06-01,MP-0117,salida,78.2,CONS-110448,BOD-01,OP-04
2025-06-01,MP-0060,salida,69.9,CONS-110455,BOD-02,OP-06
2025-06-01,MP-0357,salida,86.0,CONS-110462,BOD-01,OP-04
2025-06-01,MP-0009,salida,29.4,CONS-110476,BOD-03,OP-02
2025-06-01,MP-0076,salida,40.7,CONS-110483,BOD-02,OP-01
2025-06-01,MP-0077,salida,42.9,CONS-110490,BOD-02,OP-05
2025-06-01,MP-0026,salida,41.1,CONS-110504,BOD-01,OP-02
2025-06-01,MP-0111,salida,63.2,CONS-110511,BOD-03,OP-04
2025-06-01,MP-0071,salida,50.1,CONS-110518,BOD-02,OP-02
2025-06-01,MP-0388,salida,48.3,CONS-110525,BOD-03,OP-04
2025-06-01,MP-0227,salida,29.0,CONS-110532,BOD-03,OP-05
2025-06-01,MP-0088,salida,38.6,CONS-110539,BOD-01,OP-02
2025-06-01,MP-0143,salida,43.1,CONS-110546,BOD-01,OP-05
2025-06-01,MP-0385,salida,10.6,CONS-110560,BOD-02,OP-06
2025-06-01,MP-0321,salida,19.6,CONS-110567,BOD-02,OP-04
2025-06-01,MP-0343,salida,43.4,CONS-110574,BOD-03,OP-02
2025-06-01,MP-0036,salida,17.0,CONS-110581,BOD-03,OP-06
2025-06-01,MP-0080,salida,18.8,CONS-110588,BOD-03,OP-02
2025-06-01,MP-0139,salida,34.7,CONS-110595,BOD-01,OP-03
2025-06-01,MP-0356,salida,22.2,CONS-110602,BOD-02,OP-03
2025-06-01,MP-0339,salida,7.4,CONS-110609,BOD-02,OP-02
2025-06-01,MP-0078,salida,122.9,CONS-110616,BOD-02,OP-02
2025-06-01,MP-0059,salida,75.7,CONS-110623,BOD-03,OP-03
2025-06-01,MP-0211,salida,59.3,CONS-110630,BOD-02,OP-01
2025-06-01,MP-0340,salida,59.3,CONS-110637,BOD-03,OP-03
2025-06-01,MP-0390,salida,42.5,CONS-110644,BOD-01,OP-04
2025-06-01,MP-0039,salida,5.0,CONS-110658,BOD-02,OP-03
2025-06-01,MP-0032,salida,9.8,CONS-110665,BOD-02,OP-04
2025-06-01,MP-0129,salida,33.3,CONS-110672,BOD-02,OP-02
2025-06-01,MP-0136,salida,28.6,CONS-110679,BOD-01,OP-04
2025-06-01,MP-0217,salida,25.3,CONS-110686,BOD-03,OP-04
2025-06-02,MP-0178,entrada,13,REC-OC-6220,BOD-02,OP-03
2025-06-02,MP-0307,entrada,29,REC-OC-6352,BOD-01,OP-01
2025-06-03,MP-0082,entrada,158,REC-OC-5802,BOD-03,OP-01
2025-06-03,MP-0052,entrada,88,REC-OC-5661,BOD-02,OP-06
2025-06-03,MP-0269,entrada,34,REC-OC-6313,BOD-01,OP-06
2025-06-03,MP-0294,entrada,3,REC-OC-6339,BOD-01,OP-02
2025-06-03,MP-0017,entrada,1790,REC-OC-5236,BOD-02,OP-03
2025-06-04,MP-0120,entrada,369,REC-OC-6012,BOD-01,OP-01
2025-06-05,MP-0092,entrada,294,REC-OC-5864,BOD-02,OP-05
2025-06-05,MP-0145,entrada,249,REC-OC-6151,BOD-01,OP-01
2025-06-05,MP-0019,salida,98.9,CONS-109924,BOD-01,OP-01
2025-06-05,MP-0022,salida,181.7,CONS-109931,BOD-02,OP-03
2025-06-05,MP-0094,salida,-83.6,CONS-109938,BOD-03,OP-04
2025-06-05,MP-0074,salida,86.9,CONS-109945,BOD-02,OP-01
2025-06-05,MP-0370,salida,28.1,CONS-109952,BOD-01,OP-01
2025-06-05,MP-0299,salida,108.6,CONS-109959,BOD-02,OP-01
2025-06-05,MP-0309,salida,98.6,CONS-109966,BOD-01,OP-06
2025-06-05,MP-0418,salida,91.5,CONS-109973,BOD-02,OP-05
2025-06-05,MP-0008,salida,77.6,CONS-109980,BOD-03,OP-03
2025-06-05,MP-0005,salida,72.1,CONS-109987,BOD-03,OP-03
2025-06-05,MP-0133,salida,106.2,CONS-109994,BOD-01,OP-06
2025-06-05,MP-0101,salida,93.3,CONS-110001,BOD-01,OP-03
2025-06-05,MP-0149,salida,176.4,CONS-110008,BOD-03,OP-01
2025-06-05,MP-0189,salida,75.5,CONS-110015,BOD-03,OP-03
2025-06-05,MP-0254,salida,109.9,CONS-110022,BOD-03,OP-04
2025-06-05,MP-0197,salida,99.4,CONS-110036,BOD-01,OP-05
2025-06-05,MP-0037,salida,48.6,CONS-110043,BOD-03,OP-03
2025-06-05,MP-0018,salida,8.1,CONS-110050,BOD-01,OP-06
2025-06-05,MP-0137,salida,40.8,CONS-110057,BOD-01,OP-05
2025-06-05,MP-0073,salida,58.8,CONS-110064,BOD-03,OP-03
2025-06-05,MP-0118,salida,52.8,CONS-110071,BOD-03,OP-01
2025-06-05,MP-0199,salida,-50.0,CONS-110078,BOD-02,OP-01
2025-06-05,MP-0232,salida,44.7,CONS-110085,BOD-02,OP-01
2025-06-05,MP-0027,salida,18.4,CONS-110092,BOD-02,OP-01
2025-06-05,MP-0116,salida,55.4,CONS-110099,BOD-02,OP-03
2025-06-05,MP-0108,salida,108.0,CONS-110106,BOD-01,OP-03
2025-06-05,MP-0293,salida,97.3,CONS-110113,BOD-01,OP-05
2025-06-05,MP-0239,salida,46.2,CONS-110120,BOD-02,OP-03
2025-06-05,MP-0016,salida,103.8,CONS-110127,BOD-02,OP-06
2025-06-05,MP-0030,salida,18.1,CONS-110134,BOD-03,OP-01
2025-06-05,MP-0120,salida,86.4,CONS-110141,BOD-03,OP-04
2025-06-05,MP-0182,salida,108.2,CONS-110155,BOD-01,OP-05
2025-06-05,MP-0369,salida,100.6,CONS-110162,BOD-02,OP-03
2025-06-05,MP-0157,salida,154.8,CONS-110169,BOD-02,OP-01
2025-06-05,MP-0001,salida,64.0,CONS-110176,BOD-02,OP-05
2025-06-05,MP-0014,salida,52.0,CONS-110183,BOD-01,OP-03
2025-06-05,MP-0128,salida,125.6,CONS-110190,BOD-02,OP-01
2025-06-05,MP-0047,salida,27.5,CONS-110197,BOD-01,OP-06
2025-06-05,MP-0244,salida,31.0,CONS-110204,BOD-02,OP-01
2025-06-05,MP-0122,salida,15.4,CONS-110211,BOD-02,OP-06
2025-06-05,MP-0132,salida,25.5,CONS-110218,BOD-01,OP-04
2025-06-05,MP-0131,salida,9.4,CONS-110225,BOD-01,OP-05
2025-06-05,MP-0216,salida,19.7,CONS-110232,BOD-01,OP-05
2025-06-05,MP-0272,salida,2.5,CONS-110239,BOD-02,OP-01
2025-06-05,MP-0010,salida,48.4,CONS-110246,BOD-03,OP-03
2025-06-05,MP-0002,salida,27.5,CONS-110253,BOD-03,OP-02
2025-06-05,MP-0150,salida,38.5,CONS-110260,BOD-02,OP-05
2025-06-05,MP-0202,salida,59.0,CONS-110274,BOD-02,OP-05
2025-06-05,MP-0153,salida,27.1,CONS-110281,BOD-03,OP-03
2025-06-05,MP-0178,salida,12.8,CONS-110288,BOD-03,OP-04
2025-06-05,MP-0229,salida,60.4,CONS-110295,BOD-03,OP-02
2025-06-05,MP-0020,salida,92.1,CONS-110309,BOD-03,OP-01
2025-06-05,MP-0106,salida,33.6,CONS-110316,BOD-01,OP-04
2025-06-05,MP-0051,salida,131.7,CONS-110323,BOD-03,OP-03
2025-06-05,MP-0411,salida,50.7,CONS-110330,BOD-01,OP-04
2025-06-05,MP-0004,salida,-61.8,CONS-110344,BOD-01,OP-02
2025-06-05,MP-0033,salida,54.6,CONS-110351,BOD-03,OP-04
2025-06-05,MP-0045,salida,34.6,CONS-110358,BOD-03,OP-03
2025-06-05,MP-0386,salida,-76.5,CONS-110365,BOD-03,OP-06
2025-06-05,MP-0393,salida,24.6,CONS-110372,BOD-02,OP-06
2025-06-05,MP-0373,salida,125.5,CONS-110379,BOD-03,OP-02
2025-06-05,MP-0012,salida,-80.5,CONS-110393,BOD-01,OP-01
2025-06-05,MP-0142,salida,80.9,CONS-110400,BOD-02,OP-01
2025-06-05,MP-0102,salida,98.6,CONS-110407,BOD-02,OP-06
2025-06-05,MP-0325,salida,63.4,CONS-110421,BOD-02,OP-03
2025-06-05,MP-0193,salida,57.1,CONS-110428,BOD-01,OP-02
2025-06-05,MP-0330,salida,26.4,CONS-110435,BOD-02,OP-04
2025-06-05,MP-0024,salida,114.7,CONS-110442,BOD-03,OP-04
2025-06-05,MP-0117,salida,78.2,CONS-110449,BOD-02,OP-03
2025-06-05,MP-0060,salida,-69.9,CONS-110456,BOD-02,OP-05
2025-06-05,MP-0357,salida,86.0,CONS-110463,BOD-03,OP-05
2025-06-05,MP-0162,salida,13.2,CONS-110470,BOD-01,OP-05
2025-06-05,MP-0009,salida,29.4,CONS-110477,BOD-01,OP-01
2025-06-05,MP-0076,salida,40.7,CONS-110484,BOD-01,OP-04
2025-06-05,MP-0077,salida,-42.9,CONS-110491,BOD-03,OP-01
2025-06-05,MP-0273,salida,45.7,CONS-110498,BOD-03,OP-03
2025-06-05,MP-0026,salida,41.1,CONS-110505,BOD-03,OP-05
2025-06-05,MP-0111,salida,63.2,CONS-110512,BOD-01,OP-02
2025-06-05,MP-0071,salida,50.1,CONS-110519,BOD-01,OP-03
2025-06-05,MP-0388,salida,48.3,CONS-110526,BOD-03,OP-06
2025-06-05,MP-0227,salida,29.0,CONS-110533,BOD-03,OP-02
2025-06-05,MP-0088,salida,38.6,CONS-110540,BOD-01,OP-01
2025-06-05,MP-0143,salida,43.1,CONS-110547,BOD-03,OP-05
2025-06-05,MP-0181,salida,36.2,CONS-110554,BOD-02,OP-02
2025-06-05,MP-0385,salida,10.6,CONS-110561,BOD-03,OP-04
2025-06-05,MP-0321,salida,19.6,CONS-110568,BOD-02,OP-03
2025-06-05,MP-0343,salida,43.4,CONS-110575,BOD-01,OP-02
2025-06-05,MP-0036,salida,17.0,CONS-110582,BOD-03,OP-05
2025-06-05,MP-0080,salida,18.8,CONS-110589,BOD-01,OP-01
2025-06-05,MP-0139,salida,34.7,CONS-110596,BOD-03,OP-04
2025-06-05,MP-0339,salida,7.4,CONS-110610,BOD-03,OP-04
2025-06-05,MP-0078,salida,122.9,CONS-110617,BOD-02,OP-03
2025-06-05,MP-0059,salida,75.7,CONS-110624,BOD-01,OP-02
2025-06-05,MP-0211,salida,59.3,CONS-110631,BOD-03,OP-02
2025-06-05,MP-0340,salida,59.3,CONS-110638,BOD-03,OP-04
2025-06-05,MP-0268,salida,38.9,CONS-110652,BOD-01,OP-06
2025-06-05,MP-0039,salida,5.0,CONS-110659,BOD-01,OP-06
2025-06-05,MP-0032,salida,9.8,CONS-110666,BOD-01,OP-04
2025-06-05,MP-0129,salida,33.3,CONS-110673,BOD-03,OP-05
2025-06-05,MP-0217,salida,25.3,CONS-110687,BOD-02,OP-01
2025-06-05,MP-0344,salida,41.9,CONS-110694,BOD-03,OP-01
2025-06-06,MP-0017,entrada,2256,REC-OC-5234,BOD-02,OP-06
2025-06-07,MP-0018,entrada,1661,REC-OC-5255,BOD-01,OP-03
2025-06-07,MP-0010,entrada,1646,REC-OC-5129,BOD-02,OP-05
2025-06-08,MP-0012,entrada,967,REC-OC-5155,BOD-03,OP-01
2025-06-09,MP-0100,entrada,317,REC-OC-5917,BOD-01,OP-01
2025-06-09,MP-0018,entrada,1090,REC-OC-5245,BOD-02,OP-04
2025-06-09,MP-0019,salida,98.9,CONS-109925,BOD-01,OP-06
2025-06-09,MP-0022,salida,181.7,CONS-109932,BOD-02,OP-03
2025-06-09,MP-0094,salida,83.6,CONS-109939,BOD-02,OP-03
2025-06-09,MP-0074,salida,86.9,CONS-109946,BOD-01,OP-02
2025-06-09,MP-0370,salida,28.1,CONS-109953,BOD-02,OP-06
2025-06-09,MP-0299,salida,108.6,CONS-109960,BOD-01,OP-04
2025-06-09,MP-0309,salida,98.6,CONS-109967,BOD-01,OP-05
2025-06-09,MP-0418,salida,91.5,CONS-109974,BOD-02,OP-03
2025-06-09,MP-0008,salida,77.6,CONS-109981,BOD-01,OP-03
2025-06-09,MP-0005,salida,72.1,CONS-109988,BOD-02,OP-04
2025-06-09,MP-0133,salida,106.2,CONS-109995,BOD-01,OP-05
2025-06-09,MP-0101,salida,93.3,CONS-110002,BOD-03,OP-03
2025-06-09,MP-0149,salida,176.4,CONS-110009,BOD-02,OP-01
2025-06-09,MP-0189,salida,-75.5,CONS-110016,BOD-02,OP-04
2025-06-09,MP-0161,salida,41.0,CONS-110030,BOD-02,OP-03
2025-06-09,MP-0197,salida,99.4,CONS-110037,BOD-02,OP-02
2025-06-09,MP-0037,salida,48.6,CONS-110044,BOD-01,OP-03
2025-06-09,MP-0018,salida,8.1,CONS-110051,BOD-02,OP-03
2025-06-09,MP-0137,salida,40.8,CONS-110058,BOD-02,OP-04
2025-06-09,MP-0073,salida,58.8,CONS-110065,BOD-02,OP-01
2025-06-09,MP-0118,salida,52.8,CONS-110072,BOD-03,OP-05
2025-06-09,MP-0199,salida,50.0,CONS-110079,BOD-03,OP-05
2025-06-09,MP-0232,salida,44.7,CONS-110086,BOD-01,OP-05
2025-06-09,MP-0027,salida,18.4,CONS-110093,BOD-02,OP-01
2025-06-09,MP-0116,salida,55.4,CONS-110100,BOD-01,OP-05
2025-06-09,MP-0108,salida,108.0,CONS-110107,BOD-03,OP-03
2025-06-09,MP-0293,salida,97.3,CONS-110114,BOD-02,OP-06
2025-06-09,MP-0239,salida,46.2,CONS-110121,BOD-03,OP-05
2025-06-09,MP-0016,salida,103.8,CONS-110128,BOD-01,OP-02
2025-06-09,MP-0030,salida,18.1,CONS-110135,BOD-03,OP-01
2025-06-09,MP-0120,salida,-86.4,CONS-110142,BOD-03,OP-04
2025-06-09,MP-0043,salida,50.0,CONS-110149,BOD-01,OP-01
2025-06-09,MP-0182,salida,108.2,CONS-110156,BOD-01,OP-03
2025-06-09,MP-0369,salida,100.6,CONS-110163,BOD-02,OP-02
2025-06-09,MP-0157,salida,154.8,CONS-110170,BOD-03,OP-02
2025-06-09,MP-0001,salida,64.0,CONS-110177,BOD-02,OP-02
2025-06-09,MP-0014,salida,52.0,CONS-110184,BOD-01,OP-06
2025-06-09,MP-0128,salida,125.6,CONS-110191,BOD-01,OP-05
2025-06-09,MP-0244,salida,31.0,CONS-110205,BOD-03,OP-01
2025-06-09,MP-0122,salida,15.4,CONS-110212,BOD-02,OP-06
2025-06-09,MP-0132,salida,25.5,CONS-110219,BOD-02,OP-03
2025-06-09,MP-0131,salida,9.4,CONS-110226,BOD-02,OP-04
2025-06-09,MP-0216,salida,19.7,CONS-110233,BOD-01,OP-01
2025-06-09,MP-0272,salida,2.5,CONS-110240,BOD-02,OP-05
2025-06-09,MP-0010,salida,48.4,CONS-110247,BOD-01,OP-06
2025-06-09,MP-0002,salida,27.5,CONS-110254,BOD-03,OP-04
2025-06-09,MP-0150,salida,38.5,CONS-110261,BOD-02,OP-04
2025-06-09,MP-0085,salida,41.9,CONS-110268,BOD-03,OP-02
2025-06-09,MP-0202,salida,59.0,CONS-110275,BOD-03,OP-03
2025-06-09,MP-0153,salida,27.1,CONS-110282,BOD-02,OP-02
2025-06-09,MP-0178,salida,12.8,CONS-110289,BOD-03,OP-06
2025-06-09,MP-0229,salida,60.4,CONS-110296,BOD-01,OP-04
2025-06-09,MP-0020,salida,92.1,CONS-110310,BOD-01,OP-06
2025-06-09,MP-0106,salida,33.6,CONS-110317,BOD-02,OP-01
2025-06-09,MP-0051,salida,131.7,CONS-110324,BOD-01,OP-01
2025-06-09,MP-0238,salida,47.7,CONS-110338,BOD-02,OP-01
2025-06-09,MP-0004,salida,61.8,CONS-110345,BOD-01,OP-04
2025-06-09,MP-0033,salida,54.6,CONS-110352,BOD-03,OP-01
2025-06-09,MP-0045,salida,34.6,CONS-110359,BOD-02,OP-06
2025-06-09,MP-0393,salida,24.6,CONS-110373,BOD-03,OP-01
2025-06-09,MP-0373,salida,125.5,CONS-110380,BOD-01,OP-01
2025-06-09,MP-0015,salida,53.1,CONS-110387,BOD-02,OP-03
2025-06-09,MP-0012,salida,80.5,CONS-110394,BOD-02,OP-01
2025-06-09,MP-0142,salida,80.9,CONS-110401,BOD-01,OP-01
2025-06-09,MP-0102,salida,98.6,CONS-110408,BOD-01,OP-04
2025-06-09,MP-0114,salida,23.5,CONS-110415,BOD-02,OP-03
2025-06-09,MP-0325,salida,63.4,CONS-110422,BOD-01,OP-04
2025-06-09,MP-0193,salida,57.1,CONS-110429,BOD-01,OP-03
2025-06-09,MP-0024,salida,114.7,CONS-110443,BOD-01,OP-06
2025-06-09,MP-0117,salida,78.2,CONS-110450,BOD-03,OP-03
2025-06-09,MP-0060,salida,69.9,CONS-110457,BOD-01,OP-02
2025-06-09,MP-0357,salida,86.0,CONS-110464,BOD-01,OP-06
2025-06-09,MP-0162,salida,13.2,CONS-110471,BOD-03,OP-02
2025-06-09,MP-0009,salida,29.4,CONS-110478,BOD-03,OP-04
2025-06-09,MP-0076,salida,40.7,CONS-110485,BOD-03,OP-01
2025-06-09,MP-0077,salida,42.9,CONS-110492,BOD-02,OP-01
2025-06-09,MP-0273,salida,-45.7,CONS-110499,BOD-03,OP-03
2025-06-09,MP-0111,salida,63.2,CONS-110513,BOD-01,OP-06
2025-06-09,MP-0071,salida,50.1,CONS-110520,BOD-02,OP-03
2025-06-09,MP-0388,salida,48.3,CONS-110527,BOD-03,OP-05
2025-06-09,MP-0227,salida,29.0,CONS-110534,BOD-01,OP-04
2025-06-09,MP-0143,salida,-43.1,CONS-110548,BOD-01,OP-02
2025-06-09,MP-0181,salida,36.2,CONS-110555,BOD-02,OP-03
2025-06-09,MP-0385,salida,10.6,CONS-110562,BOD-03,OP-04
2025-06-09,MP-0321,salida,19.6,CONS-110569,BOD-01,OP-02
2025-06-09,MP-0343,salida,43.4,CONS-110576,BOD-02,OP-04
2025-06-09,MP-0036,salida,17.0,CONS-110583,BOD-01,OP-02
2025-06-09,MP-0080,salida,18.8,CONS-110590,BOD-03,OP-01
2025-06-09,MP-0139,salida,34.7,CONS-110597,BOD-02,OP-03
2025-06-09,MP-0356,salida,22.2,CONS-110604,BOD-03,OP-06
2025-06-09,MP-0339,salida,7.4,CONS-110611,BOD-01,OP-03
2025-06-09,MP-0078,salida,122.9,CONS-110618,BOD-02,OP-06
2025-06-09,MP-0059,salida,75.7,CONS-110625,BOD-01,OP-02
2025-06-09,MP-0340,salida,59.3,CONS-110639,BOD-02,OP-04
2025-06-09,MP-0390,salida,42.5,CONS-110646,BOD-03,OP-03
2025-06-09,MP-0268,salida,38.9,CONS-110653,BOD-03,OP-06
2025-06-09,MP-0032,salida,9.8,CONS-110667,BOD-03,OP-03
2025-06-09,MP-0129,salida,33.3,CONS-110674,BOD-01,OP-04
2025-06-09,MP-0217,salida,25.3,CONS-110688,BOD-01,OP-01
2025-06-09,MP-0344,salida,41.9,CONS-110695,BOD-01,OP-06
2025-06-11,MP-0419,entrada,25,REC-OC-6470,BOD-01,OP-04
2025-06-11,MP-0033,entrada,2295,REC-OC-5495,BOD-03,OP-01
2025-06-12,MP-0289,entrada,30,REC-OC-6334,BOD-02,OP-02
2025-06-13,MP-0099,entrada,349,REC-OC-5909,BOD-02,OP-02
2025-06-13,MP-0036,entrada,602,REC-OC-5536,BOD-01,OP-01
2025-06-13,MP-0019,salida,98.9,CONS-109926,BOD-03,OP-06
2025-06-13,MP-0022,salida,181.7,CONS-109933,BOD-02,OP-05
2025-06-13,MP-0074,salida,86.9,CONS-109947,BOD-01,OP-05
2025-06-13,MP-0370,salida,28.1,CONS-109954,BOD-02,OP-04
2025-06-13,MP-0299,salida,108.6,CONS-109961,BOD-01,OP-03
2025-06-13,MP-0309,salida,98.6,CONS-109968,BOD-01,OP-06
2025-06-13,MP-0418,salida,91.5,CONS-109975,BOD-03,OP-03
2025-06-13,MP-0008,salida,77.6,CONS-109982,BOD-03,OP-05
2025-06-13,MP-0133,salida,106.2,CONS-109996,BOD-03,OP-05
2025-06-13,MP-0101,salida,93.3,CONS-110003,BOD-01,OP-01
2025-06-13,MP-0149,salida,176.4,CONS-110010,BOD-03,OP-03
2025-06-13,MP-0189,salida,75.5,CONS-110017,BOD-02,OP-04
2025-06-13,MP-0254,salida,109.9,CONS-110024,BOD-03,OP-01
2025-06-13,MP-0161,salida,41.0,CONS-110031,BOD-02,OP-03
2025-06-13,MP-0197,salida,99.4,CONS-110038,BOD-03,OP-05
2025-06-13,MP-0037,salida,48.6,CONS-110045,BOD-03,OP-01
2025-06-13,MP-0018,salida,8.1,CONS-110052,BOD-01,OP-05
2025-06-13,MP-0137,salida,40.8,CONS-110059,BOD-02,OP-04
2025-06-13,MP-0073,salida,58.8,CONS-110066,BOD-01,OP-04
2025-06-13,MP-0118,salida,52.8,CONS-110073,BOD-03,OP-04
2025-06-13,MP-0199,salida,50.0,CONS-110080,BOD-02,OP-02
2025-06-13,MP-0232,salida,44.7,CONS-110087,BOD-01,OP-01
2025-06-13,MP-0027,salida,18.4,CONS-110094,BOD-03,OP-04
2025-06-13,MP-0116,salida,55.4,CONS-110101,BOD-02,OP-04
2025-06-13,MP-0108,salida,108.0,CONS-110108,BOD-03,OP-05
2025-06-13,MP-0293,salida,97.3,CONS-110115,BOD-03,OP-03
2025-06-13,MP-0239,salida,46.2,CONS-110122,BOD-03,OP-06
2025-06-13,MP-0030,salida,18.1,CONS-110136,BOD-03,OP-03
2025-06-13,MP-0120,salida,86.4,CONS-110143,BOD-02,OP-03
2025-06-13,MP-0043,salida,50.0,CONS-110150,BOD-02,OP-04
2025-06-13,MP-0182,salida,108.2,CONS-110157,BOD-02,OP-06
2025-06-13,MP-0369,salida,100.6,CONS-110164,BOD-01,OP-02
2025-06-13,MP-0157,salida,154.8,CONS-110171,BOD-02,OP-04
2025-06-13,MP-0001,salida,64.0,CONS-110178,BOD-03,OP-02
2025-06-13,MP-0014,salida,52.0,CONS-110185,BOD-02,OP-03
2025-06-13,MP-0128,salida,125.6,CONS-110192,BOD-03,OP-02
2025-06-13,MP-0047,salida,27.5,CONS-110199,BOD-02,OP-04
2025-06-13,MP-0244,salida,31.0,CONS-110206,BOD-01,OP-04
2025-06-13,MP-0122,salida,15.4,CONS-110213,BOD-03,OP-05
2025-06-13,MP-0132,salida,25.5,CONS-110220,BOD-02,OP-06
2025-06-13,MP-0131,salida,9.4,CONS-110227,BOD-02,OP-03
2025-06-13,MP-0216,salida,19.7,CONS-110234,BOD-01,OP-02
2025-06-13,MP-0272,salida,2.5,CONS-110241,BOD-02,OP-04
2025-06-13,MP-0010,salida,48.4,CONS-110248,BOD-01,OP-04
2025-06-13,MP-0002,salida,27.5,CONS-110255,BOD-02,OP-03
2025-06-13,MP-0150,salida,38.5,CONS-110262,BOD-03,OP-03
2025-06-13,MP-0085,salida,41.9,CONS-110269,BOD-02,OP-03
2025-06-13,MP-0202,salida,59.0,CONS-110276,BOD-02,OP-04
2025-06-13,MP-0153,salida,27.1,CONS-110283,BOD-01,OP-06
2025-06-13,MP-0178,salida,12.8,CONS-110290,BOD-03,OP-04
2025-06-13,MP-0229,salida,60.4,CONS-110297,BOD-01,OP-06
2025-06-13,MP-0013,salida,51.1,CONS-110304,BOD-02,OP-05
2025-06-13,MP-0020,salida,92.1,CONS-110311,BOD-01,OP-03
2025-06-13,MP-0106,salida,33.6,CONS-110318,BOD-01,OP-03
2025-06-13,MP-0051,salida,131.7,CONS-110325,BOD-03,OP-04
2025-06-13,MP-0411,salida,50.7,CONS-110332,BOD-03,OP-02
2025-06-13,MP-0238,salida,47.7,CONS-110339,BOD-02,OP-05
2025-06-13,MP-0004,salida,61.8,CONS-110346,BOD-02,OP-01
2025-06-13,MP-0033,salida,54.6,CONS-110353,BOD-03,OP-04
2025-06-13,MP-0386,salida,76.5,CONS-110367,BOD-01,OP-05
2025-06-13,MP-0393,salida,24.6,CONS-110374,BOD-02,OP-05
2025-06-13,MP-0373,salida,125.5,CONS-110381,BOD-01,OP-02
2025-06-13,MP-0015,salida,53.1,CONS-110388,BOD-02,OP-02
2025-06-13,MP-0012,salida,80.5,CONS-110395,BOD-03,OP-05
2025-06-13,MP-0142,salida,80.9,CONS-110402,BOD-03,OP-02
2025-06-13,MP-0102,salida,98.6,CONS-110409,BOD-01,OP-05
2025-06-13,MP-0325,salida,63.4,CONS-110423,BOD-01,OP-02
2025-06-13,MP-0193,salida,57.1,CONS-110430,BOD-03,OP-01
2025-06-13,MP-0330,salida,26.4,CONS-110437,BOD-02,OP-02
2025-06-13,MP-0024,salida,114.7,CONS-110444,BOD-01,OP-05
2025-06-13,MP-0117,salida,78.2,CONS-110451,BOD-02,OP-02
2025-06-13,MP-0060,salida,69.9,CONS-110458,BOD-02,OP-05
2025-06-13,MP-0357,salida,86.0,CONS-110465,BOD-02,OP-05
2025-06-13,MP-0162,salida,13.2,CONS-110472,BOD-01,OP-06
2025-06-13,MP-0009,salida,29.4,CONS-110479,BOD-01,OP-01
2025-06-13,MP-0076,salida,40.7,CONS-110486,BOD-02,OP-04
2025-06-13,MP-0077,salida,42.9,CONS-110493,BOD-03,OP-05
2025-06-13,MP-0273,salida,45.7,CONS-110500,BOD-02,OP-02
2025-06-13,MP-0026,salida,41.1,CONS-110507,BOD-03,OP-06
2025-06-13,MP-0111,salida,-63.2,CONS-110514,BOD-03,OP-04
2025-06-13,MP-0071,salida,50.1,CONS-110521,BOD-01,OP-04
2025-06-13,MP-0388,salida,48.3,CONS-110528,BOD-01,OP-04
2025-06-13,MP-0227,salida,29.0,CONS-110535,BOD-03,OP-05
2025-06-13,MP-0088,salida,38.6,CONS-110542,BOD-03,OP-05
2025-06-13,MP-0143,salida,43.1,CONS-110549,BOD-02,OP-01
2025-06-13,MP-0181,salida,36.2,CONS-110556,BOD-03,OP-05
2025-06-13,MP-0385,salida,10.6,CONS-110563,BOD-01,OP-01
2025-06-13,MP-0321,salida,19.6,CONS-110570,BOD-01,OP-03
2025-06-13,MP-0343,salida,43.4,CONS-110577,BOD-03,OP-02
2025-06-13,MP-0080,salida,18.8,CONS-110591,BOD-03,OP-01
2025-06-13,MP-0139,salida,34.7,CONS-110598,BOD-01,OP-03
2025-06-13,MP-0356,salida,22.2,CONS-110605,BOD-01,OP-06
2025-06-13,MP-0078,salida,122.9,CONS-110619,BOD-02,OP-05
2025-06-13,MP-0059,salida,75.7,CONS-110626,BOD-01,OP-01
2025-06-13,MP-0211,salida,59.3,CONS-110633,BOD-01,OP-02
2025-06-13,MP-0340,salida,59.3,CONS-110640,BOD-02,OP-01
2025-06-13,MP-0390,salida,42.5,CONS-110647,BOD-01,OP-04
2025-06-13,MP-0268,salida,38.9,CONS-110654,BOD-02,OP-06
2025-06-13,MP-0039,salida,5.0,CONS-110661,BOD-03,OP-04
2025-06-13,MP-0032,salida,9.8,CONS-110668,BOD-01,OP-03
2025-06-13,MP-0136,salida,28.6,CONS-110682,BOD-02,OP-03
2025-06-13,MP-0217,salida,25.3,CONS-110689,BOD-01,OP-04
2025-06-13,MP-0344,salida,41.9,CONS-110696,BOD-01,OP-04
2025-06-14,MP-0313,entrada,93,REC-OC-6359,BOD-01,OP-02
2025-06-14,MP-0024,entrada,1999,REC-OC-5336,BOD-01,OP-01
2025-06-15,MP-0067,entrada,405,REC-OC-5737,BOD-01,OP-02
2025-06-16,MP-0125,entrada,548,REC-OC-6039,BOD-01,OP-04
2025-06-17,MP-0248,entrada,97,REC-OC-6291,BOD-02,OP-04
2025-06-17,MP-0037,entrada,905,REC-OC-5544,BOD-03,OP-06
2025-06-17,MP-0145,entrada,335,REC-OC-6156,BOD-02,OP-02
2025-06-17,MP-0019,salida,98.9,CONS-109927,BOD-01,OP-05
2025-06-17,MP-0022,salida,181.7,CONS-109934,BOD-01,OP-02
2025-06-17,MP-0094,salida,83.6,CONS-109941,BOD-01,OP-04
2025-06-17,MP-0074,salida,86.9,CONS-109948,BOD-03,OP-05
2025-06-17,MP-0370,salida,28.1,CONS-109955,BOD-01,OP-05
2025-06-17,MP-0299,salida,108.6,CONS-109962,BOD-01,OP-02
2025-06-17,MP-0309,salida,98.6,CONS-109969,BOD-02,OP-01
2025-06-17,MP-0418,salida,91.5,CONS-109976,BOD-02,OP-02
2025-06-17,MP-0008,salida,77.6,CONS-109983,BOD-02,OP-06
2025-06-17,MP-0005,salida,72.1,CONS-109990,BOD-02,OP-01
2025-06-17,MP-0133,salida,106.2,CONS-109997,BOD-02,OP-04
2025-06-17,MP-0101,salida,93.3,CONS-110004,BOD-01,OP-06
2025-06-17,MP-0149,salida,-176.4,CONS-110011,BOD-03,OP-02
2025-06-17,MP-0189,salida,75.5,CONS-110018,BOD-01,OP-03
2025-06-17,MP-0254,salida,109.9,CONS-110025,BOD-02,OP-05
2025-06-17,MP-0161,salida,41.0,CONS-110032,BOD-01,OP-01
2025-06-17,MP-0197,salida,99.4,CONS-110039,BOD-02,OP-02
2025-06-17,MP-0037,salida,48.6,CONS-110046,BOD-03,OP-01
2025-06-17,MP-0018,salida,8.1,CONS-110053,BOD-01,OP-01
2025-06-17,MP-0137,salida,40.8,CONS-110060,BOD-01,OP-02
2025-06-17,MP-0073,salida,58.8,CONS-110067,BOD-01,OP-06
2025-06-17,MP-0118,salida,52.8,CONS-110074,BOD-01,OP-03
2025-06-17,MP-0199,salida,50.0,CONS-110081,BOD-02,OP-01
2025-06-17,MP-0232,salida,-44.7,CONS-110088,BOD-03,OP-06
2025-06-17,MP-0027,salida,18.4,CONS-110095,BOD-02,OP-02
2025-06-17,MP-0116,salida,55.4,CONS-110102,BOD-01,OP-01
2025-06-17,MP-0293,salida,97.3,CONS-110116,BOD-02,OP-02
2025-06-17,MP-0239,salida,46.2,CONS-110123,BOD-02,OP-04
2025-06-17,MP-0016,salida,103.8,CONS-110130,BOD-01,OP-01
2025-06-17,MP-0120,salida,86.4,CONS-110144,BOD-01,OP-06
2025-06-17,MP-0043,salida,50.0,CONS-110151,BOD-03,OP-02
2025-06-17,MP-0182,salida,108.2,CONS-110158,BOD-03,OP-05
2025-06-17,MP-0369,salida,100.6,CONS-110165,BOD-02,OP-02
2025-06-17,MP-0157,salida,154.8,CONS-110172,BOD-02,OP-02
2025-06-17,MP-0001,salida,64.0,CONS-110179,BOD-02,OP-06
2025-06-17,MP-0014,salida,52.0,CONS-110186,BOD-02,OP-01
2025-06-17,MP-0128,salida,125.6,CONS-110193,BOD-01,OP-05
2025-06-17,MP-0047,salida,27.5,CONS-110200,BOD-01,OP-06
2025-06-17,MP-0244,salida,31.0,CONS-110207,BOD-02,OP-06
2025-06-17,MP-0132,salida,25.5,CONS-110221,BOD-02,OP-01
2025-06-17,MP-0131,salida,9.4,CONS-110228,BOD-03,OP-03
2025-06-17,MP-0216,salida,19.7,CONS-110235,BOD-01,OP-03
2025-06-17,MP-0272,salida,2.5,CONS-110242,BOD-03,OP-03
2025-06-17,MP-0010,salida,48.4,CONS-110249,BOD-03,OP-04
2025-06-17,MP-0002,salida,-27.5,CONS-110256,BOD-03,OP-02
2025-06-17,MP-0085,salida,41.9,CONS-110270,BOD-03,OP-05
2025-06-17,MP-0202,salida,59.0,CONS-110277,BOD-02,OP-06
2025-06-17,MP-0153,salida,27.1,CONS-110284,BOD-02,OP-05
2025-06-17,MP-0178,salida,12.8,CONS-110291,BOD-03,OP-01
2025-06-17,MP-0013,salida,51.1,CONS-110305,BOD-03,OP-02
2025-06-17,MP-0020,salida,92.1,CONS-110312,BOD-03,OP-06
2025-06-17,MP-0106,salida,33.6,CONS-110319,BOD-01,OP-01
2025-06-17,MP-0051,salida,131.7,CONS-110326,BOD-01,OP-02
2025-06-17,MP-0238,salida,47.7,CONS-110340,BOD-02,OP-04
2025-06-17,MP-0004,salida,61.8,CONS-110347,BOD-03,OP-01
2025-06-17,MP-0033,salida,54.6,CONS-110354,BOD-03,OP-01
2025-06-17,MP-0045,salida,34.6,CONS-110361,BOD-03,OP-06
2025-06-17,MP-0386,salida,76.5,CONS-110368,BOD-03,OP-01
2025-06-17,MP-0393,salida,24.6,CONS-110375,BOD-02,OP-04
2025-06-17,MP-0373,salida,125.5,CONS-110382,BOD-02,OP-03
2025-06-17,MP-0015,salida,53.1,CONS-110389,BOD-03,OP-01
2025-06-17,MP-0012,salida,80.5,CONS-110396,BOD-03,OP-01
2025-06-17,MP-0142,salida,80.9,CONS-110403,BOD-01,OP-02
2025-06-17,MP-0102,salida,98.6,CONS-110410,BOD-01,OP-05
2025-06-17,MP-0114,salida,23.5,CONS-110417,BOD-03,OP-04
2025-06-17,MP-0325,salida,63.4,CONS-110424,BOD-01,OP-03
2025-06-17,MP-0193,salida,57.1,CONS-110431,BOD-02,OP-01
2025-06-17,MP-0330,salida,26.4,CONS-110438,BOD-02,OP-02
2025-06-17,MP-0024,salida,114.7,CONS-110445,BOD-03,OP-01
2025-06-17,MP-0117,salida,78.2,CONS-110452,BOD-02,OP-03
2025-06-17,MP-0060,salida,69.9,CONS-110459,BOD-02,OP-03
2025-06-17,MP-0357,salida,86.0,CONS-110466,BOD-02,OP-04
2025-06-17,MP-0009,salida,29.4,CONS-110480,BOD-01,OP-05
2025-06-17,MP-0076,salida,40.7,CONS-110487,BOD-02,OP-05
2025-06-17,MP-0077,salida,42.9,CONS-110494,BOD-01,OP-04
2025-06-17,MP-0273,salida,45.7,CONS-110501,BOD-03,OP-03
2025-06-17,MP-0026,salida,41.1,CONS-110508,BOD-01,OP-06
2025-06-17,MP-0111,salida,63.2,CONS-110515,BOD-03,OP-06
2025-06-17,MP-0071,salida,50.1,CONS-110522,BOD-03,OP-03
2025-06-17,MP-0388,salida,48.3,CONS-110529,BOD-03,OP-06
2025-06-17,MP-0227,salida,29.0,CONS-110536,BOD-02,OP-03
2025-06-17,MP-0088,salida,38.6,CONS-110543,BOD-01,OP-06
2025-06-17,MP-0143,salida,43.1,CONS-110550,BOD-02,OP-03
2025-06-17,MP-0181,salida,36.2,CONS-110557,BOD-01,OP-01
2025-06-17,MP-0385,salida,10.6,CONS-110564,BOD-01,OP-06
2025-06-17,MP-0321,salida,19.6,CONS-110571,BOD-02,OP-01
2025-06-17,MP-0343,salida,43.4,CONS-110578,BOD-02,OP-02
2025-06-17,MP-0036,salida,17.0,CONS-110585,BOD-02,OP-05
2025-06-17,MP-0080,salida,18.8,CONS-110592,BOD-03,OP-05
2025-06-17,MP-0139,salida,34.7,CONS-110599,BOD-02,OP-05
2025-06-17,MP-0356,salida,22.2,CONS-110606,BOD-03,OP-02
2025-06-17,MP-0339,salida,7.4,CONS-110613,BOD-01,OP-06
2025-06-17,MP-0078,salida,122.9,CONS-110620,BOD-03,OP-01
2025-06-17,MP-0059,salida,75.7,CONS-110627,BOD-03,OP-04
2025-06-17,MP-0211,salida,59.3,CONS-110634,BOD-03,OP-02
2025-06-17,MP-0340,salida,59.3,CONS-110641,BOD-03,OP-06
2025-06-17,MP-0268,salida,38.9,CONS-110655,BOD-02,OP-03
2025-06-17,MP-0039,salida,5.0,CONS-110662,BOD-01,OP-03
2025-06-17,MP-0032,salida,9.8,CONS-110669,BOD-01,OP-02
2025-06-17,MP-0129,salida,33.3,CONS-110676,BOD-01,OP-04
2025-06-17,MP-0136,salida,28.6,CONS-110683,BOD-03,OP-06
2025-06-17,MP-0217,salida,25.3,CONS-110690,BOD-02,OP-05
2025-06-17,MP-0344,salida,41.9,CONS-110697,BOD-01,OP-01
2025-06-18,MP-0044,entrada,402,REC-OC-5609,BOD-02,OP-03
2025-06-18,MP-0084,entrada,435,REC-OC-5810,BOD-02,OP-04
2025-06-18,MP-0032,entrada,1717,REC-OC-5459,BOD-01,OP-02
2025-06-19,MP-0066,entrada,322,REC-OC-5733,BOD-02,OP-06
2025-06-19,MP-0009,entrada,2049,REC-OC-5101,BOD-01,OP-02
2025-06-21,MP-0106,entrada,290,REC-OC-5948,BOD-03,OP-01
2025-06-21,MP-0019,salida,98.9,CONS-109928,BOD-03,OP-03
2025-06-21,MP-0022,salida,181.7,CONS-109935,BOD-01,OP-05
2025-06-21,MP-0094,salida,83.6,CONS-109942,BOD-01,OP-03
2025-06-21,MP-0074,salida,86.9,CONS-109949,BOD-02,OP-06
2025-06-21,MP-0370,salida,28.1,CONS-109956,BOD-02,OP-01
2025-06-21,MP-0299,salida,108.6,CONS-109963,BOD-01,OP-05
2025-06-21,MP-0309,salida,98.6,CONS-109970,BOD-02,OP-05
2025-06-21,MP-0418,salida,91.5,CONS-109977,BOD-03,OP-01
2025-06-21,MP-0008,salida,77.6,CONS-109984,BOD-03,OP-05
2025-06-21,MP-0005,salida,72.1,CONS-109991,BOD-01,OP-01
2025-06-21,MP-0133,salida,106.2,CONS-109998,BOD-03,OP-04
2025-06-21,MP-0101,salida,93.3,CONS-110005,BOD-01,OP-05
2025-06-21,MP-0149,salida,176.4,CONS-110012,BOD-01,OP-05
2025-06-21,MP-0189,salida,75.5,CONS-110019,BOD-03,OP-05
2025-06-21,MP-0254,salida,109.9,CONS-110026,BOD-01,OP-05
2025-06-21,MP-0161,salida,41.0,CONS-110033,BOD-02,OP-02
2025-06-21,MP-0037,salida,48.6,CONS-110047,BOD-01,OP-05
2025-06-21,MP-0018,salida,8.1,CONS-110054,BOD-03,OP-06
2025-06-21,MP-0137,salida,40.8,CONS-110061,BOD-01,OP-06
2025-06-21,MP-0073,salida,58.8,CONS-110068,BOD-02,OP-02
2025-06-21,MP-0118,salida,52.8,CONS-110075,BOD-03,OP-06
2025-06-21,MP-0199,salida,50.0,CONS-110082,BOD-03,OP-06
2025-06-21,MP-0232,salida,44.7,CONS-110089,BOD-03,OP-01
2025-06-21,MP-0027,salida,18.4,CONS-110096,BOD-03,OP-04
2025-06-21,MP-0116,salida,55.4,CONS-110103,BOD-03,OP-01
2025-06-21,MP-0108,salida,108.0,CONS-110110,BOD-03,OP-04
2025-06-21,MP-0293,salida,97.3,CONS-110117,BOD-02,OP-06
2025-06-21,MP-0239,salida,46.2,CONS-110124,BOD-01,OP-01
2025-06-21,MP-0016,salida,103.8,CONS-110131,BOD-01,OP-03
2025-06-21,MP-0030,salida,18.1,CONS-110138,BOD-01,OP-03
2025-06-21,MP-0120,salida,86.4,CONS-110145,BOD-02,OP-02
2025-06-21,MP-0043,salida,50.0,CONS-110152,BOD-02,OP-06
2025-06-21,MP-0182,salida,108.2,CONS-110159,BOD-03,OP-02
2025-06-21,MP-0001,salida,64.0,CONS-110180,BOD-03,OP-04
2025-06-21,MP-0014,salida,-52.0,CONS-110187,BOD-03,OP-04
2025-06-21,MP-0128,salida,125.6,CONS-110194,BOD-01,OP-04
2025-06-21,MP-0047,salida,27.5,CONS-110201,BOD-02,OP-01
2025-06-21,MP-0244,salida,31.0,CONS-110208,BOD-02,OP-04
2025-06-21,MP-0122,salida,15.4,CONS-110215,BOD-02,OP-01
2025-06-21,MP-0131,salida,9.4,CONS-110229,BOD-03,OP-01
2025-06-21,MP-0216,salida,19.7,CONS-110236,BOD-01,OP-01
2025-06-21,MP-0272,salida,2.5,CONS-110243,BOD-02,OP-06
2025-06-21,MP-0010,salida,48.4,CONS-110250,BOD-01,OP-05
2025-06-21,MP-0002,salida,-27.5,CONS-110257,BOD-02,OP-05
2025-06-21,MP-0150,salida,38.5,CONS-110264,BOD-01,OP-02
2025-06-21,MP-0085,salida,41.9,CONS-110271,BOD-01,OP-06
2025-06-21,MP-0202,salida,59.0,CONS-110278,BOD-03,OP-06
2025-06-21,MP-0153,salida,27.1,CONS-110285,BOD-02,OP-01
2025-06-21,MP-0178,salida,12.8,CONS-110292,BOD-03,OP-06
2025-06-21,MP-0229,salida,60.4,CONS-110299,BOD-02,OP-04
2025-06-21,MP-0013,salida,51.1,CONS-110306,BOD-03,OP-06
2025-06-21,MP-0020,salida,92.1,CONS-110313,BOD-03,OP-04
2025-06-21,MP-0106,salida,33.6,CONS-110320,BOD-03,OP-06
2025-06-21,MP-0051,salida,131.7,CONS-110327,BOD-03,OP-03
2025-06-21,MP-0411,salida,50.7,CONS-110334,BOD-01,OP-05
2025-06-21,MP-0238,salida,47.7,CONS-110341,BOD-01,OP-03
2025-06-21,MP-0004,salida,61.8,CONS-110348,BOD-02,OP-04
2025-06-21,MP-0033,salida,54.6,CONS-110355,BOD-01,OP-06
2025-06-21,MP-0045,salida,-34.6,CONS-110362,BOD-03,OP-01
2025-06-21,MP-0386,salida,76.5,CONS-110369,BOD-01,OP-05
2025-06-21,MP-0393,salida,24.6,CONS-110376,BOD-01,OP-01
2025-06-21,MP-0373,salida,125.5,CONS-110383,BOD-02,OP-06
2025-06-21,MP-0015,salida,53.1,CONS-110390,BOD-02,OP-06
2025-06-21,MP-0012,salida,80.5,CONS-110397,BOD-01,OP-06
2025-06-21,MP-0142,salida,80.9,CONS-110404,BOD-02,OP-05
2025-06-21,MP-0102,salida,98.6,CONS-110411,BOD-01,OP-06
2025-06-21,MP-0114,salida,23.5,CONS-110418,BOD-02,OP-01
2025-06-21,MP-0325,salida,63.4,CONS-110425,BOD-01,OP-03
2025-06-21,MP-0330,salida,26.4,CONS-110439,BOD-03,OP-02
2025-06-21,MP-0024,salida,114.7,CONS-110446,BOD-03,OP-02
2025-06-21,MP-0117,salida,78.2,CONS-110453,BOD-01,OP-02
2025-06-21,MP-0060,salida,69.9,CONS-110460,BOD-03,OP-04
2025-06-21,MP-0357,salida,86.0,CONS-110467,BOD-02,OP-04
2025-06-21,MP-0162,salida,13.2,CONS-110474,BOD-02,OP-04
2025-06-21,MP-0009,salida,29.4,CONS-110481,BOD-03,OP-05
2025-06-21,MP-0076,salida,-40.7,CONS-110488,BOD-02,OP-06
2025-06-21,MP-0077,salida,42.9,CONS-110495,BOD-03,OP-05
2025-06-21,MP-0273,salida,45.7,CONS-110502,BOD-02,OP-04
2025-06-21,MP-0026,salida,41.1,CONS-110509,BOD-01,OP-06
2025-06-21,MP-0111,salida,63.2,CONS-110516,BOD-02,OP-02
2025-06-21,MP-0071,salida,50.1,CONS-110523,BOD-01,OP-04
2025-06-21,MP-0388,salida,48.3,CONS-110530,BOD-02,OP-06
2025-06-21,MP-0227,salida,29.0,CONS-110537,BOD-01,OP-05
2025-06-21,MP-0088,salida,-38.6,CONS-110544,BOD-03,OP-03
2025-06-21,MP-0143,salida,43.1,CONS-110551,BOD-02,OP-03
2025-06-21,MP-0385,salida,10.6,CONS-110565,BOD-01,OP-04
2025-06-21,MP-0321,salida,19.6,CONS-110572,BOD-03,OP-04
2025-06-21,MP-0343,salida,43.4,CONS-110579,BOD-02,OP-01
2025-06-21,MP-0036,salida,17.0,CONS-110586,BOD-01,OP-05
2025-06-21,MP-0080,salida,18.8,CONS-110593,BOD-02,OP-05
2025-06-21,MP-0139,salida,34.7,CONS-110600,BOD-02,OP-06
2025-06-21,MP-0356,salida,22.2,CONS-110607,BOD-01,OP-03
2025-06-21,MP-0339,salida,7.4,CONS-110614,BOD-01,OP-05
2025-06-21,MP-0078,salida,122.9,CONS-110621,BOD-01,OP-02
2025-06-21,MP-0059,salida,75.7,CONS-110628,BOD-03,OP-01
2025-06-21,MP-0211,salida,59.3,CONS-110635,BOD-03,OP-06
2025-06-21,MP-0340,salida,59.3,CONS-110642,BOD-01,OP-03
2025-06-21,MP-0390,salida,42.5,CONS-110649,BOD-02,OP-03
2025-06-21,MP-0268,salida,38.9,CONS-110656,BOD-03,OP-05
2025-06-21,MP-0039,salida,5.0,CONS-110663,BOD-02,OP-01
2025-06-21,MP-0032,salida,9.8,CONS-110670,BOD-02,OP-02
2025-06-21,MP-0129,salida,33.3,CONS-110677,BOD-02,OP-03
2025-06-21,MP-0136,salida,28.6,CONS-110684,BOD-03,OP-03
2025-06-21,MP-0217,salida,25.3,CONS-110691,BOD-03,OP-03
2025-06-21,MP-0344,salida,41.9,CONS-110698,BOD-03,OP-01
2025-06-22,MP-0029,entrada,1645,REC-OC-5400,BOD-03,OP-05
2025-06-23,MP-0091,entrada,217,REC-OC-5861,BOD-03,OP-03
2025-06-23,MP-0035,entrada,1226,REC-OC-5527,BOD-02,OP-02
2025-06-23,MP-0094,entrada,416,REC-OC-5875,BOD-01,OP-02
2025-06-23,MP-0028,entrada,610,REC-OC-5388,BOD-03,OP-06
2025-06-23,MP-0023,entrada,1535,REC-OC-5320,BOD-02,OP-04
2025-06-23,MP-0011,entrada,2027,REC-OC-5146,BOD-03,OP-02
2025-06-24,MP-0038,entrada,794,REC-OC-5558,BOD-02,OP-05
2025-06-24,MP-0035,entrada,1368,REC-OC-5519,BOD-02,OP-06
2025-06-24,MP-0142,entrada,379,REC-OC-6141,BOD-03,OP-05
2025-06-25,MP-0019,salida,98.9,CONS-109929,BOD-01,OP-03
2025-06-25,MP-0074,salida,86.9,CONS-109950,BOD-03,OP-05
2025-06-25,MP-0370,salida,28.1,CONS-109957,BOD-03,OP-02
2025-06-25,MP-0418,salida,91.5,CONS-109978,BOD-02,OP-01
2025-06-25,MP-0005,salida,72.1,CONS-109992,BOD-03,OP-05
2025-06-25,MP-0133,salida,106.2,CONS-109999,BOD-02,OP-06
2025-06-25,MP-0101,salida,93.3,CONS-110006,BOD-01,OP-02
2025-06-25,MP-0149,salida,176.4,CONS-110013,BOD-03,OP-05
2025-06-25,MP-0189,salida,75.5,CONS-110020,BOD-03,OP-02
2025-06-25,MP-0254,salida,109.9,CONS-110027,BOD-01,OP-03
2025-06-25,MP-0161,salida,41.0,CONS-110034,BOD-01,OP-06
2025-06-25,MP-0037,salida,48.6,CONS-110048,BOD-02,OP-01
2025-06-25,MP-0018,salida,8.1,CONS-110055,BOD-02,OP-04
2025-06-25,MP-0073,salida,58.8,CONS-110069,BOD-03,OP-02
2025-06-25,MP-0118,salida,52.8,CONS-110076,BOD-02,OP-01
2025-06-25,MP-0199,salida,50.0,CONS-110083,BOD-03,OP-01
2025-06-25,MP-0232,salida,44.7,CONS-110090,BOD-03,OP-05
2025-06-25,MP-0108,salida,108.0,CONS-110111,BOD-01,OP-05
2025-06-25,MP-0293,salida,97.3,CONS-110118,BOD-02,OP-03
2025-06-25,MP-0239,salida,46.2,CONS-110125,BOD-03,OP-05
2025-06-25,MP-0016,salida,103.8,CONS-110132,BOD-01,OP-01
2025-06-25,MP-0030,salida,18.1,CONS-110139,BOD-03,OP-02
2025-06-25,MP-0120,salida,86.4,CONS-110146,BOD-01,OP-04
2025-06-25,MP-0043,salida,50.0,CONS-110153,BOD-03,OP-03
2025-06-25,MP-0182,salida,108.2,CONS-110160,BOD-01,OP-05
2025-06-25,MP-0369,salida,100.6,CONS-110167,BOD-01,OP-02
2025-06-25,MP-0001,salida,64.0,CONS-110181,BOD-03,OP-04
2025-06-25,MP-0014,salida,52.0,CONS-110188,BOD-03,OP-04
2025-06-25,MP-0128,salida,125.6,CONS-110195,BOD-02,OP-03
2025-06-25,MP-0047,salida,27.5,CONS-110202,BOD-03,OP-03
2025-06-25,MP-0244,salida,31.0,CONS-110209,BOD-02,OP-05
2025-06-25,MP-0122,salida,15.4,CONS-110216,BOD-02,OP-05
2025-06-25,MP-0132,salida,25.5,CONS-110223,BOD-03,OP-04
2025-06-25,MP-0131,salida,9.4,CONS-110230,BOD-03,OP-04
2025-06-25,MP-0216,salida,19.7,CONS-110237,BOD-02,OP-01
2025-06-25,MP-0272,salida,2.5,CONS-110244,BOD-03,OP-06
2025-06-25,MP-0010,salida,48.4,CONS-110251,BOD-03,OP-05
2025-06-25,MP-0002,salida,27.5,CONS-110258,BOD-03,OP-03
2025-06-25,MP-0085,salida,41.9,CONS-110272,BOD-02,OP-03
2025-06-25,MP-0202,salida,59.0,CONS-110279,BOD-02,OP-05
2025-06-25,MP-0153,salida,27.1,CONS-110286,BOD-03,OP-04
2025-06-25,MP-0178,salida,12.8,CONS-110293,BOD-01,OP-03
2025-06-25,MP-0229,salida,60.4,CONS-110300,BOD-01,OP-02
2025-06-25,MP-0013,salida,51.1,CONS-110307,BOD-02,OP-04
2025-06-25,MP-0020,salida,92.1,CONS-110314,BOD-01,OP-04
2025-06-25,MP-0106,salida,33.6,CONS-110321,BOD-01,OP-05
2025-06-25,MP-0051,salida,131.7,CONS-110328,BOD-02,OP-02
2025-06-25,MP-0411,salida,50.7,CONS-110335,BOD-02,OP-01
2025-06-25,MP-0238,salida,47.7,CONS-110342,BOD-01,OP-05
2025-06-25,MP-0004,salida,61.8,CONS-110349,BOD-03,OP-02
2025-06-25,MP-0033,salida,54.6,CONS-110356,BOD-03,OP-03
2025-06-25,MP-0045,salida,34.6,CONS-110363,BOD-02,OP-03
2025-06-25,MP-0386,salida,76.5,CONS-110370,BOD-03,OP-02
2025-06-25,MP-0393,salida,24.6,CONS-110377,BOD-01,OP-03
2025-06-25,MP-0373,salida,125.5,CONS-110384,BOD-02,OP-05
2025-06-25,MP-0015,salida,53.1,CONS-110391,BOD-03,OP-03
2025-06-25,MP-0012,salida,80.5,CONS-110398,BOD-03,OP-02
2025-06-25,MP-0142,salida,80.9,CONS-110405,BOD-01,OP-06
2025-06-25,MP-0102,salida,98.6,CONS-110412,BOD-03,OP-03
2025-06-25,MP-0114,salida,23.5,CONS-110419,BOD-02,OP-05
2025-06-25,MP-0325,salida,63.4,CONS-110426,BOD-01,OP-01
2025-06-25,MP-0193,salida,57.1,CONS-110433,BOD-02,OP-06
2025-06-25,MP-0330,salida,26.4,CONS-110440,BOD-02,OP-02
2025-06-25,MP-0024,salida,114.7,CONS-110447,BOD-03,OP-01
2025-06-25,MP-0060,salida,69.9,CONS-110461,BOD-03,OP-01
2025-06-25,MP-0357,salida,86.0,CONS-110468,BOD-02,OP-06
2025-06-25,MP-0162,salida,13.2,CONS-110475,BOD-02,OP-03
2025-06-25,MP-0009,salida,-29.4,CONS-110482,BOD-02,OP-01
2025-06-25,MP-0076,salida,40.7,CONS-110489,BOD-03,OP-01
2025-06-25,MP-0077,salida,42.9,CONS-110496,BOD-01,OP-01
2025-06-25,MP-0273,salida,45.7,CONS-110503,BOD-01,OP-03
2025-06-25,MP-0026,salida,41.1,CONS-110510,BOD-03,OP-05
2025-06-25,MP-0111,salida,63.2,CONS-110517,BOD-01,OP-01
2025-06-25,MP-0071,salida,-50.1,CONS-110524,BOD-03,OP-06
2025-06-25,MP-0388,salida,-48.3,CONS-110531,BOD-01,OP-05
2025-06-25,MP-0088,salida,38.6,CONS-110545,BOD-01,OP-02
2025-06-25,MP-0143,salida,43.1,CONS-110552,BOD-03,OP-03
2025-06-25,MP-0181,salida,36.2,CONS-110559,BOD-03,OP-02
2025-06-25,MP-0385,salida,10.6,CONS-110566,BOD-02,OP-06
2025-06-25,MP-0321,salida,19.6,CONS-110573,BOD-03,OP-04
2025-06-25,MP-0343,salida,43.4,CONS-110580,BOD-01,OP-05
2025-06-25,MP-0036,salida,17.0,CONS-110587,BOD-02,OP-04
2025-06-25,MP-0080,salida,18.8,CONS-110594,BOD-01,OP-02
2025-06-25,MP-0139,salida,34.7,CONS-110601,BOD-02,OP-01
2025-06-25,MP-0356,salida,22.2,CONS-110608,BOD-01,OP-05
2025-06-25,MP-0339,salida,7.4,CONS-110615,BOD-02,OP-04
2025-06-25,MP-0078,salida,122.9,CONS-110622,BOD-03,OP-02
2025-06-25,MP-0059,salida,75.7,CONS-110629,BOD-02,OP-02
2025-06-25,MP-0211,salida,59.3,CONS-110636,BOD-03,OP-04
2025-06-25,MP-0390,salida,42.5,CONS-110650,BOD-03,OP-02
2025-06-25,MP-0268,salida,38.9,CONS-110657,BOD-02,OP-01
2025-06-25,MP-0039,salida,5.0,CONS-110664,BOD-03,OP-05
2025-06-25,MP-0032,salida,9.8,CONS-110671,BOD-01,OP-04
2025-06-25,MP-0129,salida,33.3,CONS-110678,BOD-02,OP-01
2025-06-25,MP-0136,salida,28.6,CONS-110685,BOD-01,OP-04
2025-06-25,MP-0217,salida,25.3,CONS-110692,BOD-03,OP-01
2025-06-26,MP-0099,entrada,574,REC-OC-5903,BOD-02,OP-01
2025-06-26,MP-0064,entrada,142,REC-OC-5724,BOD-01,OP-02
2025-06-26,MP-0028,entrada,747,REC-OC-5386,BOD-02,OP-05
2025-06-26,MP-0018,entrada,1180,REC-OC-5251,BOD-02,OP-04
2025-06-27,MP-0048,entrada,399,REC-OC-5641,BOD-01,OP-06
2025-06-27,MP-0058,entrada,447,REC-OC-5695,BOD-03,OP-05
2025-06-28,MP-0025,entrada,988,REC-OC-5354,BOD-03,OP-05
2025-07-01,MP-0147,entrada,292,REC-OC-6175,BOD-02,OP-06
2025-07-01,MP-0221,entrada,109,REC-OC-6264,BOD-01,OP-05
2025-07-01,MP-0022,salida,129.4,CONS-110707,BOD-01,OP-02
2025-07-01,MP-0094,salida,75.1,CONS-110714,BOD-01,OP-03
2025-07-01,MP-0074,salida,78.0,CONS-110721,BOD-02,OP-01
2025-07-01,MP-0370,salida,25.2,CONS-110728,BOD-02,OP-03
2025-07-01,MP-0299,salida,97.6,CONS-110735,BOD-01,OP-06
2025-07-01,MP-0309,salida,88.5,CONS-110742,BOD-03,OP-01
2025-07-01,MP-0418,salida,82.2,CONS-110749,BOD-02,OP-03
2025-07-01,MP-0008,salida,74.2,CONS-110756,BOD-01,OP-02
2025-07-01,MP-0005,salida,31.0,CONS-110763,BOD-02,OP-03
2025-07-01,MP-0133,salida,40.8,CONS-110770,BOD-01,OP-06
2025-07-01,MP-0101,salida,35.8,CONS-110777,BOD-03,OP-01
2025-07-01,MP-0149,salida,100.5,CONS-110784,BOD-01,OP-02
2025-07-01,MP-0189,salida,29.0,CONS-110791,BOD-02,OP-02
2025-07-01,MP-0161,salida,15.7,CONS-110805,BOD-02,OP-04
2025-07-01,MP-0197,salida,38.2,CONS-110812,BOD-02,OP-05
2025-07-01,MP-0037,salida,96.4,CONS-110819,BOD-01,OP-02
2025-07-01,MP-0118,salida,104.6,CONS-110847,BOD-01,OP-01
2025-07-01,MP-0199,salida,99.0,CONS-110854,BOD-03,OP-04
2025-07-01,MP-0232,salida,88.6,CONS-110861,BOD-02,OP-05
2025-07-01,MP-0027,salida,12.3,CONS-110868,BOD-03,OP-06
2025-07-01,MP-0116,salida,37.1,CONS-110875,BOD-03,OP-06
2025-07-01,MP-0108,salida,70.5,CONS-110882,BOD-01,OP-05
2025-07-01,MP-0293,salida,65.1,CONS-110889,BOD-01,OP-02
2025-07-01,MP-0239,salida,30.9,CONS-110896,BOD-03,OP-06
2025-07-01,MP-0016,salida,114.5,CONS-110903,BOD-03,OP-02
2025-07-01,MP-0030,salida,15.4,CONS-110910,BOD-01,OP-04
2025-07-01,MP-0043,salida,42.6,CONS-110924,BOD-01,OP-04
2025-07-01,MP-0182,salida,126.6,CONS-110931,BOD-02,OP-01
2025-07-01,MP-0369,salida,85.8,CONS-110938,BOD-03,OP-01
2025-07-01,MP-0157,salida,84.4,CONS-110945,BOD-01,OP-05
2025-07-01,MP-0001,salida,108.8,CONS-110952,BOD-02,OP-04
2025-07-01,MP-0014,salida,88.4,CONS-110959,BOD-03,OP-02
2025-07-01,MP-0128,salida,154.1,CONS-110966,BOD-03,OP-03
2025-07-01,MP-0047,salida,46.8,CONS-110973,BOD-01,OP-03
2025-07-01,MP-0244,salida,52.7,CONS-110980,BOD-02,OP-02
2025-07-01,MP-0122,salida,45.5,CONS-110987,BOD-02,OP-04
2025-07-01,MP-0132,salida,75.4,CONS-110994,BOD-01,OP-01
2025-07-01,MP-0131,salida,27.9,CONS-111001,BOD-01,OP-04
2025-07-01,MP-0216,salida,58.3,CONS-111008,BOD-01,OP-04
2025-07-01,MP-0272,salida,7.4,CONS-111015,BOD-03,OP-01
2025-07-01,MP-0010,salida,89.5,CONS-111022,BOD-01,OP-04
2025-07-01,MP-0002,salida,50.8,CONS-111029,BOD-02,OP-03
2025-07-01,MP-0150,salida,71.1,CONS-111036,BOD-02,OP-03
2025-07-01,MP-0085,salida,48.0,CONS-111043,BOD-01,OP-02
2025-07-01,MP-0202,salida,109.1,CONS-111050,BOD-01,OP-03
2025-07-01,MP-0153,salida,50.1,CONS-111057,BOD-01,OP-03
2025-07-01,MP-0178,salida,23.7,CONS-111064,BOD-03,OP-02
2025-07-01,MP-0229,salida,111.7,CONS-111071,BOD-02,OP-05
2025-07-01,MP-0013,salida,82.4,CONS-111078,BOD-02,OP-02
2025-07-01,MP-0020,salida,81.4,CONS-111085,BOD-03,OP-04
2025-07-01,MP-0106,salida,54.2,CONS-111092,BOD-01,OP-05
2025-07-01,MP-0051,salida,167.7,CONS-111099,BOD-03,OP-01
2025-07-01,MP-0411,salida,81.7,CONS-111106,BOD-03,OP-01
2025-07-01,MP-0238,salida,76.9,CONS-111113,BOD-01,OP-02
2025-07-01,MP-0004,salida,63.0,CONS-111120,BOD-03,OP-01
2025-07-01,MP-0033,salida,55.7,CONS-111127,BOD-01,OP-04
2025-07-01,MP-0045,salida,35.3,CONS-111134,BOD-01,OP-05
2025-07-01,MP-0386,salida,78.2,CONS-111141,BOD-01,OP-01
2025-07-01,MP-0393,salida,25.1,CONS-111148,BOD-03,OP-02
2025-07-01,MP-0373,salida,115.6,CONS-111155,BOD-02,OP-02
2025-07-01,MP-0015,salida,20.6,CONS-111162,BOD-03,OP-01
2025-07-01,MP-0012,salida,31.3,CONS-111169,BOD-03,OP-06
2025-07-01,MP-0142,salida,31.4,CONS-111176,BOD-02,OP-04
2025-07-01,MP-0102,salida,38.4,CONS-111183,BOD-03,OP-03
2025-07-01,MP-0114,salida,-9.2,CONS-111190,BOD-01,OP-02
2025-07-01,MP-0193,salida,22.2,CONS-111204,BOD-01,OP-01
2025-07-01,MP-0330,salida,10.2,CONS-111211,BOD-03,OP-05
2025-07-01,MP-0024,salida,66.5,CONS-111218,BOD-03,OP-03
2025-07-01,MP-0117,salida,43.5,CONS-111225,BOD-02,OP-02
2025-07-01,MP-0060,salida,38.9,CONS-111232,BOD-01,OP-02
2025-07-01,MP-0357,salida,47.9,CONS-111239,BOD-01,OP-05
2025-07-01,MP-0162,salida,7.4,CONS-111246,BOD-01,OP-03
2025-07-01,MP-0009,salida,16.2,CONS-111253,BOD-02,OP-05
2025-07-01,MP-0076,salida,22.4,CONS-111260,BOD-02,OP-05
2025-07-01,MP-0077,salida,23.6,CONS-111267,BOD-02,OP-04
2025-07-01,MP-0273,salida,25.1,CONS-111274,BOD-01,OP-04
2025-07-01,MP-0026,salida,37.3,CONS-111281,BOD-01,OP-04
2025-07-01,MP-0111,salida,57.4,CONS-111288,BOD-02,OP-04
2025-07-01,MP-0071,salida,45.5,CONS-111295,BOD-01,OP-06
2025-07-01,MP-0227,salida,26.3,CONS-111309,BOD-03,OP-03
2025-07-01,MP-0143,salida,24.7,CONS-111323,BOD-01,OP-01
2025-07-01,MP-0181,salida,20.7,CONS-111330,BOD-02,OP-04
2025-07-01,MP-0385,salida,6.1,CONS-111337,BOD-03,OP-02
2025-07-01,MP-0321,salida,11.2,CONS-111344,BOD-02,OP-06
2025-07-01,MP-0343,salida,24.8,CONS-111351,BOD-01,OP-01
2025-07-01,MP-0036,salida,42.8,CONS-111358,BOD-01,OP-02
2025-07-01,MP-0080,salida,47.3,CONS-111365,BOD-01,OP-03
2025-07-01,MP-0139,salida,87.2,CONS-111372,BOD-03,OP-02
2025-07-01,MP-0356,salida,55.9,CONS-111379,BOD-01,OP-01
2025-07-01,MP-0339,salida,18.6,CONS-111386,BOD-01,OP-04
2025-07-01,MP-0078,salida,52.4,CONS-111393,BOD-02,OP-03
2025-07-01,MP-0059,salida,32.3,CONS-111400,BOD-02,OP-03
2025-07-01,MP-0211,salida,25.3,CONS-111407,BOD-03,OP-03
2025-07-01,MP-0340,salida,25.3,CONS-111414,BOD-03,OP-03
2025-07-01,MP-0390,salida,18.1,CONS-111421,BOD-03,OP-04
2025-07-01,MP-0268,salida,16.6,CONS-111428,BOD-03,OP-01
2025-07-01,MP-0039,salida,6.1,CONS-111435,BOD-02,OP-03
2025-07-01,MP-0032,salida,12.0,CONS-111442,BOD-03,OP-04
2025-07-01,MP-0129,salida,40.5,CONS-111449,BOD-02,OP-03
2025-07-01,MP-0136,salida,34.8,CONS-111456,BOD-03,OP-02
2025-07-01,MP-0217,salida,30.7,CONS-111463,BOD-03,OP-06
2025-07-01,MP-0344,salida,51.0,CONS-111470,BOD-03,OP-02
2025-07-02,MP-0015,entrada,513,REC-OC-5203,BOD-02,OP-01
2025-07-02,MP-0245,entrada,37,REC-OC-6288,BOD-03,OP-01
2025-07-03,MP-0030,entrada,1716,REC-OC-5433,BOD-03,OP-04
2025-07-04,MP-0157,entrada,49,REC-OC-6197,BOD-03,OP-04
2025-07-05,MP-0102,entrada,157,REC-OC-5927,BOD-03,OP-03
2025-07-05,MP-0132,entrada,193,REC-OC-6084,BOD-02,OP-06
2025-07-05,MP-0197,entrada,50,REC-OC-6239,BOD-01,OP-04
2025-07-05,MP-0003,entrada,731,REC-OC-5031,BOD-03,OP-06
2025-07-05,MP-0019,salida,107.8,CONS-110701,BOD-01,OP-04
2025-07-05,MP-0022,salida,129.4,CONS-110708,BOD-03,OP-03
2025-07-05,MP-0094,salida,75.1,CONS-110715,BOD-01,OP-02
2025-07-05,MP-0074,salida,78.0,CONS-110722,BOD-01,OP-01
2025-07-05,MP-0370,salida,25.2,CONS-110729,BOD-03,OP-02
2025-07-05,MP-0299,salida,97.6,CONS-110736,BOD-01,OP-03
2025-07-05,MP-0309,salida,88.5,CONS-110743,BOD-03,OP-03
2025-07-05,MP-0418,salida,82.2,CONS-110750,BOD-03,OP-05
2025-07-05,MP-0005,salida,31.0,CONS-110764,BOD-02,OP-02
2025-07-05,MP-0101,salida,35.8,CONS-110778,BOD-01,OP-06
2025-07-05,MP-0149,salida,100.5,CONS-110785,BOD-02,OP-05
2025-07-05,MP-0189,salida,29.0,CONS-110792,BOD-03,OP-06
2025-07-05,MP-0254,salida,42.2,CONS-110799,BOD-02,OP-01
2025-07-05,MP-0197,salida,38.2,CONS-110813,BOD-01,OP-03
2025-07-05,MP-0037,salida,96.4,CONS-110820,BOD-01,OP-05
2025-07-05,MP-0018,salida,16.0,CONS-110827,BOD-02,OP-01
2025-07-05,MP-0137,salida,80.8,CONS-110834,BOD-01,OP-03
2025-07-05,MP-0073,salida,116.5,CONS-110841,BOD-03,OP-04
2025-07-05,MP-0199,salida,99.0,CONS-110855,BOD-03,OP-04
2025-07-05,MP-0232,salida,88.6,CONS-110862,BOD-03,OP-01
2025-07-05,MP-0027,salida,12.3,CONS-110869,BOD-01,OP-03
2025-07-05,MP-0116,salida,37.1,CONS-110876,BOD-02,OP-04
2025-07-05,MP-0108,salida,70.5,CONS-110883,BOD-01,OP-01
2025-07-05,MP-0293,salida,65.1,CONS-110890,BOD-01,OP-04
2025-07-05,MP-0239,salida,30.9,CONS-110897,BOD-03,OP-02
2025-07-05,MP-0016,salida,114.5,CONS-110904,BOD-01,OP-04
2025-07-05,MP-0030,salida,15.4,CONS-110911,BOD-01,OP-04
2025-07-05,MP-0120,salida,73.7,CONS-110918,BOD-01,OP-05
2025-07-05,MP-0182,salida,126.6,CONS-110932,BOD-02,OP-06
2025-07-05,MP-0369,salida,85.8,CONS-110939,BOD-01,OP-05
2025-07-05,MP-0157,salida,84.4,CONS-110946,BOD-03,OP-02
2025-07-05,MP-0001,salida,108.8,CONS-110953,BOD-01,OP-05
2025-07-05,MP-0014,salida,88.4,CONS-110960,BOD-02,OP-02
2025-07-05,MP-0128,salida,-154.1,CONS-110967,BOD-03,OP-03
2025-07-05,MP-0047,salida,46.8,CONS-110974,BOD-02,OP-05
2025-07-05,MP-0244,salida,52.7,CONS-110981,BOD-02,OP-02
2025-07-05,MP-0122,salida,45.5,CONS-110988,BOD-03,OP-03
2025-07-05,MP-0132,salida,75.4,CONS-110995,BOD-03,OP-03
2025-07-05,MP-0131,salida,27.9,CONS-111002,BOD-01,OP-05
2025-07-05,MP-0216,salida,58.3,CONS-111009,BOD-01,OP-05
2025-07-05,MP-0272,salida,7.4,CONS-111016,BOD-01,OP-02
2025-07-05,MP-0010,salida,89.5,CONS-111023,BOD-03,OP-04
2025-07-05,MP-0002,salida,50.8,CONS-111030,BOD-02,OP-06
2025-07-05,MP-0150,salida,71.1,CONS-111037,BOD-02,OP-03
2025-07-05,MP-0085,salida,48.0,CONS-111044,BOD-01,OP-01
2025-07-05,MP-0202,salida,109.1,CONS-111051,BOD-03,OP-03
2025-07-05,MP-0153,salida,-50.1,CONS-111058,BOD-02,OP-05
2025-07-05,MP-0178,salida,23.7,CONS-111065,BOD-03,OP-03
2025-07-05,MP-0229,salida,111.7,CONS-111072,BOD-02,OP-06
2025-07-05,MP-0013,salida,82.4,CONS-111079,BOD-02,OP-05
2025-07-05,MP-0020,salida,81.4,CONS-111086,BOD-02,OP-01
2025-07-05,MP-0106,salida,54.2,CONS-111093,BOD-01,OP-04
2025-07-05,MP-0411,salida,81.7,CONS-111107,BOD-03,OP-06
2025-07-05,MP-0238,salida,76.9,CONS-111114,BOD-02,OP-05
2025-07-05,MP-0004,salida,63.0,CONS-111121,BOD-03,OP-04
2025-07-05,MP-0033,salida,55.7,CONS-111128,BOD-02,OP-04
2025-07-05,MP-0045,salida,35.3,CONS-111135,BOD-01,OP-06
2025-07-05,MP-0386,salida,78.2,CONS-111142,BOD-03,OP-05
2025-07-05,MP-0393,salida,25.1,CONS-111149,BOD-01,OP-02
2025-07-05,MP-0373,salida,115.6,CONS-111156,BOD-03,OP-01
2025-07-05,MP-0015,salida,20.6,CONS-111163,BOD-01,OP-05
2025-07-05,MP-0012,salida,31.3,CONS-111170,BOD-01,OP-05
2025-07-05,MP-0102,salida,38.4,CONS-111184,BOD-02,OP-05
2025-07-05,MP-0114,salida,9.2,CONS-111191,BOD-02,OP-06
2025-07-05,MP-0325,salida,24.6,CONS-111198,BOD-01,OP-03
2025-07-05,MP-0193,salida,22.2,CONS-111205,BOD-03,OP-04
2025-07-05,MP-0330,salida,10.2,CONS-111212,BOD-01,OP-05
2025-07-05,MP-0024,salida,66.5,CONS-111219,BOD-01,OP-06
2025-07-05,MP-0117,salida,43.5,CONS-111226,BOD-03,OP-02
2025-07-05,MP-0060,salida,38.9,CONS-111233,BOD-01,OP-02
2025-07-05,MP-0357,salida,47.9,CONS-111240,BOD-03,OP-04
2025-07-05,MP-0162,salida,7.4,CONS-111247,BOD-02,OP-06
2025-07-05,MP-0009,salida,16.2,CONS-111254,BOD-03,OP-02
2025-07-05,MP-0076,salida,22.4,CONS-111261,BOD-03,OP-05
2025-07-05,MP-0077,salida,23.6,CONS-111268,BOD-01,OP-01
2025-07-05,MP-0273,salida,25.1,CONS-111275,BOD-03,OP-05
2025-07-05,MP-0111,salida,57.4,CONS-111289,BOD-02,OP-03
2025-07-05,MP-0071,salida,45.5,CONS-111296,BOD-01,OP-06
2025-07-05,MP-0388,salida,43.8,CONS-111303,BOD-03,OP-05
2025-07-05,MP-0088,salida,22.0,CONS-111317,BOD-01,OP-06
2025-07-05,MP-0143,salida,24.7,CONS-111324,BOD-01,OP-04
2025-07-05,MP-0181,salida,-20.7,CONS-111331,BOD-02,OP-04
2025-07-05,MP-0385,salida,6.1,CONS-111338,BOD-03,OP-02
2025-07-05,MP-0321,salida,11.2,CONS-111345,BOD-03,OP-04
2025-07-05,MP-0343,salida,24.8,CONS-111352,BOD-01,OP-02
2025-07-05,MP-0036,salida,42.8,CONS-111359,BOD-03,OP-01
2025-07-05,MP-0080,salida,47.3,CONS-111366,BOD-01,OP-03
2025-07-05,MP-0139,salida,87.2,CONS-111373,BOD-03,OP-03
2025-07-05,MP-0356,salida,55.9,CONS-111380,BOD-01,OP-02
2025-07-05,MP-0339,salida,18.6,CONS-111387,BOD-02,OP-03
2025-07-05,MP-0078,salida,52.4,CONS-111394,BOD-01,OP-05
2025-07-05,MP-0059,salida,32.3,CONS-111401,BOD-02,OP-05
2025-07-05,MP-0340,salida,25.3,CONS-111415,BOD-02,OP-01
2025-07-05,MP-0390,salida,18.1,CONS-111422,BOD-03,OP-05
2025-07-05,MP-0268,salida,16.6,CONS-111429,BOD-02,OP-02
2025-07-05,MP-0039,salida,6.1,CONS-111436,BOD-02,OP-01
2025-07-05,MP-0032,salida,12.0,CONS-111443,BOD-01,OP-01
2025-07-05,MP-0217,salida,30.7,CONS-111464,BOD-03,OP-05
2025-07-05,MP-0344,salida,51.0,CONS-111471,BOD-01,OP-04
2025-07-06,MP-0069,entrada,514,REC-OC-5746,BOD-02,OP-05
2025-07-06,MP-0035,entrada,2161,REC-OC-5528,BOD-03,OP-05
2025-07-06,MP-0154,entrada,14,REC-OC-6194,BOD-02,OP-04
2025-07-06,MP-0010,entrada,1487,REC-OC-5127,BOD-02,OP-03
2025-07-07,MP-0037,entrada,550,REC-OC-5549,BOD-03,OP-02
2025-07-07,MP-0091,ajuste,37,AJU-120081,BOD-02,AUDIT
2025-07-08,MP-0019,entrada,546,REC-OC-5263,BOD-03,OP-01
2025-07-09,MP-0003,entrada,586,REC-OC-5028,BOD-01,OP-06
2025-07-09,MP-0019,salida,107.8,CONS-110702,BOD-02,OP-04
2025-07-09,MP-0022,salida,129.4,CONS-110709,BOD-02,OP-05
2025-07-09,MP-0094,salida,75.1,CONS-110716,BOD-01,OP-05
2025-07-09,MP-0370,salida,25.2,CONS-110730,BOD-01,OP-03
2025-07-09,MP-0299,salida,97.6,CONS-110737,BOD-03,OP-04
2025-07-09,MP-0309,salida,88.5,CONS-110744,BOD-03,OP-05
2025-07-09,MP-0418,salida,82.2,CONS-110751,BOD-02,OP-03
2025-07-09,MP-0008,salida,74.2,CONS-110758,BOD-02,OP-04
2025-07-09,MP-0005,salida,31.0,CONS-110765,BOD-03,OP-04
2025-07-09,MP-0133,salida,-40.8,CONS-110772,BOD-01,OP-05
2025-07-09,MP-0101,salida,35.8,CONS-110779,BOD-03,OP-04
2025-07-09,MP-0149,salida,100.5,CONS-110786,BOD-01,OP-05
2025-07-09,MP-0189,salida,29.0,CONS-110793,BOD-03,OP-04
2025-07-09,MP-0254,salida,42.2,CONS-110800,BOD-02,OP-04
2025-07-09,MP-0161,salida,15.7,CONS-110807,BOD-03,OP-04
2025-07-09,MP-0197,salida,38.2,CONS-110814,BOD-01,OP-05
2025-07-09,MP-0037,salida,96.4,CONS-110821,BOD-03,OP-06
2025-07-09,MP-0018,salida,16.0,CONS-110828,BOD-01,OP-06
2025-07-09,MP-0137,salida,80.8,CONS-110835,BOD-01,OP-02
2025-07-09,MP-0073,salida,116.5,CONS-110842,BOD-01,OP-06
2025-07-09,MP-0118,salida,104.6,CONS-110849,BOD-01,OP-06
2025-07-09,MP-0199,salida,99.0,CONS-110856,BOD-03,OP-04
2025-07-09,MP-0232,salida,88.6,CONS-110863,BOD-01,OP-03
2025-07-09,MP-0027,salida,12.3,CONS-110870,BOD-01,OP-01
2025-07-09,MP-0116,salida,37.1,CONS-110877,BOD-02,OP-02
2025-07-09,MP-0108,salida,70.5,CONS-110884,BOD-02,OP-02
2025-07-09,MP-0293,salida,65.1,CONS-110891,BOD-01,OP-06
2025-07-09,MP-0016,salida,114.5,CONS-110905,BOD-01,OP-02
2025-07-09,MP-0030,salida,15.4,CONS-110912,BOD-02,OP-06
2025-07-09,MP-0120,salida,73.7,CONS-110919,BOD-01,OP-04
2025-07-09,MP-0182,salida,126.6,CONS-110933,BOD-01,OP-06
2025-07-09,MP-0369,salida,85.8,CONS-110940,BOD-03,OP-06
2025-07-09,MP-0157,salida,84.4,CONS-110947,BOD-02,OP-04
2025-07-09,MP-0001,salida,108.8,CONS-110954,BOD-01,OP-01
2025-07-09,MP-0014,salida,88.4,CONS-110961,BOD-02,OP-06
2025-07-09,MP-0128,salida,154.1,CONS-110968,BOD-02,OP-05
2025-07-09,MP-0047,salida,46.8,CONS-110975,BOD-03,OP-05
2025-07-09,MP-0244,salida,52.7,CONS-110982,BOD-03,OP-03
2025-07-09,MP-0122,salida,45.5,CONS-110989,BOD-01,OP-03
2025-07-09,MP-0132,salida,75.4,CONS-110996,BOD-01,OP-02
2025-07-09,MP-0131,salida,27.9,CONS-111003,BOD-03,OP-06
2025-07-09,MP-0216,salida,58.3,CONS-111010,BOD-02,OP-06
2025-07-09,MP-0002,salida,50.8,CONS-111031,BOD-03,OP-05
2025-07-09,MP-0150,salida,71.1,CONS-111038,BOD-02,OP-03
2025-07-09,MP-0085,salida,48.0,CONS-111045,BOD-01,OP-06
2025-07-09,MP-0202,salida,109.1,CONS-111052,BOD-01,OP-03
2025-07-09,MP-0153,salida,50.1,CONS-111059,BOD-03,OP-05
2025-07-09,MP-0229,salida,111.7,CONS-111073,BOD-02,OP-01
2025-07-09,MP-0013,salida,82.4,CONS-111080,BOD-02,OP-06
2025-07-09,MP-0020,salida,81.4,CONS-111087,BOD-02,OP-01
2025-07-09,MP-0106,salida,54.2,CONS-111094,BOD-02,OP-06
2025-07-09,MP-0051,salida,167.7,CONS-111101,BOD-03,OP-01
2025-07-09,MP-0238,salida,76.9,CONS-111115,BOD-03,OP-06
2025-07-09,MP-0033,salida,55.7,CONS-111129,BOD-02,OP-01
2025-07-09,MP-0045,salida,35.3,CONS-111136,BOD-01,OP-04
2025-07-09,MP-0386,salida,78.2,CONS-111143,BOD-01,OP-06
2025-07-09,MP-0393,salida,25.1,CONS-111150,BOD-03,OP-03
2025-07-09,MP-0373,salida,115.6,CONS-111157,BOD-02,OP-05
2025-07-09,MP-0015,salida,20.6,CONS-111164,BOD-03,OP-04
2025-07-09,MP-0012,salida,-31.3,CONS-111171,BOD-02,OP-04
2025-07-09,MP-0142,salida,31.4,CONS-111178,BOD-01,OP-06
2025-07-09,MP-0102,salida,38.4,CONS-111185,BOD-01,OP-05
2025-07-09,MP-0114,salida,9.2,CONS-111192,BOD-02,OP-03
2025-07-09,MP-0325,salida,24.6,CONS-111199,BOD-02,OP-03
2025-07-09,MP-0193,salida,22.2,CONS-111206,BOD-03,OP-01
2025-07-09,MP-0330,salida,10.2,CONS-111213,BOD-02,OP-01
2025-07-09,MP-0024,salida,66.5,CONS-111220,BOD-01,OP-05
2025-07-09,MP-0117,salida,43.5,CONS-111227,BOD-03,OP-01
2025-07-09,MP-0060,salida,38.9,CONS-111234,BOD-03,OP-03
2025-07-09,MP-0357,salida,47.9,CONS-111241,BOD-02,OP-04
2025-07-09,MP-0162,salida,7.4,CONS-111248,BOD-02,OP-03
2025-07-09,MP-0009,salida,16.2,CONS-111255,BOD-03,OP-03
2025-07-09,MP-0076,salida,22.4,CONS-111262,BOD-01,OP-04
2025-07-09,MP-0077,salida,23.6,CONS-111269,BOD-01,OP-02
2025-07-09,MP-0026,salida,37.3,CONS-111283,BOD-03,OP-04
2025-07-09,MP-0111,salida,57.4,CONS-111290,BOD-01,OP-04
2025-07-09,MP-0071,salida,45.5,CONS-111297,BOD-01,OP-01
2025-07-09,MP-0388,salida,43.8,CONS-111304,BOD-02,OP-03
2025-07-09,MP-0227,salida,26.3,CONS-111311,BOD-03,OP-05
2025-07-09,MP-0088,salida,22.0,CONS-111318,BOD-03,OP-02
2025-07-09,MP-0143,salida,24.7,CONS-111325,BOD-03,OP-02
2025-07-09,MP-0181,salida,20.7,CONS-111332,BOD-03,OP-06
2025-07-09,MP-0385,salida,6.1,CONS-111339,BOD-03,OP-06
2025-07-09,MP-0321,salida,11.2,CONS-111346,BOD-02,OP-05
2025-07-09,MP-0343,salida,24.8,CONS-111353,BOD-01,OP-06
2025-07-09,MP-0036,salida,42.8,CONS-111360,BOD-02,OP-02
2025-07-09,MP-0080,salida,47.3,CONS-111367,BOD-01,OP-03
2025-07-09,MP-0139,salida,87.2,CONS-111374,BOD-03,OP-02
2025-07-09,MP-0356,salida,55.9,CONS-111381,BOD-01,OP-04
2025-07-09,MP-0078,salida,52.4,CONS-111395,BOD-01,OP-02
2025-07-09,MP-0059,salida,32.3,CONS-111402,BOD-03,OP-05
2025-07-09,MP-0211,salida,25.3,CONS-111409,BOD-02,OP-03
2025-07-09,MP-0340,salida,25.3,CONS-111416,BOD-02,OP-04
2025-07-09,MP-0268,salida,16.6,CONS-111430,BOD-02,OP-05
2025-07-09,MP-0039,salida,6.1,CONS-111437,BOD-03,OP-02
2025-07-09,MP-0032,salida,12.0,CONS-111444,BOD-03,OP-02
2025-07-09,MP-0129,salida,40.5,CONS-111451,BOD-01,OP-04
2025-07-09,MP-0136,salida,34.8,CONS-111458,BOD-01,OP-02
2025-07-09,MP-0344,salida,51.0,CONS-111472,BOD-02,OP-01
2025-07-10,MP-0121,entrada,496,REC-OC-6020,BOD-03,OP-03
2025-07-11,MP-0001,entrada,456,REC-OC-5006,BOD-01,OP-03
2025-07-11,MP-0043,entrada,246,REC-OC-5605,BOD-01,OP-04
2025-07-12,MP-0325,entrada,9,REC-OC-6373,BOD-02,OP-04
2025-07-13,MP-0023,entrada,1609,REC-OC-5317,BOD-03,OP-06
2025-07-13,MP-0291,entrada,34,REC-OC-6336,BOD-02,OP-05
2025-07-13,MP-0019,salida,107.8,CONS-110703,BOD-01,OP-02
2025-07-13,MP-0022,salida,129.4,CONS-110710,BOD-02,OP-04
2025-07-13,MP-0094,salida,75.1,CONS-110717,BOD-03,OP-01
2025-07-13,MP-0074,salida,78.0,CONS-110724,BOD-01,OP-01
2025-07-13,MP-0370,salida,25.2,CONS-110731,BOD-02,OP-05
2025-07-13,MP-0299,salida,97.6,CONS-110738,BOD-03,OP-05
2025-07-13,MP-0309,salida,88.5,CONS-110745,BOD-03,OP-01
2025-07-13,MP-0418,salida,82.2,CONS-110752,BOD-01,OP-02
2025-07-13,MP-0008,salida,74.2,CONS-110759,BOD-02,OP-06
2025-07-13,MP-0005,salida,31.0,CONS-110766,BOD-02,OP-02
2025-07-13,MP-0133,salida,40.8,CONS-110773,BOD-03,OP-02
2025-07-13,MP-0101,salida,35.8,CONS-110780,BOD-01,OP-02
2025-07-13,MP-0149,salida,100.5,CONS-110787,BOD-02,OP-05
2025-07-13,MP-0189,salida,29.0,CONS-110794,BOD-03,OP-03
2025-07-13,MP-0254,salida,42.2,CONS-110801,BOD-03,OP-05
2025-07-13,MP-0161,salida,15.7,CONS-110808,BOD-02,OP-03
2025-07-13,MP-0197,salida,38.2,CONS-110815,BOD-03,OP-04
2025-07-13,MP-0037,salida,96.4,CONS-110822,BOD-02,OP-01
2025-07-13,MP-0018,salida,16.0,CONS-110829,BOD-02,OP-03
2025-07-13,MP-0137,salida,80.8,CONS-110836,BOD-02,OP-01
2025-07-13,MP-0073,salida,116.5,CONS-110843,BOD-03,OP-01
2025-07-13,MP-0118,salida,104.6,CONS-110850,BOD-02,OP-02
2025-07-13,MP-0199,salida,99.0,CONS-110857,BOD-03,OP-01
2025-07-13,MP-0232,salida,88.6,CONS-110864,BOD-02,OP-06
2025-07-13,MP-0027,salida,12.3,CONS-110871,BOD-03,OP-01
2025-07-13,MP-0108,salida,70.5,CONS-110885,BOD-02,OP-01
2025-07-13,MP-0293,salida,65.1,CONS-110892,BOD-03,OP-01
2025-07-13,MP-0239,salida,30.9,CONS-110899,BOD-03,OP-03
2025-07-13,MP-0016,salida,114.5,CONS-110906,BOD-01,OP-03
2025-07-13,MP-0030,salida,15.4,CONS-110913,BOD-03,OP-03
2025-07-13,MP-0120,salida,73.7,CONS-110920,BOD-02,OP-02
2025-07-13,MP-0043,salida,42.6,CONS-110927,BOD-03,OP-02
2025-07-13,MP-0182,salida,126.6,CONS-110934,BOD-03,OP-04
2025-07-13,MP-0369,salida,-85.8,CONS-110941,BOD-03,OP-06
2025-07-13,MP-0157,salida,84.4,CONS-110948,BOD-02,OP-06
2025-07-13,MP-0001,salida,108.8,CONS-110955,BOD-01,OP-06
2025-07-13,MP-0014,salida,88.4,CONS-110962,BOD-01,OP-06
2025-07-13,MP-0128,salida,154.1,CONS-110969,BOD-03,OP-03
2025-07-13,MP-0047,salida,-46.8,CONS-110976,BOD-03,OP-06
2025-07-13,MP-0244,salida,52.7,CONS-110983,BOD-01,OP-05
2025-07-13,MP-0122,salida,45.5,CONS-110990,BOD-02,OP-04
2025-07-13,MP-0132,salida,75.4,CONS-110997,BOD-03,OP-03
2025-07-13,MP-0131,salida,27.9,CONS-111004,BOD-02,OP-03
2025-07-13,MP-0216,salida,58.3,CONS-111011,BOD-02,OP-03
2025-07-13,MP-0272,salida,7.4,CONS-111018,BOD-02,OP-02
2025-07-13,MP-0010,salida,89.5,CONS-111025,BOD-03,OP-03
2025-07-13,MP-0002,salida,50.8,CONS-111032,BOD-01,OP-03
2025-07-13,MP-0150,salida,71.1,CONS-111039,BOD-01,OP-06
2025-07-13,MP-0085,salida,48.0,CONS-111046,BOD-02,OP-02
2025-07-13,MP-0202,salida,109.1,CONS-111053,BOD-02,OP-06
2025-07-13,MP-0153,salida,50.1,CONS-111060,BOD-03,OP-02
2025-07-13,MP-0178,salida,23.7,CONS-111067,BOD-02,OP-04
2025-07-13,MP-0229,salida,111.7,CONS-111074,BOD-03,OP-01
2025-07-13,MP-0013,salida,82.4,CONS-111081,BOD-02,OP-06
2025-07-13,MP-0020,salida,81.4,CONS-111088,BOD-02,OP-02
2025-07-13,MP-0051,salida,167.7,CONS-111102,BOD-01,OP-02
2025-07-13,MP-0411,salida,81.7,CONS-111109,BOD-02,OP-01
2025-07-13,MP-0238,salida,76.9,CONS-111116,BOD-01,OP-05
2025-07-13,MP-0033,salida,55.7,CONS-111130,BOD-03,OP-06
2025-07-13,MP-0045,salida,35.3,CONS-111137,BOD-03,OP-06
2025-07-13,MP-0386,salida,-78.2,CONS-111144,BOD-02,OP-04
2025-07-13,MP-0393,salida,25.1,CONS-111151,BOD-03,OP-03
2025-07-13,MP-0373,salida,115.6,CONS-111158,BOD-01,OP-01
2025-07-13,MP-0015,salida,20.6,CONS-111165,BOD-03,OP-02
2025-07-13,MP-0012,salida,31.3,CONS-111172,BOD-01,OP-06
2025-07-13,MP-0142,salida,31.4,CONS-111179,BOD-02,OP-05
2025-07-13,MP-0102,salida,38.4,CONS-111186,BOD-02,OP-06
2025-07-13,MP-0114,salida,9.2,CONS-111193,BOD-01,OP-06
2025-07-13,MP-0325,salida,24.6,CONS-111200,BOD-01,OP-03
2025-07-13,MP-0193,salida,22.2,CONS-111207,BOD-03,OP-04
2025-07-13,MP-0330,salida,10.2,CONS-111214,BOD-02,OP-04
2025-07-13,MP-0024,salida,66.5,CONS-111221,BOD-02,OP-04
2025-07-13,MP-0117,salida,43.5,CONS-111228,BOD-01,OP-01
2025-07-13,MP-0060,salida,38.9,CONS-111235,BOD-03,OP-06
2025-07-13,MP-0357,salida,47.9,CONS-111242,BOD-01,OP-06
2025-07-13,MP-0162,salida,7.4,CONS-111249,BOD-03,OP-03
2025-07-13,MP-0009,salida,16.2,CONS-111256,BOD-03,OP-05
2025-07-13,MP-0076,salida,-22.4,CONS-111263,BOD-01,OP-04
2025-07-13,MP-0273,salida,25.1,CONS-111277,BOD-03,OP-04
2025-07-13,MP-0026,salida,37.3,CONS-111284,BOD-02,OP-04
2025-07-13,MP-0111,salida,57.4,CONS-111291,BOD-01,OP-01
2025-07-13,MP-0071,salida,45.5,CONS-111298,BOD-01,OP-01
2025-07-13,MP-0388,salida,43.8,CONS-111305,BOD-03,OP-05
2025-07-13,MP-0227,salida,26.3,CONS-111312,BOD-01,OP-04
2025-07-13,MP-0088,salida,22.0,CONS-111319,BOD-03,OP-06
2025-07-13,MP-0181,salida,20.7,CONS-111333,BOD-02,OP-06
2025-07-13,MP-0385,salida,6.1,CONS-111340,BOD-01,OP-01
2025-07-13,MP-0321,salida,11.2,CONS-111347,BOD-01,OP-04
2025-07-13,MP-0343,salida,24.8,CONS-111354,BOD-01,OP-01
2025-07-13,MP-0036,salida,42.8,CONS-111361,BOD-03,OP-02
2025-07-13,MP-0080,salida,47.3,CONS-111368,BOD-03,OP-06
2025-07-13,MP-0356,salida,55.9,CONS-111382,BOD-02,OP-04
2025-07-13,MP-0339,salida,18.6,CONS-111389,BOD-02,OP-01
2025-07-13,MP-0078,salida,52.4,CONS-111396,BOD-03,OP-06
2025-07-13,MP-0211,salida,25.3,CONS-111410,BOD-03,OP-01
2025-07-13,MP-0340,salida,25.3,CONS-111417,BOD-02,OP-03
2025-07-13,MP-0390,salida,18.1,CONS-111424,BOD-01,OP-03
2025-07-13,MP-0268,salida,16.6,CONS-111431,BOD-03,OP-05
2025-07-13,MP-0039,salida,6.1,CONS-111438,BOD-03,OP-03
2025-07-13,MP-0032,salida,12.0,CONS-111445,BOD-03,OP-02
2025-07-13,MP-0136,salida,34.8,CONS-111459,BOD-02,OP-02
2025-07-13,MP-0217,salida,30.7,CONS-111466,BOD-02,OP-03
2025-07-13,MP-0344,salida,51.0,CONS-111473,BOD-03,OP-05
2025-07-14,MP-0014,entrada,1396,REC-OC-5178,BOD-01,OP-04
2025-07-14,MP-0069,entrada,403,REC-OC-5749,BOD-02,OP-03
2025-07-15,MP-0081,entrada,239,REC-OC-5799,BOD-01,OP-02
2025-07-15,MP-0056,entrada,294,REC-OC-5680,BOD-01,OP-04
2025-07-17,MP-0033,entrada,1205,REC-OC-5492,BOD-01,OP-01
2025-07-17,MP-0211,entrada,36,REC-OC-6253,BOD-03,OP-04
2025-07-17,MP-0085,entrada,233,REC-OC-5821,BOD-01,OP-01
2025-07-17,MP-0414,entrada,15,REC-OC-6465,BOD-01,OP-01
2025-07-17,MP-0019,salida,107.8,CONS-110704,BOD-02,OP-01
2025-07-17,MP-0022,salida,129.4,CONS-110711,BOD-02,OP-05
2025-07-17,MP-0094,salida,75.1,CONS-110718,BOD-02,OP-04
2025-07-17,MP-0074,salida,78.0,CONS-110725,BOD-03,OP-03
2025-07-17,MP-0370,salida,25.2,CONS-110732,BOD-01,OP-01
2025-07-17,MP-0299,salida,97.6,CONS-110739,BOD-02,OP-01
2025-07-17,MP-0309,salida,88.5,CONS-110746,BOD-02,OP-03
2025-07-17,MP-0418,salida,82.2,CONS-110753,BOD-01,OP-01
2025-07-17,MP-0005,salida,-31.0,CONS-110767,BOD-01,OP-05
2025-07-17,MP-0133,salida,40.8,CONS-110774,BOD-02,OP-01
2025-07-17,MP-0101,salida,35.8,CONS-110781,BOD-03,OP-01
2025-07-17,MP-0149,salida,100.5,CONS-110788,BOD-03,OP-04
2025-07-17,MP-0189,salida,29.0,CONS-110795,BOD-01,OP-04
2025-07-17,MP-0254,salida,42.2,CONS-110802,BOD-01,OP-06
2025-07-17,MP-0161,salida,15.7,CONS-110809,BOD-01,OP-01
2025-07-17,MP-0197,salida,38.2,CONS-110816,BOD-03,OP-01
2025-07-17,MP-0018,salida,16.0,CONS-110830,BOD-03,OP-02
2025-07-17,MP-0137,salida,80.8,CONS-110837,BOD-01,OP-06
2025-07-17,MP-0073,salida,116.5,CONS-110844,BOD-03,OP-06
2025-07-17,MP-0118,salida,104.6,CONS-110851,BOD-02,OP-01
2025-07-17,MP-0199,salida,99.0,CONS-110858,BOD-01,OP-04
2025-07-17,MP-0232,salida,88.6,CONS-110865,BOD-01,OP-03
2025-07-17,MP-0027,salida,12.3,CONS-110872,BOD-01,OP-04
2025-07-17,MP-0116,salida,37.1,CONS-110879,BOD-03,OP-01
2025-07-17,MP-0293,salida,65.1,CONS-110893,BOD-03,OP-05
2025-07-17,MP-0239,salida,30.9,CONS-110900,BOD-03,OP-01
2025-07-17,MP-0016,salida,114.5,CONS-110907,BOD-01,OP-04
2025-07-17,MP-0120,salida,73.7,CONS-110921,BOD-03,OP-01
2025-07-17,MP-0043,salida,42.6,CONS-110928,BOD-01,OP-01
2025-07-17,MP-0182,salida,126.6,CONS-110935,BOD-01,OP-02
2025-07-17,MP-0369,salida,85.8,CONS-110942,BOD-01,OP-05
2025-07-17,MP-0157,salida,84.4,CONS-110949,BOD-01,OP-03
2025-07-17,MP-0001,salida,108.8,CONS-110956,BOD-02,OP-02
2025-07-17,MP-0014,salida,88.4,CONS-110963,BOD-02,OP-03
2025-07-17,MP-0128,salida,154.1,CONS-110970,BOD-01,OP-04
2025-07-17,MP-0047,salida,46.8,CONS-110977,BOD-02,OP-01
2025-07-17,MP-0244,salida,52.7,CONS-110984,BOD-02,OP-04
2025-07-17,MP-0122,salida,45.5,CONS-110991,BOD-01,OP-05
2025-07-17,MP-0132,salida,75.4,CONS-110998,BOD-02,OP-02
2025-07-17,MP-0131,salida,27.9,CONS-111005,BOD-02,OP-06
2025-07-17,MP-0216,salida,-58.3,CONS-111012,BOD-03,OP-04
2025-07-17,MP-0272,salida,7.4,CONS-111019,BOD-03,OP-02
2025-07-17,MP-0010,salida,89.5,CONS-111026,BOD-03,OP-05
2025-07-17,MP-0002,salida,50.8,CONS-111033,BOD-01,OP-01
2025-07-17,MP-0150,salida,71.1,CONS-111040,BOD-02,OP-05
2025-07-17,MP-0085,salida,48.0,CONS-111047,BOD-03,OP-06
2025-07-17,MP-0202,salida,109.1,CONS-111054,BOD-03,OP-03
2025-07-17,MP-0153,salida,50.1,CONS-111061,BOD-02,OP-02
2025-07-17,MP-0178,salida,23.7,CONS-111068,BOD-01,OP-05
2025-07-17,MP-0229,salida,111.7,CONS-111075,BOD-03,OP-02
2025-07-17,MP-0013,salida,82.4,CONS-111082,BOD-03,OP-06
2025-07-17,MP-0020,salida,-81.4,CONS-111089,BOD-03,OP-01
2025-07-17,MP-0106,salida,54.2,CONS-111096,BOD-03,OP-05
2025-07-17,MP-0051,salida,167.7,CONS-111103,BOD-02,OP-06
2025-07-17,MP-0411,salida,81.7,CONS-111110,BOD-01,OP-03
2025-07-17,MP-0238,salida,76.9,CONS-111117,BOD-02,OP-01
2025-07-17,MP-0004,salida,63.0,CONS-111124,BOD-03,OP-02
2025-07-17,MP-0033,salida,55.7,CONS-111131,BOD-03,OP-05
2025-07-17,MP-0045,salida,35.3,CONS-111138,BOD-01,OP-04
2025-07-17,MP-0386,salida,78.2,CONS-111145,BOD-02,OP-04
2025-07-17,MP-0393,salida,25.1,CONS-111152,BOD-02,OP-04
2025-07-17,MP-0373,salida,115.6,CONS-111159,BOD-03,OP-02
2025-07-17,MP-0015,salida,20.6,CONS-111166,BOD-02,OP-05
2025-07-17,MP-0012,salida,31.3,CONS-111173,BOD-02,OP-02
2025-07-17,MP-0142,salida,31.4,CONS-111180,BOD-03,OP-01
2025-07-17,MP-0102,salida,38.4,CONS-111187,BOD-03,OP-01
2025-07-17,MP-0114,salida,9.2,CONS-111194,BOD-03,OP-03
2025-07-17,MP-0325,salida,24.6,CONS-111201,BOD-01,OP-02
2025-07-17,MP-0193,salida,22.2,CONS-111208,BOD-02,OP-04
2025-07-17,MP-0330,salida,10.2,CONS-111215,BOD-03,OP-02
2025-07-17,MP-0024,salida,66.5,CONS-111222,BOD-01,OP-03
2025-07-17,MP-0117,salida,43.5,CONS-111229,BOD-02,OP-01
2025-07-17,MP-0060,salida,38.9,CONS-111236,BOD-02,OP-06
2025-07-17,MP-0357,salida,47.9,CONS-111243,BOD-02,OP-05
2025-07-17,MP-0162,salida,7.4,CONS-111250,BOD-02,OP-04
2025-07-17,MP-0009,salida,16.2,CONS-111257,BOD-02,OP-05
2025-07-17,MP-0076,salida,22.4,CONS-111264,BOD-02,OP-04
2025-07-17,MP-0077,salida,23.6,CONS-111271,BOD-03,OP-04
2025-07-17,MP-0273,salida,25.1,CONS-111278,BOD-02,OP-06
2025-07-17,MP-0026,salida,37.3,CONS-111285,BOD-03,OP-04
2025-07-17,MP-0111,salida,57.4,CONS-111292,BOD-02,OP-02
2025-07-17,MP-0071,salida,45.5,CONS-111299,BOD-03,OP-05
2025-07-17,MP-0227,salida,26.3,CONS-111313,BOD-02,OP-02
2025-07-17,MP-0143,salida,24.7,CONS-111327,BOD-01,OP-01
2025-07-17,MP-0181,salida,20.7,CONS-111334,BOD-03,OP-01
2025-07-17,MP-0385,salida,6.1,CONS-111341,BOD-03,OP-06
2025-07-17,MP-0321,salida,11.2,CONS-111348,BOD-03,OP-05
2025-07-17,MP-0343,salida,24.8,CONS-111355,BOD-03,OP-02
2025-07-17,MP-0036,salida,42.8,CONS-111362,BOD-03,OP-05
2025-07-17,MP-0080,salida,47.3,CONS-111369,BOD-01,OP-01
2025-07-17,MP-0139,salida,87.2,CONS-111376,BOD-03,OP-01
2025-07-17,MP-0339,salida,18.6,CONS-111390,BOD-03,OP-04
2025-07-17,MP-0078,salida,52.4,CONS-111397,BOD-03,OP-04
2025-07-17,MP-0340,salida,25.3,CONS-111418,BOD-01,OP-05
2025-07-17,MP-0390,salida,18.1,CONS-111425,BOD-03,OP-05
2025-07-17,MP-0039,salida,6.1,CONS-111439,BOD-02,OP-03
2025-07-17,MP-0032,salida,12.0,CONS-111446,BOD-03,OP-03
2025-07-17,MP-0129,salida,40.5,CONS-111453,BOD-01,OP-06
2025-07-17,MP-0136,salida,34.8,CONS-111460,BOD-03,OP-05
2025-07-17,MP-0217,salida,30.7,CONS-111467,BOD-03,OP-03
2025-07-17,MP-0344,salida,51.0,CONS-111474,BOD-03,OP-05
2025-07-18,MP-0150,entrada,226,REC-OC-6188,BOD-02,OP-02
2025-07-19,MP-0022,entrada,994,REC-OC-5306,BOD-01,OP-01
2025-07-20,MP-0099,entrada,386,REC-OC-5911,BOD-03,OP-02
2025-07-21,MP-0112,entrada,210,REC-OC-5976,BOD-03,OP-05
2025-07-21,MP-0019,salida,107.8,CONS-110705,BOD-01,OP-06
2025-07-21,MP-0022,salida,129.4,CONS-110712,BOD-03,OP-06
2025-07-21,MP-0094,salida,75.1,CONS-110719,BOD-03,OP-06
2025-07-21,MP-0074,salida,78.0,CONS-110726,BOD-02,OP-05
2025-07-21,MP-0299,salida,97.6,CONS-110740,BOD-01,OP-06
2025-07-21,MP-0309,salida,88.5,CONS-110747,BOD-03,OP-02
2025-07-21,MP-0008,salida,74.2,CONS-110761,BOD-03,OP-06
2025-07-21,MP-0005,salida,31.0,CONS-110768,BOD-03,OP-04
2025-07-21,MP-0133,salida,40.8,CONS-110775,BOD-02,OP-01
2025-07-21,MP-0101,salida,35.8,CONS-110782,BOD-02,OP-03
2025-07-21,MP-0149,salida,100.5,CONS-110789,BOD-02,OP-06
2025-07-21,MP-0189,salida,29.0,CONS-110796,BOD-01,OP-03
2025-07-21,MP-0254,salida,42.2,CONS-110803,BOD-01,OP-03
2025-07-21,MP-0161,salida,15.7,CONS-110810,BOD-02,OP-06
2025-07-21,MP-0037,salida,96.4,CONS-110824,BOD-01,OP-01
2025-07-21,MP-0018,salida,16.0,CONS-110831,BOD-02,OP-02
2025-07-21,MP-0073,salida,116.5,CONS-110845,BOD-02,OP-03
2025-07-21,MP-0118,salida,104.6,CONS-110852,BOD-02,OP-01
2025-07-21,MP-0199,salida,99.0,CONS-110859,BOD-03,OP-01
2025-07-21,MP-0232,salida,88.6,CONS-110866,BOD-03,OP-01
2025-07-21,MP-0116,salida,37.1,CONS-110880,BOD-01,OP-04
2025-07-21,MP-0108,salida,70.5,CONS-110887,BOD-02,OP-03
2025-07-21,MP-0293,salida,65.1,CONS-110894,BOD-02,OP-02
2025-07-21,MP-0239,salida,30.9,CONS-110901,BOD-02,OP-01
2025-07-21,MP-0016,salida,114.5,CONS-110908,BOD-01,OP-02
2025-07-21,MP-0120,salida,73.7,CONS-110922,BOD-01,OP-04
2025-07-21,MP-0369,salida,85.8,CONS-110943,BOD-03,OP-02
2025-07-21,MP-0157,salida,84.4,CONS-110950,BOD-03,OP-01
2025-07-21,MP-0001,salida,-108.8,CONS-110957,BOD-01,OP-01
2025-07-21,MP-0014,salida,88.4,CONS-110964,BOD-01,OP-05
2025-07-21,MP-0128,salida,154.1,CONS-110971,BOD-02,OP-04
2025-07-21,MP-0122,salida,45.5,CONS-110992,BOD-02,OP-01
2025-07-21,MP-0131,salida,27.9,CONS-111006,BOD-02,OP-03
2025-07-21,MP-0216,salida,58.3,CONS-111013,BOD-02,OP-04
2025-07-21,MP-0272,salida,7.4,CONS-111020,BOD-01,OP-05
2025-07-21,MP-0010,salida,89.5,CONS-111027,BOD-01,OP-02
2025-07-21,MP-0002,salida,50.8,CONS-111034,BOD-02,OP-06
2025-07-21,MP-0150,salida,71.1,CONS-111041,BOD-01,OP-04
2025-07-21,MP-0085,salida,48.0,CONS-111048,BOD-02,OP-01
2025-07-21,MP-0202,salida,109.1,CONS-111055,BOD-01,OP-06
2025-07-21,MP-0153,salida,50.1,CONS-111062,BOD-03,OP-04
2025-07-21,MP-0178,salida,23.7,CONS-111069,BOD-03,OP-06
2025-07-21,MP-0229,salida,111.7,CONS-111076,BOD-03,OP-01
2025-07-21,MP-0013,salida,82.4,CONS-111083,BOD-01,OP-02
2025-07-21,MP-0020,salida,81.4,CONS-111090,BOD-02,OP-06
2025-07-21,MP-0106,salida,54.2,CONS-111097,BOD-01,OP-04
2025-07-21,MP-0051,salida,167.7,CONS-111104,BOD-01,OP-02
2025-07-21,MP-0411,salida,81.7,CONS-111111,BOD-01,OP-02
2025-07-21,MP-0238,salida,76.9,CONS-111118,BOD-01,OP-03
2025-07-21,MP-0004,salida,63.0,CONS-111125,BOD-01,OP-06
2025-07-21,MP-0033,salida,55.7,CONS-111132,BOD-03,OP-03
2025-07-21,MP-0045,salida,35.3,CONS-111139,BOD-03,OP-03
2025-07-21,MP-0386,salida,78.2,CONS-111146,BOD-02,OP-04
2025-07-21,MP-0393,salida,25.1,CONS-111153,BOD-01,OP-04
2025-07-21,MP-0015,salida,20.6,CONS-111167,BOD-02,OP-05
2025-07-21,MP-0012,salida,31.3,CONS-111174,BOD-02,OP-02
2025-07-21,MP-0142,salida,31.4,CONS-111181,BOD-02,OP-01
2025-07-21,MP-0102,salida,38.4,CONS-111188,BOD-01,OP-02
2025-07-21,MP-0114,salida,9.2,CONS-111195,BOD-02,OP-01
2025-07-21,MP-0193,salida,22.2,CONS-111209,BOD-03,OP-03
2025-07-21,MP-0330,salida,10.2,CONS-111216,BOD-03,OP-05
2025-07-21,MP-0024,salida,66.5,CONS-111223,BOD-03,OP-05
2025-07-21,MP-0117,salida,43.5,CONS-111230,BOD-01,OP-02
2025-07-21,MP-0357,salida,47.9,CONS-111244,BOD-03,OP-04
2025-07-21,MP-0162,salida,7.4,CONS-111251,BOD-03,OP-04
2025-07-21,MP-0009,salida,16.2,CONS-111258,BOD-01,OP-03
2025-07-21,MP-0076,salida,22.4,CONS-111265,BOD-02,OP-04
2025-07-21,MP-0077,salida,23.6,CONS-111272,BOD-02,OP-04
2025-07-21,MP-0026,salida,37.3,CONS-111286,BOD-03,OP-01
2025-07-21,MP-0111,salida,57.4,CONS-111293,BOD-03,OP-03
2025-07-21,MP-0071,salida,45.5,CONS-111300,BOD-01,OP-02
2025-07-21,MP-0388,salida,43.8,CONS-111307,BOD-02,OP-02
2025-07-21,MP-0227,salida,26.3,CONS-111314,BOD-02,OP-03
2025-07-21,MP-0143,salida,24.7,CONS-111328,BOD-01,OP-04
2025-07-21,MP-0181,salida,20.7,CONS-111335,BOD-03,OP-01
2025-07-21,MP-0385,salida,6.1,CONS-111342,BOD-03,OP-01
2025-07-21,MP-0321,salida,11.2,CONS-111349,BOD-02,OP-02
2025-07-21,MP-0343,salida,24.8,CONS-111356,BOD-02,OP-01
2025-07-21,MP-0036,salida,42.8,CONS-111363,BOD-03,OP-04
2025-07-21,MP-0080,salida,47.3,CONS-111370,BOD-01,OP-03
2025-07-21,MP-0139,salida,87.2,CONS-111377,BOD-03,OP-06
2025-07-21,MP-0356,salida,55.9,CONS-111384,BOD-02,OP-03
2025-07-21,MP-0339,salida,18.6,CONS-111391,BOD-01,OP-03
2025-07-21,MP-0078,salida,52.4,CONS-111398,BOD-01,OP-05
2025-07-21,MP-0059,salida,32.3,CONS-111405,BOD-01,OP-04
2025-07-21,MP-0211,salida,25.3,CONS-111412,BOD-03,OP-05
2025-07-21,MP-0340,salida,25.3,CONS-111419,BOD-02,OP-05
2025-07-21,MP-0390,salida,18.1,CONS-111426,BOD-01,OP-02
2025-07-21,MP-0268,salida,16.6,CONS-111433,BOD-03,OP-03
2025-07-21,MP-0039,salida,6.1,CONS-111440,BOD-01,OP-01
2025-07-21,MP-0032,salida,-12.0,CONS-111447,BOD-03,OP-01
2025-07-21,MP-0129,salida,40.5,CONS-111454,BOD-03,OP-04
2025-07-21,MP-0136,salida,34.8,CONS-111461,BOD-01,OP-05
2025-07-21,MP-0217,salida,30.7,CONS-111468,BOD-02,OP-03
2025-07-21,MP-0344,salida,51.0,CONS-111475,BOD-01,OP-03
2025-07-22,MP-0032,entrada,1266,REC-OC-5455,BOD-02,OP-03
2025-07-22,MP-0039,entrada,1066,REC-OC-5569,BOD-03,OP-05
2025-07-22,MP-0305,entrada,15,REC-OC-6350,BOD-01,OP-02
2025-07-22,MP-0099,entrada,341,REC-OC-5913,BOD-01,OP-05
2025-07-23,MP-0147,entrada,410,REC-OC-6174,BOD-02,OP-05
2025-07-24,MP-0025,entrada,1181,REC-OC-5352,BOD-03,OP-04
2025-07-25,MP-0002,entrada,1671,REC-OC-5009,BOD-03,OP-03
2025-07-25,MP-0060,entrada,181,REC-OC-5711,BOD-03,OP-03
2025-07-25,MP-0019,salida,107.8,CONS-110706,BOD-02,OP-01
2025-07-25,MP-0022,salida,129.4,CONS-110713,BOD-03,OP-01
2025-07-25,MP-0094,salida,75.1,CONS-110720,BOD-01,OP-03
2025-07-25,MP-0074,salida,-78.0,CONS-110727,BOD-03,OP-04
2025-07-25,MP-0370,salida,25.2,CONS-110734,BOD-02,OP-04
2025-07-25,MP-0299,salida,97.6,CONS-110741,BOD-03,OP-04
2025-07-25,MP-0309,salida,88.5,CONS-110748,BOD-01,OP-02
2025-07-25,MP-0418,salida,82.2,CONS-110755,BOD-01,OP-03
2025-07-25,MP-0008,salida,74.2,CONS-110762,BOD-03,OP-01
2025-07-25,MP-0005,salida,31.0,CONS-110769,BOD-02,OP-01
2025-07-25,MP-0101,salida,35.8,CONS-110783,BOD-02,OP-04
2025-07-25,MP-0149,salida,100.5,CONS-110790,BOD-03,OP-01
2025-07-25,MP-0254,salida,42.2,CONS-110804,BOD-01,OP-01
2025-07-25,MP-0161,salida,15.7,CONS-110811,BOD-03,OP-02
2025-07-25,MP-0197,salida,38.2,CONS-110818,BOD-03,OP-01
2025-07-25,MP-0037,salida,96.4,CONS-110825,BOD-02,OP-06
2025-07-25,MP-0018,salida,16.0,CONS-110832,BOD-02,OP-06
2025-07-25,MP-0137,salida,80.8,CONS-110839,BOD-01,OP-06
2025-07-25,MP-0118,salida,104.6,CONS-110853,BOD-01,OP-01
2025-07-25,MP-0232,salida,88.6,CONS-110867,BOD-03,OP-03
2025-07-25,MP-0027,salida,12.3,CONS-110874,BOD-01,OP-04
2025-07-25,MP-0116,salida,37.1,CONS-110881,BOD-03,OP-04
2025-07-25,MP-0108,salida,70.5,CONS-110888,BOD-01,OP-06
2025-07-25,MP-0293,salida,65.1,CONS-110895,BOD-01,OP-06
2025-07-25,MP-0016,salida,114.5,CONS-110909,BOD-03,OP-05
2025-07-25,MP-0030,salida,15.4,CONS-110916,BOD-03,OP-01
2025-07-25,MP-0120,salida,73.7,CONS-110923,BOD-02,OP-05
2025-07-25,MP-0043,salida,42.6,CONS-110930,BOD-01,OP-01
2025-07-25,MP-0182,salida,126.6,CONS-110937,BOD-01,OP-03
2025-07-25,MP-0369,salida,85.8,CONS-110944,BOD-03,OP-01
2025-07-25,MP-0157,salida,84.4,CONS-110951,BOD-03,OP-01
2025-07-25,MP-0001,salida,108.8,CONS-110958,BOD-01,OP-01
2025-07-25,MP-0014,salida,88.4,CONS-110965,BOD-01,OP-04
2025-07-25,MP-0128,salida,154.1,CONS-110972,BOD-01,OP-02
2025-07-25,MP-0047,salida,46.8,CONS-110979,BOD-01,OP-06
2025-07-25,MP-0244,salida,52.7,CONS-110986,BOD-01,OP-06
2025-07-25,MP-0132,salida,75.4,CONS-111000,BOD-03,OP-02
2025-07-25,MP-0131,salida,27.9,CONS-111007,BOD-02,OP-06
2025-07-25,MP-0216,salida,58.3,CONS-111014,BOD-01,OP-01
2025-07-25,MP-0272,salida,7.4,CONS-111021,BOD-03,OP-06
2025-07-25,MP-0010,salida,89.5,CONS-111028,BOD-01,OP-02
2025-07-25,MP-0002,salida,50.8,CONS-111035,BOD-01,OP-06
2025-07-25,MP-0150,salida,71.1,CONS-111042,BOD-01,OP-06
2025-07-25,MP-0085,salida,48.0,CONS-111049,BOD-01,OP-01
2025-07-25,MP-0202,salida,109.1,CONS-111056,BOD-01,OP-05
2025-07-25,MP-0153,salida,50.1,CONS-111063,BOD-02,OP-04
2025-07-25,MP-0178,salida,23.7,CONS-111070,BOD-03,OP-05
2025-07-25,MP-0229,salida,111.7,CONS-111077,BOD-02,OP-03
2025-07-25,MP-0013,salida,82.4,CONS-111084,BOD-03,OP-02
2025-07-25,MP-0020,salida,81.4,CONS-111091,BOD-01,OP-01
2025-07-25,MP-0106,salida,54.2,CONS-111098,BOD-01,OP-03
2025-07-25,MP-0051,salida,167.7,CONS-111105,BOD-02,OP-06
2025-07-25,MP-0411,salida,81.7,CONS-111112,BOD-03,OP-06
2025-07-25,MP-0238,salida,76.9,CONS-111119,BOD-03,OP-02
2025-07-25,MP-0004,salida,63.0,CONS-111126,BOD-02,OP-06
2025-07-25,MP-0033,salida,55.7,CONS-111133,BOD-02,OP-03
2025-07-25,MP-0045,salida,35.3,CONS-111140,BOD-03,OP-06
2025-07-25,MP-0386,salida,78.2,CONS-111147,BOD-03,OP-02
2025-07-25,MP-0393,salida,25.1,CONS-111154,BOD-02,OP-04
2025-07-25,MP-0373,salida,-115.6,CONS-111161,BOD-03,OP-03
2025-07-25,MP-0015,salida,20.6,CONS-111168,BOD-02,OP-04
2025-07-25,MP-0012,salida,31.3,CONS-111175,BOD-03,OP-02
2025-07-25,MP-0142,salida,31.4,CONS-111182,BOD-02,OP-02
2025-07-25,MP-0102,salida,38.4,CONS-111189,BOD-02,OP-01
2025-07-25,MP-0114,salida,9.2,CONS-111196,BOD-02,OP-06
2025-07-25,MP-0325,salida,24.6,CONS-111203,BOD-01,OP-02
2025-07-25,MP-0193,salida,22.2,CONS-111210,BOD-01,OP-03
2025-07-25,MP-0330,salida,10.2,CONS-111217,BOD-02,OP-06
2025-07-25,MP-0024,salida,66.5,CONS-111224,BOD-03,OP-03
2025-07-25,MP-0117,salida,43.5,CONS-111231,BOD-02,OP-01
2025-07-25,MP-0060,salida,38.9,CONS-111238,BOD-03,OP-04
2025-07-25,MP-0357,salida,47.9,CONS-111245,BOD-02,OP-01
2025-07-25,MP-0162,salida,7.4,CONS-111252,BOD-03,OP-05
2025-07-25,MP-0009,salida,-16.2,CONS-111259,BOD-03,OP-05
2025-07-25,MP-0076,salida,22.4,CONS-111266,BOD-02,OP-06
2025-07-25,MP-0077,salida,23.6,CONS-111273,BOD-03,OP-01
2025-07-25,MP-0273,salida,25.1,CONS-111280,BOD-01,OP-05
2025-07-25,MP-0026,salida,37.3,CONS-111287,BOD-03,OP-05
2025-07-25,MP-0111,salida,57.4,CONS-111294,BOD-02,OP-02
2025-07-25,MP-0071,salida,45.5,CONS-111301,BOD-01,OP-06
2025-07-25,MP-0388,salida,43.8,CONS-111308,BOD-03,OP-03
2025-07-25,MP-0227,salida,26.3,CONS-111315,BOD-03,OP-03
2025-07-25,MP-0088,salida,22.0,CONS-111322,BOD-01,OP-01
2025-07-25,MP-0143,salida,24.7,CONS-111329,BOD-03,OP-05
2025-07-25,MP-0181,salida,20.7,CONS-111336,BOD-02,OP-03
2025-07-25,MP-0385,salida,6.1,CONS-111343,BOD-01,OP-04
2025-07-25,MP-0036,salida,42.8,CONS-111364,BOD-02,OP-03
2025-07-25,MP-0080,salida,-47.3,CONS-111371,BOD-01,OP-05
2025-07-25,MP-0139,salida,87.2,CONS-111378,BOD-01,OP-06
2025-07-25,MP-0356,salida,-55.9,CONS-111385,BOD-02,OP-04
2025-07-25,MP-0339,salida,18.6,CONS-111392,BOD-03,OP-05
2025-07-25,MP-0078,salida,52.4,CONS-111399,BOD-01,OP-01
2025-07-25,MP-0059,salida,32.3,CONS-111406,BOD-02,OP-03
2025-07-25,MP-0211,salida,25.3,CONS-111413,BOD-03,OP-03
2025-07-25,MP-0340,salida,25.3,CONS-111420,BOD-02,OP-02
2025-07-25,MP-0390,salida,18.1,CONS-111427,BOD-02,OP-03
2025-07-25,MP-0268,salida,16.6,CONS-111434,BOD-01,OP-02
2025-07-25,MP-0039,salida,-6.1,CONS-111441,BOD-02,OP-05
2025-07-25,MP-0032,salida,12.0,CONS-111448,BOD-01,OP-02
2025-07-25,MP-0129,salida,40.5,CONS-111455,BOD-03,OP-05
2025-07-25,MP-0136,salida,-34.8,CONS-111462,BOD-02,OP-02
2025-07-25,MP-0217,salida,30.7,CONS-111469,BOD-03,OP-01
2025-07-25,MP-0344,salida,51.0,CONS-111476,BOD-03,OP-05
2025-07-26,MP-0115,entrada,292,REC-OC-5987,BOD-03,OP-06
2025-07-27,MP-0033,entrada,1417,REC-OC-5489,BOD-01,OP-01
2025-07-27,MP-0293,entrada,31,REC-OC-6338,BOD-01,OP-06
2025-07-28,MP-0121,entrada,428,REC-OC-6015,BOD-01,OP-02
2025-07-29,MP-0071,entrada,243,REC-OC-5755,BOD-01,OP-03
2025-07-29,MP-0262,entrada,13,REC-OC-6306,BOD-02,OP-02
2025-07-29,MP-0169,entrada,22,REC-OC-6210,BOD-02,OP-01
2025-07-29,MP-0108,entrada,216,REC-OC-5958,BOD-01,OP-01
2025-07-29,MP-0031,entrada,599,REC-OC-5444,BOD-03,OP-04
2025-07-29,MP-0008,entrada,705,REC-OC-5090,BOD-03,OP-05
2025-07-30,MP-0188,entrada,50,REC-OC-6230,BOD-03,OP-04
2025-07-31,MP-0017,entrada,2505,REC-OC-5229,BOD-01,OP-05
2025-08-01,MP-0019,salida,85.2,CONS-111477,BOD-01,OP-05
2025-08-01,MP-0022,salida,92.0,CONS-111484,BOD-01,OP-05
2025-08-01,MP-0094,salida,51.1,CONS-111491,BOD-01,OP-05
2025-08-01,MP-0074,salida,53.1,CONS-111498,BOD-03,OP-04
2025-08-01,MP-0370,salida,17.2,CONS-111505,BOD-03,OP-05
2025-08-01,MP-0299,salida,66.4,CONS-111512,BOD-02,OP-06
2025-08-01,MP-0309,salida,60.2,CONS-111519,BOD-03,OP-04
2025-08-01,MP-0418,salida,55.9,CONS-111526,BOD-03,OP-02
2025-08-01,MP-0005,salida,101.1,CONS-111540,BOD-01,OP-06
2025-08-01,MP-0133,salida,99.8,CONS-111547,BOD-02,OP-03
2025-08-01,MP-0101,salida,87.7,CONS-111554,BOD-03,OP-05
2025-08-01,MP-0149,salida,97.7,CONS-111561,BOD-03,OP-05
2025-08-01,MP-0189,salida,70.9,CONS-111568,BOD-01,OP-05
2025-08-01,MP-0254,salida,103.2,CONS-111575,BOD-02,OP-03
2025-08-01,MP-0161,salida,38.5,CONS-111582,BOD-02,OP-06
2025-08-01,MP-0197,salida,93.4,CONS-111589,BOD-02,OP-02
2025-08-01,MP-0037,salida,47.8,CONS-111596,BOD-03,OP-02
2025-08-01,MP-0018,salida,7.9,CONS-111603,BOD-02,OP-04
2025-08-01,MP-0137,salida,40.0,CONS-111610,BOD-02,OP-06
2025-08-01,MP-0118,salida,51.8,CONS-111624,BOD-03,OP-02
2025-08-01,MP-0199,salida,49.1,CONS-111631,BOD-02,OP-01
2025-08-01,MP-0232,salida,43.9,CONS-111638,BOD-02,OP-06
2025-08-01,MP-0027,salida,6.4,CONS-111645,BOD-03,OP-03
2025-08-01,MP-0116,salida,19.3,CONS-111652,BOD-02,OP-01
2025-08-01,MP-0293,salida,33.8,CONS-111666,BOD-01,OP-05
2025-08-01,MP-0239,salida,16.1,CONS-111673,BOD-02,OP-04
2025-08-01,MP-0016,salida,130.2,CONS-111680,BOD-03,OP-05
2025-08-01,MP-0030,salida,-20.2,CONS-111687,BOD-03,OP-05
2025-08-01,MP-0120,salida,96.7,CONS-111694,BOD-03,OP-02
2025-08-01,MP-0043,salida,55.9,CONS-111701,BOD-02,OP-03
2025-08-01,MP-0182,salida,123.0,CONS-111708,BOD-01,OP-02
2025-08-01,MP-0369,salida,112.6,CONS-111715,BOD-03,OP-05
2025-08-01,MP-0157,salida,88.0,CONS-111722,BOD-02,OP-01
2025-08-01,MP-0001,salida,74.7,CONS-111729,BOD-02,OP-01
2025-08-01,MP-0128,salida,106.1,CONS-111743,BOD-02,OP-01
2025-08-01,MP-0047,salida,32.1,CONS-111750,BOD-03,OP-03
2025-08-01,MP-0244,salida,36.2,CONS-111757,BOD-02,OP-05
2025-08-01,MP-0122,salida,34.8,CONS-111764,BOD-02,OP-01
2025-08-01,MP-0132,salida,57.6,CONS-111771,BOD-02,OP-01
2025-08-01,MP-0131,salida,21.3,CONS-111778,BOD-03,OP-04
2025-08-01,MP-0216,salida,44.6,CONS-111785,BOD-01,OP-01
2025-08-01,MP-0272,salida,5.6,CONS-111792,BOD-01,OP-05
2025-08-01,MP-0010,salida,53.9,CONS-111799,BOD-03,OP-06
2025-08-01,MP-0002,salida,30.6,CONS-111806,BOD-02,OP-05
2025-08-01,MP-0150,salida,42.8,CONS-111813,BOD-01,OP-03
2025-08-01,MP-0085,salida,86.5,CONS-111820,BOD-01,OP-02
2025-08-01,MP-0202,salida,65.7,CONS-111827,BOD-03,OP-03
2025-08-01,MP-0153,salida,30.2,CONS-111834,BOD-02,OP-01
2025-08-01,MP-0178,salida,14.2,CONS-111841,BOD-03,OP-06
2025-08-01,MP-0229,salida,67.3,CONS-111848,BOD-02,OP-01
2025-08-01,MP-0013,salida,56.8,CONS-111855,BOD-02,OP-06
2025-08-01,MP-0020,salida,90.9,CONS-111862,BOD-01,OP-01
2025-08-01,MP-0106,salida,37.4,CONS-111869,BOD-03,OP-01
2025-08-01,MP-0051,salida,115.8,CONS-111876,BOD-01,OP-06
2025-08-01,MP-0411,salida,56.3,CONS-111883,BOD-01,OP-05
2025-08-01,MP-0238,salida,53.0,CONS-111890,BOD-01,OP-04
2025-08-01,MP-0004,salida,43.5,CONS-111897,BOD-02,OP-04
2025-08-01,MP-0033,salida,38.5,CONS-111904,BOD-03,OP-04
2025-08-01,MP-0045,salida,24.4,CONS-111911,BOD-03,OP-03
2025-08-01,MP-0386,salida,54.0,CONS-111918,BOD-02,OP-05
2025-08-01,MP-0393,salida,17.3,CONS-111925,BOD-01,OP-04
2025-08-01,MP-0373,salida,124.1,CONS-111932,BOD-02,OP-04
2025-08-01,MP-0015,salida,-15.3,CONS-111939,BOD-02,OP-04
2025-08-01,MP-0012,salida,23.3,CONS-111946,BOD-02,OP-06
2025-08-01,MP-0142,salida,23.4,CONS-111953,BOD-01,OP-01
2025-08-01,MP-0102,salida,28.5,CONS-111960,BOD-02,OP-06
2025-08-01,MP-0114,salida,6.8,CONS-111967,BOD-02,OP-03
2025-08-01,MP-0325,salida,18.3,CONS-111974,BOD-02,OP-05
2025-08-01,MP-0193,salida,16.5,CONS-111981,BOD-01,OP-04
2025-08-01,MP-0330,salida,7.6,CONS-111988,BOD-02,OP-04
2025-08-01,MP-0024,salida,147.4,CONS-111995,BOD-03,OP-03
2025-08-01,MP-0117,salida,72.9,CONS-112002,BOD-02,OP-06
2025-08-01,MP-0060,salida,65.1,CONS-112009,BOD-01,OP-05
2025-08-01,MP-0357,salida,80.1,CONS-112016,BOD-03,OP-05
2025-08-01,MP-0162,salida,12.3,CONS-112023,BOD-02,OP-05
2025-08-01,MP-0009,salida,60.3,CONS-112030,BOD-03,OP-05
2025-08-01,MP-0076,salida,83.4,CONS-112037,BOD-01,OP-05
2025-08-01,MP-0077,salida,87.9,CONS-112044,BOD-03,OP-02
2025-08-01,MP-0026,salida,14.6,CONS-112058,BOD-03,OP-04
2025-08-01,MP-0111,salida,22.4,CONS-112065,BOD-01,OP-04
2025-08-01,MP-0388,salida,17.1,CONS-112079,BOD-02,OP-04
2025-08-01,MP-0227,salida,10.3,CONS-112086,BOD-03,OP-04
2025-08-01,MP-0088,salida,109.3,CONS-112093,BOD-01,OP-05
2025-08-01,MP-0143,salida,122.2,CONS-112100,BOD-03,OP-01
2025-08-01,MP-0181,salida,102.7,CONS-112107,BOD-03,OP-06
2025-08-01,MP-0385,salida,30.1,CONS-112114,BOD-03,OP-04
2025-08-01,MP-0321,salida,55.4,CONS-112121,BOD-03,OP-03
2025-08-01,MP-0343,salida,123.1,CONS-112128,BOD-02,OP-02
2025-08-01,MP-0036,salida,46.3,CONS-112135,BOD-02,OP-03
2025-08-01,MP-0080,salida,51.2,CONS-112142,BOD-02,OP-02
2025-08-01,MP-0139,salida,94.3,CONS-112149,BOD-03,OP-05
2025-08-01,MP-0356,salida,60.4,CONS-112156,BOD-01,OP-03
2025-08-01,MP-0339,salida,20.1,CONS-112163,BOD-02,OP-04
2025-08-01,MP-0059,salida,31.0,CONS-112177,BOD-02,OP-05
2025-08-01,MP-0211,salida,24.2,CONS-112184,BOD-03,OP-04
2025-08-01,MP-0340,salida,24.2,CONS-112191,BOD-03,OP-02
2025-08-01,MP-0390,salida,17.4,CONS-112198,BOD-02,OP-01
2025-08-01,MP-0039,salida,10.3,CONS-112212,BOD-03,OP-06
2025-08-01,MP-0129,salida,68.4,CONS-112226,BOD-03,OP-06
2025-08-01,MP-0136,salida,58.8,CONS-112233,BOD-02,OP-06
2025-08-01,MP-0217,salida,51.9,CONS-112240,BOD-01,OP-06
2025-08-01,MP-0344,salida,86.1,CONS-112247,BOD-03,OP-02
2025-08-02,MP-0123,entrada,425,REC-OC-6026,BOD-03,OP-05
2025-08-02,MP-0131,entrada,493,REC-OC-6083,BOD-01,OP-06
2025-08-02,MP-0075,entrada,135,REC-OC-5775,BOD-01,OP-05
2025-08-03,MP-0176,entrada,70,REC-OC-6218,BOD-01,OP-05
2025-08-03,MP-0084,entrada,291,REC-OC-5819,BOD-03,OP-02
2025-08-04,MP-0011,entrada,1108,REC-OC-5137,BOD-01,OP-05
2025-08-04,MP-0132,entrada,139,REC-OC-6086,BOD-01,OP-03
2025-08-04,MP-0344,ajuste,15,AJU-120032,BOD-02,AUDIT
2025-08-05,MP-0019,salida,85.2,CONS-111478,BOD-03,OP-04
2025-08-05,MP-0022,salida,92.0,CONS-111485,BOD-02,OP-01
2025-08-05,MP-0094,salida,51.1,CONS-111492,BOD-01,OP-05
2025-08-05,MP-0074,salida,53.1,CONS-111499,BOD-03,OP-04
2025-08-05,MP-0370,salida,17.2,CONS-111506,BOD-03,OP-01
2025-08-05,MP-0299,salida,-66.4,CONS-111513,BOD-01,OP-04
2025-08-05,MP-0309,salida,60.2,CONS-111520,BOD-02,OP-06
2025-08-05,MP-0418,salida,55.9,CONS-111527,BOD-03,OP-01
2025-08-05,MP-0008,salida,125.0,CONS-111534,BOD-02,OP-03
2025-08-05,MP-0005,salida,101.1,CONS-111541,BOD-03,OP-05
2025-08-05,MP-0133,salida,-99.8,CONS-111548,BOD-02,OP-05
2025-08-05,MP-0101,salida,87.7,CONS-111555,BOD-03,OP-02
2025-08-05,MP-0149,salida,97.7,CONS-111562,BOD-03,OP-03
2025-08-05,MP-0189,salida,70.9,CONS-111569,BOD-01,OP-02
2025-08-05,MP-0254,salida,103.2,CONS-111576,BOD-03,OP-03
2025-08-05,MP-0161,salida,38.5,CONS-111583,BOD-02,OP-02
2025-08-05,MP-0197,salida,93.4,CONS-111590,BOD-01,OP-02
2025-08-05,MP-0037,salida,47.8,CONS-111597,BOD-03,OP-02
2025-08-05,MP-0018,salida,7.9,CONS-111604,BOD-01,OP-01
2025-08-05,MP-0137,salida,40.0,CONS-111611,BOD-01,OP-02
2025-08-05,MP-0073,salida,57.7,CONS-111618,BOD-03,OP-05
2025-08-05,MP-0118,salida,51.8,CONS-111625,BOD-02,OP-05
2025-08-05,MP-0199,salida,49.1,CONS-111632,BOD-02,OP-06
2025-08-05,MP-0232,salida,43.9,CONS-111639,BOD-02,OP-04
2025-08-05,MP-0027,salida,6.4,CONS-111646,BOD-02,OP-01
2025-08-05,MP-0116,salida,19.3,CONS-111653,BOD-02,OP-04
2025-08-05,MP-0108,salida,45.2,CONS-111660,BOD-01,OP-05
2025-08-05,MP-0293,salida,33.8,CONS-111667,BOD-01,OP-05
2025-08-05,MP-0239,salida,16.1,CONS-111674,BOD-02,OP-04
2025-08-05,MP-0016,salida,130.2,CONS-111681,BOD-01,OP-04
2025-08-05,MP-0030,salida,20.2,CONS-111688,BOD-02,OP-02
2025-08-05,MP-0120,salida,96.7,CONS-111695,BOD-03,OP-04
2025-08-05,MP-0043,salida,55.9,CONS-111702,BOD-03,OP-01
2025-08-05,MP-0182,salida,123.0,CONS-111709,BOD-02,OP-01
2025-08-05,MP-0369,salida,112.6,CONS-111716,BOD-03,OP-02
2025-08-05,MP-0157,salida,88.0,CONS-111723,BOD-02,OP-03
2025-08-05,MP-0014,salida,60.7,CONS-111737,BOD-02,OP-05
2025-08-05,MP-0128,salida,106.1,CONS-111744,BOD-03,OP-01
2025-08-05,MP-0047,salida,32.1,CONS-111751,BOD-03,OP-02
2025-08-05,MP-0244,salida,36.2,CONS-111758,BOD-01,OP-02
2025-08-05,MP-0122,salida,34.8,CONS-111765,BOD-01,OP-06
2025-08-05,MP-0132,salida,57.6,CONS-111772,BOD-03,OP-06
2025-08-05,MP-0131,salida,21.3,CONS-111779,BOD-02,OP-01
2025-08-05,MP-0216,salida,44.6,CONS-111786,BOD-03,OP-04
2025-08-05,MP-0272,salida,5.6,CONS-111793,BOD-03,OP-01
2025-08-05,MP-0010,salida,53.9,CONS-111800,BOD-03,OP-06
2025-08-05,MP-0002,salida,30.6,CONS-111807,BOD-01,OP-06
2025-08-05,MP-0150,salida,42.8,CONS-111814,BOD-02,OP-06
2025-08-05,MP-0085,salida,86.5,CONS-111821,BOD-03,OP-03
2025-08-05,MP-0202,salida,65.7,CONS-111828,BOD-01,OP-01
2025-08-05,MP-0153,salida,30.2,CONS-111835,BOD-02,OP-02
2025-08-05,MP-0178,salida,14.2,CONS-111842,BOD-02,OP-02
2025-08-05,MP-0229,salida,67.3,CONS-111849,BOD-01,OP-03
2025-08-05,MP-0013,salida,56.8,CONS-111856,BOD-02,OP-02
2025-08-05,MP-0020,salida,90.9,CONS-111863,BOD-01,OP-01
2025-08-05,MP-0106,salida,37.4,CONS-111870,BOD-03,OP-06
2025-08-05,MP-0051,salida,115.8,CONS-111877,BOD-02,OP-03
2025-08-05,MP-0411,salida,56.3,CONS-111884,BOD-01,OP-03
2025-08-05,MP-0238,salida,53.0,CONS-111891,BOD-02,OP-02
2025-08-05,MP-0004,salida,43.5,CONS-111898,BOD-02,OP-05
2025-08-05,MP-0033,salida,38.5,CONS-111905,BOD-03,OP-06
2025-08-05,MP-0045,salida,24.4,CONS-111912,BOD-01,OP-04
2025-08-05,MP-0386,salida,54.0,CONS-111919,BOD-03,OP-05
2025-08-05,MP-0393,salida,17.3,CONS-111926,BOD-02,OP-06
2025-08-05,MP-0373,salida,124.1,CONS-111933,BOD-03,OP-04
2025-08-05,MP-0015,salida,15.3,CONS-111940,BOD-02,OP-01
2025-08-05,MP-0012,salida,23.3,CONS-111947,BOD-03,OP-04
2025-08-05,MP-0142,salida,23.4,CONS-111954,BOD-01,OP-06
2025-08-05,MP-0102,salida,28.5,CONS-111961,BOD-02,OP-03
2025-08-05,MP-0114,salida,6.8,CONS-111968,BOD-03,OP-03
2025-08-05,MP-0193,salida,16.5,CONS-111982,BOD-01,OP-01
2025-08-05,MP-0024,salida,147.4,CONS-111996,BOD-01,OP-02
2025-08-05,MP-0117,salida,72.9,CONS-112003,BOD-03,OP-04
2025-08-05,MP-0060,salida,65.1,CONS-112010,BOD-03,OP-01
2025-08-05,MP-0357,salida,80.1,CONS-112017,BOD-03,OP-04
2025-08-05,MP-0162,salida,12.3,CONS-112024,BOD-01,OP-01
2025-08-05,MP-0009,salida,-60.3,CONS-112031,BOD-02,OP-04
2025-08-05,MP-0076,salida,83.4,CONS-112038,BOD-01,OP-05
2025-08-05,MP-0077,salida,87.9,CONS-112045,BOD-02,OP-03
2025-08-05,MP-0273,salida,93.7,CONS-112052,BOD-03,OP-01
2025-08-05,MP-0026,salida,14.6,CONS-112059,BOD-01,OP-06
2025-08-05,MP-0111,salida,22.4,CONS-112066,BOD-02,OP-05
2025-08-05,MP-0071,salida,17.7,CONS-112073,BOD-03,OP-05
2025-08-05,MP-0388,salida,17.1,CONS-112080,BOD-01,OP-03
2025-08-05,MP-0088,salida,109.3,CONS-112094,BOD-02,OP-06
2025-08-05,MP-0143,salida,122.2,CONS-112101,BOD-03,OP-02
2025-08-05,MP-0181,salida,102.7,CONS-112108,BOD-03,OP-04
2025-08-05,MP-0385,salida,30.1,CONS-112115,BOD-02,OP-01
2025-08-05,MP-0321,salida,55.4,CONS-112122,BOD-03,OP-05
2025-08-05,MP-0343,salida,123.1,CONS-112129,BOD-02,OP-02
2025-08-05,MP-0036,salida,46.3,CONS-112136,BOD-03,OP-02
2025-08-05,MP-0080,salida,51.2,CONS-112143,BOD-03,OP-03
2025-08-05,MP-0139,salida,94.3,CONS-112150,BOD-03,OP-04
2025-08-05,MP-0356,salida,60.4,CONS-112157,BOD-03,OP-03
2025-08-05,MP-0339,salida,20.1,CONS-112164,BOD-01,OP-04
2025-08-05,MP-0078,salida,50.2,CONS-112171,BOD-02,OP-06
2025-08-05,MP-0059,salida,31.0,CONS-112178,BOD-02,OP-05
2025-08-05,MP-0211,salida,24.2,CONS-112185,BOD-03,OP-01
2025-08-05,MP-0340,salida,24.2,CONS-112192,BOD-02,OP-05
2025-08-05,MP-0390,salida,17.4,CONS-112199,BOD-02,OP-01
2025-08-05,MP-0039,salida,10.3,CONS-112213,BOD-03,OP-03
2025-08-05,MP-0032,salida,20.2,CONS-112220,BOD-02,OP-06
2025-08-05,MP-0129,salida,68.4,CONS-112227,BOD-01,OP-06
2025-08-05,MP-0136,salida,58.8,CONS-112234,BOD-01,OP-01
2025-08-05,MP-0217,salida,51.9,CONS-112241,BOD-02,OP-02
2025-08-05,MP-0344,salida,86.1,CONS-112248,BOD-03,OP-02
2025-08-06,MP-0005,entrada,1086,REC-OC-5067,BOD-01,OP-03
2025-08-06,MP-0127,entrada,284,REC-OC-6047,BOD-02,OP-03
2025-08-06,MP-0005,entrada,1357,REC-OC-5065,BOD-01,OP-03
2025-08-07,MP-0011,entrada,1312,REC-OC-5145,BOD-01,OP-03
2025-08-07,MP-0358,entrada,63,REC-OC-6407,BOD-02,OP-05
2025-08-07,MP-0082,entrada,120,REC-OC-5803,BOD-01,OP-05
2025-08-08,MP-0409,entrada,88,REC-OC-6460,BOD-01,OP-03
2025-08-08,MP-0314,entrada,61,REC-OC-6360,BOD-03,OP-04
2025-08-08,MP-0301,entrada,27,REC-OC-6346,BOD-03,OP-03
2025-08-09,MP-0114,entrada,284,REC-OC-5980,BOD-02,OP-04
2025-08-09,MP-0227,entrada,72,REC-OC-6270,BOD-02,OP-03
2025-08-09,MP-0141,entrada,333,REC-OC-6137,BOD-01,OP-06
2025-08-09,MP-0050,entrada,491,REC-OC-5647,BOD-01,OP-06
2025-08-09,MP-0019,salida,85.2,CONS-111479,BOD-02,OP-06
2025-08-09,MP-0022,salida,92.0,CONS-111486,BOD-02,OP-03
2025-08-09,MP-0094,salida,51.1,CONS-111493,BOD-02,OP-06
2025-08-09,MP-0370,salida,17.2,CONS-111507,BOD-01,OP-02
2025-08-09,MP-0299,salida,66.4,CONS-111514,BOD-02,OP-02
2025-08-09,MP-0309,salida,60.2,CONS-111521,BOD-02,OP-04
2025-08-09,MP-0418,salida,55.9,CONS-111528,BOD-02,OP-02
2025-08-09,MP-0008,salida,125.0,CONS-111535,BOD-03,OP-04
2025-08-09,MP-0005,salida,101.1,CONS-111542,BOD-03,OP-03
2025-08-09,MP-0133,salida,99.8,CONS-111549,BOD-01,OP-05
2025-08-09,MP-0101,salida,87.7,CONS-111556,BOD-03,OP-05
2025-08-09,MP-0149,salida,97.7,CONS-111563,BOD-01,OP-04
2025-08-09,MP-0189,salida,70.9,CONS-111570,BOD-01,OP-02
2025-08-09,MP-0254,salida,103.2,CONS-111577,BOD-02,OP-05
2025-08-09,MP-0161,salida,38.5,CONS-111584,BOD-02,OP-01
2025-08-09,MP-0197,salida,-93.4,CONS-111591,BOD-02,OP-05
2025-08-09,MP-0037,salida,47.8,CONS-111598,BOD-03,OP-01
2025-08-09,MP-0018,salida,7.9,CONS-111605,BOD-01,OP-05
2025-08-09,MP-0137,salida,40.0,CONS-111612,BOD-02,OP-04
2025-08-09,MP-0118,salida,51.8,CONS-111626,BOD-02,OP-03
2025-08-09,MP-0199,salida,49.1,CONS-111633,BOD-02,OP-01
2025-08-09,MP-0232,salida,43.9,CONS-111640,BOD-03,OP-02
2025-08-09,MP-0027,salida,6.4,CONS-111647,BOD-03,OP-05
2025-08-09,MP-0116,salida,19.3,CONS-111654,BOD-02,OP-01
2025-08-09,MP-0108,salida,45.2,CONS-111661,BOD-02,OP-06
2025-08-09,MP-0293,salida,33.8,CONS-111668,BOD-02,OP-02
2025-08-09,MP-0239,salida,16.1,CONS-111675,BOD-01,OP-04
2025-08-09,MP-0016,salida,130.2,CONS-111682,BOD-01,OP-01
2025-08-09,MP-0030,salida,20.2,CONS-111689,BOD-02,OP-04
2025-08-09,MP-0120,salida,96.7,CONS-111696,BOD-03,OP-01
2025-08-09,MP-0043,salida,55.9,CONS-111703,BOD-03,OP-01
2025-08-09,MP-0182,salida,123.0,CONS-111710,BOD-01,OP-04
2025-08-09,MP-0369,salida,112.6,CONS-111717,BOD-02,OP-06
2025-08-09,MP-0001,salida,74.7,CONS-111731,BOD-02,OP-04
2025-08-09,MP-0014,salida,60.7,CONS-111738,BOD-01,OP-02
2025-08-09,MP-0128,salida,106.1,CONS-111745,BOD-02,OP-02
2025-08-09,MP-0047,salida,32.1,CONS-111752,BOD-03,OP-05
2025-08-09,MP-0244,salida,36.2,CONS-111759,BOD-03,OP-06
2025-08-09,MP-0122,salida,34.8,CONS-111766,BOD-01,OP-02
2025-08-09,MP-0132,salida,57.6,CONS-111773,BOD-01,OP-06
2025-08-09,MP-0131,salida,21.3,CONS-111780,BOD-02,OP-01
2025-08-09,MP-0216,salida,44.6,CONS-111787,BOD-03,OP-06
2025-08-09,MP-0272,salida,5.6,CONS-111794,BOD-03,OP-02
2025-08-09,MP-0010,salida,53.9,CONS-111801,BOD-03,OP-04
2025-08-09,MP-0002,salida,30.6,CONS-111808,BOD-03,OP-04
2025-08-09,MP-0150,salida,42.8,CONS-111815,BOD-01,OP-06
2025-08-09,MP-0085,salida,86.5,CONS-111822,BOD-01,OP-06
2025-08-09,MP-0202,salida,65.7,CONS-111829,BOD-02,OP-06
2025-08-09,MP-0153,salida,30.2,CONS-111836,BOD-03,OP-04
2025-08-09,MP-0178,salida,14.2,CONS-111843,BOD-01,OP-01
2025-08-09,MP-0229,salida,67.3,CONS-111850,BOD-02,OP-03
2025-08-09,MP-0013,salida,56.8,CONS-111857,BOD-03,OP-04
2025-08-09,MP-0106,salida,37.4,CONS-111871,BOD-02,OP-02
2025-08-09,MP-0051,salida,115.8,CONS-111878,BOD-01,OP-04
2025-08-09,MP-0411,salida,56.3,CONS-111885,BOD-02,OP-03
2025-08-09,MP-0238,salida,53.0,CONS-111892,BOD-02,OP-02
2025-08-09,MP-0004,salida,43.5,CONS-111899,BOD-01,OP-05
2025-08-09,MP-0033,salida,38.5,CONS-111906,BOD-01,OP-04
2025-08-09,MP-0045,salida,24.4,CONS-111913,BOD-02,OP-05
2025-08-09,MP-0386,salida,54.0,CONS-111920,BOD-03,OP-03
2025-08-09,MP-0393,salida,17.3,CONS-111927,BOD-01,OP-04
2025-08-09,MP-0373,salida,124.1,CONS-111934,BOD-02,OP-06
2025-08-09,MP-0015,salida,15.3,CONS-111941,BOD-03,OP-06
2025-08-09,MP-0012,salida,23.3,CONS-111948,BOD-01,OP-06
2025-08-09,MP-0142,salida,23.4,CONS-111955,BOD-02,OP-04
2025-08-09,MP-0102,salida,28.5,CONS-111962,BOD-02,OP-05
2025-08-09,MP-0114,salida,6.8,CONS-111969,BOD-01,OP-04
2025-08-09,MP-0193,salida,16.5,CONS-111983,BOD-01,OP-04
2025-08-09,MP-0330,salida,7.6,CONS-111990,BOD-01,OP-06
2025-08-09,MP-0024,salida,147.4,CONS-111997,BOD-02,OP-02
2025-08-09,MP-0117,salida,72.9,CONS-112004,BOD-03,OP-04
2025-08-09,MP-0162,salida,12.3,CONS-112025,BOD-01,OP-04
2025-08-09,MP-0076,salida,83.4,CONS-112039,BOD-03,OP-05
2025-08-09,MP-0077,salida,87.9,CONS-112046,BOD-01,OP-01
2025-08-09,MP-0273,salida,93.7,CONS-112053,BOD-01,OP-04
2025-08-09,MP-0026,salida,14.6,CONS-112060,BOD-02,OP-02
2025-08-09,MP-0111,salida,22.4,CONS-112067,BOD-02,OP-03
2025-08-09,MP-0071,salida,17.7,CONS-112074,BOD-01,OP-01
2025-08-09,MP-0388,salida,17.1,CONS-112081,BOD-01,OP-04
2025-08-09,MP-0227,salida,10.3,CONS-112088,BOD-01,OP-02
2025-08-09,MP-0088,salida,109.3,CONS-112095,BOD-01,OP-02
2025-08-09,MP-0143,salida,122.2,CONS-112102,BOD-01,OP-03
2025-08-09,MP-0181,salida,102.7,CONS-112109,BOD-02,OP-03
2025-08-09,MP-0385,salida,30.1,CONS-112116,BOD-01,OP-02
2025-08-09,MP-0321,salida,55.4,CONS-112123,BOD-01,OP-06
2025-08-09,MP-0343,salida,123.1,CONS-112130,BOD-02,OP-02
2025-08-09,MP-0036,salida,46.3,CONS-112137,BOD-03,OP-04
2025-08-09,MP-0080,salida,-51.2,CONS-112144,BOD-03,OP-05
2025-08-09,MP-0139,salida,94.3,CONS-112151,BOD-02,OP-06
2025-08-09,MP-0339,salida,20.1,CONS-112165,BOD-03,OP-03
2025-08-09,MP-0059,salida,31.0,CONS-112179,BOD-03,OP-01
2025-08-09,MP-0211,salida,24.2,CONS-112186,BOD-01,OP-03
2025-08-09,MP-0340,salida,24.2,CONS-112193,BOD-01,OP-04
2025-08-09,MP-0390,salida,17.4,CONS-112200,BOD-02,OP-05
2025-08-09,MP-0039,salida,10.3,CONS-112214,BOD-02,OP-05
2025-08-09,MP-0032,salida,20.2,CONS-112221,BOD-03,OP-01
2025-08-09,MP-0129,salida,68.4,CONS-112228,BOD-02,OP-01
2025-08-09,MP-0136,salida,58.8,CONS-112235,BOD-02,OP-03
2025-08-09,MP-0217,salida,51.9,CONS-112242,BOD-02,OP-03
2025-08-09,MP-0344,salida,86.1,CONS-112249,BOD-03,OP-02
2025-08-11,MP-0259,entrada,19,REC-OC-6303,BOD-03,OP-05
2025-08-11,MP-0033,entrada,2190,REC-OC-5488,BOD-01,OP-01
2025-08-12,MP-0319,entrada,35,REC-OC-6367,BOD-01,OP-04
2025-08-12,MP-0134,entrada,231,REC-OC-6092,BOD-03,OP-02
2025-08-13,MP-0230,entrada,22,REC-OC-6273,BOD-03,OP-05
2025-08-13,MP-0019,salida,85.2,CONS-111480,BOD-02,OP-05
2025-08-13,MP-0022,salida,92.0,CONS-111487,BOD-01,OP-02
2025-08-13,MP-0094,salida,51.1,CONS-111494,BOD-01,OP-02
2025-08-13,MP-0074,salida,53.1,CONS-111501,BOD-03,OP-02
2025-08-13,MP-0370,salida,17.2,CONS-111508,BOD-02,OP-01
2025-08-13,MP-0299,salida,66.4,CONS-111515,BOD-02,OP-05
2025-08-13,MP-0309,salida,60.2,CONS-111522,BOD-03,OP-04
2025-08-13,MP-0418,salida,55.9,CONS-111529,BOD-02,OP-01
2025-08-13,MP-0008,salida,125.0,CONS-111536,BOD-03,OP-04
2025-08-13,MP-0005,salida,101.1,CONS-111543,BOD-01,OP-04
2025-08-13,MP-0133,salida,99.8,CONS-111550,BOD-03,OP-05
2025-08-13,MP-0101,salida,87.7,CONS-111557,BOD-02,OP-01
2025-08-13,MP-0149,salida,97.7,CONS-111564,BOD-01,OP-06
2025-08-13,MP-0189,salida,70.9,CONS-111571,BOD-03,OP-06
2025-08-13,MP-0254,salida,103.2,CONS-111578,BOD-02,OP-06
2025-08-13,MP-0161,salida,38.5,CONS-111585,BOD-01,OP-05
2025-08-13,MP-0197,salida,93.4,CONS-111592,BOD-03,OP-01
2025-08-13,MP-0037,salida,47.8,CONS-111599,BOD-02,OP-02
2025-08-13,MP-0018,salida,7.9,CONS-111606,BOD-02,OP-01
2025-08-13,MP-0137,salida,40.0,CONS-111613,BOD-03,OP-06
2025-08-13,MP-0073,salida,57.7,CONS-111620,BOD-03,OP-06
2025-08-13,MP-0118,salida,51.8,CONS-111627,BOD-02,OP-06
2025-08-13,MP-0232,salida,43.9,CONS-111641,BOD-03,OP-05
2025-08-13,MP-0027,salida,6.4,CONS-111648,BOD-02,OP-03
2025-08-13,MP-0116,salida,19.3,CONS-111655,BOD-02,OP-05
2025-08-13,MP-0108,salida,45.2,CONS-111662,BOD-01,OP-02
2025-08-13,MP-0293,salida,33.8,CONS-111669,BOD-02,OP-01
2025-08-13,MP-0239,salida,16.1,CONS-111676,BOD-01,OP-02
2025-08-13,MP-0016,salida,130.2,CONS-111683,BOD-02,OP-04
2025-08-13,MP-0030,salida,20.2,CONS-111690,BOD-01,OP-02
2025-08-13,MP-0120,salida,96.7,CONS-111697,BOD-01,OP-04
2025-08-13,MP-0043,salida,55.9,CONS-111704,BOD-01,OP-05
2025-08-13,MP-0182,salida,123.0,CONS-111711,BOD-02,OP-04
2025-08-13,MP-0369,salida,112.6,CONS-111718,BOD-03,OP-02
2025-08-13,MP-0157,salida,88.0,CONS-111725,BOD-02,OP-01
2025-08-13,MP-0001,salida,74.7,CONS-111732,BOD-02,OP-03
2025-08-13,MP-0014,salida,60.7,CONS-111739,BOD-01,OP-05
2025-08-13,MP-0128,salida,106.1,CONS-111746,BOD-01,OP-03
2025-08-13,MP-0047,salida,32.1,CONS-111753,BOD-02,OP-01
2025-08-13,MP-0244,salida,36.2,CONS-111760,BOD-01,OP-01
2025-08-13,MP-0122,salida,34.8,CONS-111767,BOD-03,OP-02
2025-08-13,MP-0132,salida,57.6,CONS-111774,BOD-02,OP-03
2025-08-13,MP-0131,salida,21.3,CONS-111781,BOD-02,OP-06
2025-08-13,MP-0216,salida,44.6,CONS-111788,BOD-03,OP-02
2025-08-13,MP-0272,salida,-5.6,CONS-111795,BOD-03,OP-03
2025-08-13,MP-0010,salida,53.9,CONS-111802,BOD-02,OP-01
2025-08-13,MP-0002,salida,30.6,CONS-111809,BOD-02,OP-01
2025-08-13,MP-0150,salida,42.8,CONS-111816,BOD-01,OP-02
2025-08-13,MP-0085,salida,86.5,CONS-111823,BOD-03,OP-03
2025-08-13,MP-0202,salida,65.7,CONS-111830,BOD-02,OP-03
2025-08-13,MP-0153,salida,30.2,CONS-111837,BOD-02,OP-02
2025-08-13,MP-0178,salida,14.2,CONS-111844,BOD-02,OP-04
2025-08-13,MP-0229,salida,67.3,CONS-111851,BOD-02,OP-03
2025-08-13,MP-0013,salida,56.8,CONS-111858,BOD-01,OP-02
2025-08-13,MP-0020,salida,90.9,CONS-111865,BOD-02,OP-06
2025-08-13,MP-0106,salida,37.4,CONS-111872,BOD-02,OP-02
2025-08-13,MP-0051,salida,115.8,CONS-111879,BOD-02,OP-01
2025-08-13,MP-0411,salida,56.3,CONS-111886,BOD-03,OP-05
2025-08-13,MP-0238,salida,53.0,CONS-111893,BOD-03,OP-04
2025-08-13,MP-0004,salida,43.5,CONS-111900,BOD-03,OP-03
2025-08-13,MP-0033,salida,38.5,CONS-111907,BOD-01,OP-06
2025-08-13,MP-0045,salida,24.4,CONS-111914,BOD-01,OP-05
2025-08-13,MP-0386,salida,-54.0,CONS-111921,BOD-02,OP-03
2025-08-13,MP-0393,salida,17.3,CONS-111928,BOD-01,OP-01
2025-08-13,MP-0373,salida,124.1,CONS-111935,BOD-02,OP-04
2025-08-13,MP-0015,salida,15.3,CONS-111942,BOD-01,OP-03
2025-08-13,MP-0012,salida,23.3,CONS-111949,BOD-01,OP-01
2025-08-13,MP-0142,salida,23.4,CONS-111956,BOD-03,OP-02
2025-08-13,MP-0114,salida,6.8,CONS-111970,BOD-02,OP-02
2025-08-13,MP-0325,salida,18.3,CONS-111977,BOD-03,OP-06
2025-08-13,MP-0193,salida,16.5,CONS-111984,BOD-02,OP-03
2025-08-13,MP-0330,salida,7.6,CONS-111991,BOD-01,OP-05
2025-08-13,MP-0024,salida,147.4,CONS-111998,BOD-03,OP-03
2025-08-13,MP-0060,salida,65.1,CONS-112012,BOD-03,OP-05
2025-08-13,MP-0357,salida,80.1,CONS-112019,BOD-02,OP-01
2025-08-13,MP-0162,salida,12.3,CONS-112026,BOD-02,OP-02
2025-08-13,MP-0009,salida,60.3,CONS-112033,BOD-01,OP-02
2025-08-13,MP-0076,salida,83.4,CONS-112040,BOD-03,OP-05
2025-08-13,MP-0077,salida,87.9,CONS-112047,BOD-03,OP-04
2025-08-13,MP-0273,salida,-93.7,CONS-112054,BOD-02,OP-05
2025-08-13,MP-0026,salida,14.6,CONS-112061,BOD-01,OP-02
2025-08-13,MP-0111,salida,22.4,CONS-112068,BOD-02,OP-01
2025-08-13,MP-0071,salida,17.7,CONS-112075,BOD-03,OP-03
2025-08-13,MP-0388,salida,17.1,CONS-112082,BOD-02,OP-02
2025-08-13,MP-0227,salida,10.3,CONS-112089,BOD-02,OP-04
2025-08-13,MP-0088,salida,109.3,CONS-112096,BOD-01,OP-01
2025-08-13,MP-0143,salida,122.2,CONS-112103,BOD-01,OP-03
2025-08-13,MP-0181,salida,102.7,CONS-112110,BOD-02,OP-04
2025-08-13,MP-0385,salida,30.1,CONS-112117,BOD-03,OP-05
2025-08-13,MP-0321,salida,55.4,CONS-112124,BOD-02,OP-02
2025-08-13,MP-0036,salida,46.3,CONS-112138,BOD-03,OP-02
2025-08-13,MP-0080,salida,51.2,CONS-112145,BOD-03,OP-02
2025-08-13,MP-0139,salida,94.3,CONS-112152,BOD-03,OP-03
2025-08-13,MP-0356,salida,60.4,CONS-112159,BOD-01,OP-05
2025-08-13,MP-0339,salida,20.1,CONS-112166,BOD-01,OP-01
2025-08-13,MP-0078,salida,50.2,CONS-112173,BOD-03,OP-01
2025-08-13,MP-0059,salida,31.0,CONS-112180,BOD-01,OP-02
2025-08-13,MP-0211,salida,24.2,CONS-112187,BOD-03,OP-02
2025-08-13,MP-0340,salida,24.2,CONS-112194,BOD-02,OP-04
2025-08-13,MP-0390,salida,17.4,CONS-112201,BOD-03,OP-03
2025-08-13,MP-0268,salida,15.9,CONS-112208,BOD-02,OP-06
2025-08-13,MP-0039,salida,10.3,CONS-112215,BOD-01,OP-06
2025-08-13,MP-0032,salida,20.2,CONS-112222,BOD-03,OP-05
2025-08-13,MP-0129,salida,68.4,CONS-112229,BOD-03,OP-06
2025-08-13,MP-0217,salida,51.9,CONS-112243,BOD-03,OP-01
2025-08-13,MP-0344,salida,86.1,CONS-112250,BOD-01,OP-04
2025-08-14,MP-0016,entrada,879,REC-OC-5209,BOD-02,OP-06
2025-08-14,MP-0087,entrada,301,REC-OC-5829,BOD-02,OP-03
2025-08-15,MP-0012,entrada,773,REC-OC-5156,BOD-02,OP-03
2025-08-16,MP-0021,entrada,657,REC-OC-5282,BOD-02,OP-01
2025-08-16,MP-0311,entrada,71,REC-OC-6356,BOD-02,OP-05
2025-08-16,MP-0059,entrada,257,REC-OC-5705,BOD-02,OP-06
2025-08-17,MP-0019,entrada,396,REC-OC-5268,BOD-03,OP-05
2025-08-17,MP-0055,entrada,240,REC-OC-5676,BOD-03,OP-04
2025-08-17,MP-0123,entrada,275,REC-OC-6027,BOD-03,OP-06
2025-08-17,MP-0067,entrada,271,REC-OC-5740,BOD-01,OP-06
2025-08-17,MP-0019,salida,85.2,CONS-111481,BOD-01,OP-05
2025-08-17,MP-0022,salida,92.0,CONS-111488,BOD-01,OP-01
2025-08-17,MP-0094,salida,51.1,CONS-111495,BOD-03,OP-02
2025-08-17,MP-0074,salida,53.1,CONS-111502,BOD-01,OP-04
2025-08-17,MP-0370,salida,17.2,CONS-111509,BOD-02,OP-05
2025-08-17,MP-0299,salida,66.4,CONS-111516,BOD-03,OP-03
2025-08-17,MP-0309,salida,60.2,CONS-111523,BOD-01,OP-05
2025-08-17,MP-0008,salida,125.0,CONS-111537,BOD-03,OP-05
2025-08-17,MP-0005,salida,101.1,CONS-111544,BOD-01,OP-03
2025-08-17,MP-0133,salida,99.8,CONS-111551,BOD-01,OP-01
2025-08-17,MP-0101,salida,87.7,CONS-111558,BOD-02,OP-02
2025-08-17,MP-0149,salida,97.7,CONS-111565,BOD-03,OP-06
2025-08-17,MP-0254,salida,103.2,CONS-111579,BOD-03,OP-04
2025-08-17,MP-0161,salida,-38.5,CONS-111586,BOD-03,OP-04
2025-08-17,MP-0197,salida,93.4,CONS-111593,BOD-01,OP-01
2025-08-17,MP-0037,salida,47.8,CONS-111600,BOD-02,OP-01
2025-08-17,MP-0018,salida,7.9,CONS-111607,BOD-01,OP-04
2025-08-17,MP-0137,salida,40.0,CONS-111614,BOD-01,OP-03
2025-08-17,MP-0073,salida,57.7,CONS-111621,BOD-03,OP-03
2025-08-17,MP-0118,salida,51.8,CONS-111628,BOD-02,OP-06
2025-08-17,MP-0199,salida,49.1,CONS-111635,BOD-03,OP-02
2025-08-17,MP-0232,salida,43.9,CONS-111642,BOD-01,OP-03
2025-08-17,MP-0027,salida,6.4,CONS-111649,BOD-01,OP-04
2025-08-17,MP-0108,salida,45.2,CONS-111663,BOD-03,OP-04
2025-08-17,MP-0293,salida,33.8,CONS-111670,BOD-01,OP-02
2025-08-17,MP-0239,salida,16.1,CONS-111677,BOD-01,OP-01
2025-08-17,MP-0016,salida,130.2,CONS-111684,BOD-01,OP-04
2025-08-17,MP-0030,salida,20.2,CONS-111691,BOD-03,OP-05
2025-08-17,MP-0120,salida,96.7,CONS-111698,BOD-03,OP-01
2025-08-17,MP-0043,salida,55.9,CONS-111705,BOD-01,OP-03
2025-08-17,MP-0369,salida,112.6,CONS-111719,BOD-03,OP-02
2025-08-17,MP-0157,salida,88.0,CONS-111726,BOD-02,OP-03
2025-08-17,MP-0001,salida,74.7,CONS-111733,BOD-01,OP-04
2025-08-17,MP-0014,salida,60.7,CONS-111740,BOD-01,OP-06
2025-08-17,MP-0128,salida,106.1,CONS-111747,BOD-03,OP-06
2025-08-17,MP-0047,salida,32.1,CONS-111754,BOD-03,OP-06
2025-08-17,MP-0244,salida,-36.2,CONS-111761,BOD-02,OP-01
2025-08-17,MP-0122,salida,34.8,CONS-111768,BOD-02,OP-01
2025-08-17,MP-0132,salida,57.6,CONS-111775,BOD-03,OP-04
2025-08-17,MP-0216,salida,44.6,CONS-111789,BOD-02,OP-01
2025-08-17,MP-0272,salida,5.6,CONS-111796,BOD-03,OP-03
2025-08-17,MP-0010,salida,53.9,CONS-111803,BOD-02,OP-02
2025-08-17,MP-0002,salida,30.6,CONS-111810,BOD-01,OP-04
2025-08-17,MP-0085,salida,86.5,CONS-111824,BOD-01,OP-05
2025-08-17,MP-0202,salida,65.7,CONS-111831,BOD-02,OP-01
2025-08-17,MP-0153,salida,30.2,CONS-111838,BOD-03,OP-06
2025-08-17,MP-0178,salida,14.2,CONS-111845,BOD-01,OP-05
2025-08-17,MP-0229,salida,67.3,CONS-111852,BOD-02,OP-06
2025-08-17,MP-0013,salida,56.8,CONS-111859,BOD-02,OP-04
2025-08-17,MP-0020,salida,90.9,CONS-111866,BOD-02,OP-02
2025-08-17,MP-0106,salida,37.4,CONS-111873,BOD-03,OP-02
2025-08-17,MP-0051,salida,115.8,CONS-111880,BOD-01,OP-06
2025-08-17,MP-0411,salida,56.3,CONS-111887,BOD-02,OP-01
2025-08-17,MP-0238,salida,53.0,CONS-111894,BOD-03,OP-04
2025-08-17,MP-0004,salida,43.5,CONS-111901,BOD-03,OP-03
2025-08-17,MP-0033,salida,38.5,CONS-111908,BOD-01,OP-05
2025-08-17,MP-0045,salida,24.4,CONS-111915,BOD-02,OP-04
2025-08-17,MP-0386,salida,54.0,CONS-111922,BOD-02,OP-06
2025-08-17,MP-0393,salida,17.3,CONS-111929,BOD-03,OP-03
2025-08-17,MP-0373,salida,124.1,CONS-111936,BOD-03,OP-06
2025-08-17,MP-0015,salida,15.3,CONS-111943,BOD-02,OP-01
2025-08-17,MP-0012,salida,23.3,CONS-111950,BOD-03,OP-06
2025-08-17,MP-0142,salida,23.4,CONS-111957,BOD-03,OP-02
2025-08-17,MP-0114,salida,6.8,CONS-111971,BOD-03,OP-03
2025-08-17,MP-0325,salida,18.3,CONS-111978,BOD-01,OP-05
2025-08-17,MP-0193,salida,16.5,CONS-111985,BOD-01,OP-02
2025-08-17,MP-0330,salida,7.6,CONS-111992,BOD-03,OP-03
2025-08-17,MP-0024,salida,147.4,CONS-111999,BOD-01,OP-05
2025-08-17,MP-0117,salida,72.9,CONS-112006,BOD-03,OP-06
2025-08-17,MP-0060,salida,65.1,CONS-112013,BOD-03,OP-01
2025-08-17,MP-0357,salida,80.1,CONS-112020,BOD-01,OP-03
2025-08-17,MP-0162,salida,12.3,CONS-112027,BOD-03,OP-02
2025-08-17,MP-0009,salida,60.3,CONS-112034,BOD-03,OP-05
2025-08-17,MP-0076,salida,83.4,CONS-112041,BOD-02,OP-04
2025-08-17,MP-0077,salida,87.9,CONS-112048,BOD-01,OP-02
2025-08-17,MP-0273,salida,93.7,CONS-112055,BOD-02,OP-04
2025-08-17,MP-0111,salida,22.4,CONS-112069,BOD-01,OP-03
2025-08-17,MP-0071,salida,17.7,CONS-112076,BOD-01,OP-05
2025-08-17,MP-0388,salida,17.1,CONS-112083,BOD-03,OP-03
2025-08-17,MP-0227,salida,10.3,CONS-112090,BOD-02,OP-01
2025-08-17,MP-0088,salida,109.3,CONS-112097,BOD-03,OP-06
2025-08-17,MP-0143,salida,122.2,CONS-112104,BOD-03,OP-02
2025-08-17,MP-0181,salida,102.7,CONS-112111,BOD-01,OP-02
2025-08-17,MP-0385,salida,30.1,CONS-112118,BOD-01,OP-03
2025-08-17,MP-0321,salida,55.4,CONS-112125,BOD-01,OP-01
2025-08-17,MP-0343,salida,123.1,CONS-112132,BOD-01,OP-01
2025-08-17,MP-0080,salida,51.2,CONS-112146,BOD-02,OP-05
2025-08-17,MP-0139,salida,94.3,CONS-112153,BOD-03,OP-01
2025-08-17,MP-0356,salida,60.4,CONS-112160,BOD-03,OP-01
2025-08-17,MP-0339,salida,20.1,CONS-112167,BOD-03,OP-05
2025-08-17,MP-0078,salida,50.2,CONS-112174,BOD-02,OP-02
2025-08-17,MP-0059,salida,31.0,CONS-112181,BOD-01,OP-04
2025-08-17,MP-0211,salida,-24.2,CONS-112188,BOD-01,OP-04
2025-08-17,MP-0340,salida,24.2,CONS-112195,BOD-01,OP-03
2025-08-17,MP-0390,salida,17.4,CONS-112202,BOD-03,OP-02
2025-08-17,MP-0268,salida,15.9,CONS-112209,BOD-03,OP-04
2025-08-17,MP-0039,salida,10.3,CONS-112216,BOD-02,OP-05
2025-08-17,MP-0032,salida,20.2,CONS-112223,BOD-01,OP-04
2025-08-17,MP-0136,salida,-58.8,CONS-112237,BOD-03,OP-02
2025-08-17,MP-0217,salida,51.9,CONS-112244,BOD-03,OP-05
2025-08-17,MP-0344,salida,86.1,CONS-112251,BOD-03,OP-01
2025-08-18,MP-0026,entrada,753,REC-OC-5362,BOD-03,OP-02
2025-08-18,MP-0202,entrada,17,REC-OC-6244,BOD-01,OP-06
2025-08-18,MP-0145,entrada,386,REC-OC-6152,BOD-03,OP-01
2025-08-19,MP-0117,entrada,273,REC-OC-5993,BOD-02,OP-01
2025-08-20,MP-0019,entrada,652,REC-OC-5267,BOD-03,OP-02
2025-08-20,MP-0130,entrada,448,REC-OC-6073,BOD-01,OP-01
2025-08-20,MP-0038,entrada,834,REC-OC-5557,BOD-03,OP-04
2025-08-20,MP-0151,ajuste,-23,AJU-120027,BOD-03,AUDIT
2025-08-21,MP-0087,entrada,338,REC-OC-5826,BOD-01,OP-01
2025-08-21,MP-0177,entrada,59,REC-OC-6219,BOD-01,OP-04
2025-08-21,MP-0112,entrada,243,REC-OC-5975,BOD-01,OP-03
2025-08-21,MP-0091,entrada,226,REC-OC-5862,BOD-02,OP-06
2025-08-21,MP-0019,salida,85.2,CONS-111482,BOD-02,OP-04
2025-08-21,MP-0022,salida,92.0,CONS-111489,BOD-02,OP-02
2025-08-21,MP-0094,salida,51.1,CONS-111496,BOD-03,OP-01
2025-08-21,MP-0074,salida,53.1,CONS-111503,BOD-03,OP-04
2025-08-21,MP-0370,salida,17.2,CONS-111510,BOD-03,OP-02
2025-08-21,MP-0299,salida,66.4,CONS-111517,BOD-02,OP-02
2025-08-21,MP-0418,salida,55.9,CONS-111531,BOD-02,OP-02
2025-08-21,MP-0008,salida,125.0,CONS-111538,BOD-01,OP-05
2025-08-21,MP-0133,salida,99.8,CONS-111552,BOD-03,OP-02
2025-08-21,MP-0101,salida,87.7,CONS-111559,BOD-02,OP-01
2025-08-21,MP-0149,salida,97.7,CONS-111566,BOD-01,OP-04
2025-08-21,MP-0189,salida,70.9,CONS-111573,BOD-01,OP-04
2025-08-21,MP-0254,salida,103.2,CONS-111580,BOD-01,OP-06
2025-08-21,MP-0161,salida,38.5,CONS-111587,BOD-03,OP-02
2025-08-21,MP-0197,salida,93.4,CONS-111594,BOD-02,OP-02
2025-08-21,MP-0037,salida,47.8,CONS-111601,BOD-03,OP-05
2025-08-21,MP-0018,salida,7.9,CONS-111608,BOD-03,OP-05
2025-08-21,MP-0137,salida,40.0,CONS-111615,BOD-01,OP-04
2025-08-21,MP-0073,salida,57.7,CONS-111622,BOD-02,OP-02
2025-08-21,MP-0118,salida,51.8,CONS-111629,BOD-02,OP-03
2025-08-21,MP-0199,salida,49.1,CONS-111636,BOD-03,OP-05
2025-08-21,MP-0232,salida,43.9,CONS-111643,BOD-02,OP-03
2025-08-21,MP-0027,salida,6.4,CONS-111650,BOD-03,OP-01
2025-08-21,MP-0108,salida,45.2,CONS-111664,BOD-01,OP-05
2025-08-21,MP-0293,salida,33.8,CONS-111671,BOD-03,OP-03
2025-08-21,MP-0239,salida,16.1,CONS-111678,BOD-03,OP-06
2025-08-21,MP-0016,salida,130.2,CONS-111685,BOD-02,OP-05
2025-08-21,MP-0120,salida,96.7,CONS-111699,BOD-02,OP-05
2025-08-21,MP-0043,salida,55.9,CONS-111706,BOD-03,OP-04
2025-08-21,MP-0182,salida,123.0,CONS-111713,BOD-03,OP-05
2025-08-21,MP-0369,salida,112.6,CONS-111720,BOD-03,OP-06
2025-08-21,MP-0157,salida,88.0,CONS-111727,BOD-01,OP-02
2025-08-21,MP-0001,salida,74.7,CONS-111734,BOD-02,OP-04
2025-08-21,MP-0014,salida,60.7,CONS-111741,BOD-01,OP-05
2025-08-21,MP-0047,salida,32.1,CONS-111755,BOD-03,OP-06
2025-08-21,MP-0244,salida,36.2,CONS-111762,BOD-03,OP-03
2025-08-21,MP-0122,salida,34.8,CONS-111769,BOD-03,OP-01
2025-08-21,MP-0132,salida,57.6,CONS-111776,BOD-03,OP-06
2025-08-21,MP-0131,salida,21.3,CONS-111783,BOD-03,OP-04
2025-08-21,MP-0216,salida,44.6,CONS-111790,BOD-02,OP-05
2025-08-21,MP-0272,salida,5.6,CONS-111797,BOD-02,OP-01
2025-08-21,MP-0002,salida,30.6,CONS-111811,BOD-02,OP-05
2025-08-21,MP-0085,salida,86.5,CONS-111825,BOD-03,OP-06
2025-08-21,MP-0153,salida,30.2,CONS-111839,BOD-02,OP-05
2025-08-21,MP-0178,salida,14.2,CONS-111846,BOD-01,OP-03
2025-08-21,MP-0229,salida,67.3,CONS-111853,BOD-03,OP-05
2025-08-21,MP-0013,salida,56.8,CONS-111860,BOD-01,OP-02
2025-08-21,MP-0020,salida,90.9,CONS-111867,BOD-01,OP-02
2025-08-21,MP-0106,salida,37.4,CONS-111874,BOD-02,OP-02
2025-08-21,MP-0051,salida,115.8,CONS-111881,BOD-02,OP-04
2025-08-21,MP-0411,salida,56.3,CONS-111888,BOD-03,OP-02
2025-08-21,MP-0238,salida,53.0,CONS-111895,BOD-02,OP-03
2025-08-21,MP-0004,salida,43.5,CONS-111902,BOD-01,OP-03
2025-08-21,MP-0033,salida,38.5,CONS-111909,BOD-01,OP-02
2025-08-21,MP-0045,salida,24.4,CONS-111916,BOD-01,OP-06
2025-08-21,MP-0386,salida,54.0,CONS-111923,BOD-01,OP-03
2025-08-21,MP-0393,salida,17.3,CONS-111930,BOD-03,OP-06
2025-08-21,MP-0373,salida,124.1,CONS-111937,BOD-03,OP-02
2025-08-21,MP-0015,salida,15.3,CONS-111944,BOD-02,OP-06
2025-08-21,MP-0012,salida,23.3,CONS-111951,BOD-03,OP-05
2025-08-21,MP-0142,salida,23.4,CONS-111958,BOD-02,OP-06
2025-08-21,MP-0102,salida,28.5,CONS-111965,BOD-03,OP-05
2025-08-21,MP-0114,salida,6.8,CONS-111972,BOD-03,OP-05
2025-08-21,MP-0325,salida,18.3,CONS-111979,BOD-03,OP-06
2025-08-21,MP-0193,salida,16.5,CONS-111986,BOD-01,OP-04
2025-08-21,MP-0330,salida,7.6,CONS-111993,BOD-02,OP-01
2025-08-21,MP-0024,salida,147.4,CONS-112000,BOD-03,OP-04
2025-08-21,MP-0117,salida,72.9,CONS-112007,BOD-01,OP-02
2025-08-21,MP-0060,salida,65.1,CONS-112014,BOD-01,OP-05
2025-08-21,MP-0357,salida,80.1,CONS-112021,BOD-01,OP-01
2025-08-21,MP-0162,salida,12.3,CONS-112028,BOD-01,OP-05
2025-08-21,MP-0009,salida,60.3,CONS-112035,BOD-03,OP-05
2025-08-21,MP-0076,salida,83.4,CONS-112042,BOD-02,OP-05
2025-08-21,MP-0077,salida,87.9,CONS-112049,BOD-01,OP-03
2025-08-21,MP-0273,salida,93.7,CONS-112056,BOD-02,OP-02
2025-08-21,MP-0026,salida,14.6,CONS-112063,BOD-03,OP-06
2025-08-21,MP-0111,salida,22.4,CONS-112070,BOD-02,OP-04
2025-08-21,MP-0071,salida,17.7,CONS-112077,BOD-01,OP-04
2025-08-21,MP-0388,salida,17.1,CONS-112084,BOD-03,OP-02
2025-08-21,MP-0227,salida,10.3,CONS-112091,BOD-03,OP-03
2025-08-21,MP-0088,salida,109.3,CONS-112098,BOD-03,OP-02
2025-08-21,MP-0143,salida,122.2,CONS-112105,BOD-02,OP-04
2025-08-21,MP-0181,salida,102.7,CONS-112112,BOD-02,OP-04
2025-08-21,MP-0385,salida,30.1,CONS-112119,BOD-03,OP-04
2025-08-21,MP-0321,salida,55.4,CONS-112126,BOD-02,OP-06
2025-08-21,MP-0036,salida,46.3,CONS-112140,BOD-02,OP-04
2025-08-21,MP-0139,salida,94.3,CONS-112154,BOD-03,OP-01
2025-08-21,MP-0356,salida,60.4,CONS-112161,BOD-03,OP-03
2025-08-21,MP-0339,salida,20.1,CONS-112168,BOD-02,OP-01
2025-08-21,MP-0078,salida,50.2,CONS-112175,BOD-02,OP-01
2025-08-21,MP-0059,salida,31.0,CONS-112182,BOD-02,OP-01
2025-08-21,MP-0211,salida,24.2,CONS-112189,BOD-03,OP-01
2025-08-21,MP-0340,salida,24.2,CONS-112196,BOD-03,OP-02
2025-08-21,MP-0390,salida,17.4,CONS-112203,BOD-01,OP-01
2025-08-21,MP-0268,salida,15.9,CONS-112210,BOD-02,OP-06
2025-08-21,MP-0039,salida,10.3,CONS-112217,BOD-02,OP-05
2025-08-21,MP-0032,salida,20.2,CONS-112224,BOD-01,OP-03
2025-08-21,MP-0129,salida,68.4,CONS-112231,BOD-01,OP-06
2025-08-21,MP-0136,salida,58.8,CONS-112238,BOD-03,OP-02
2025-08-21,MP-0217,salida,51.9,CONS-112245,BOD-01,OP-02
2025-08-22,MP-0014,entrada,1333,REC-OC-5182,BOD-02,OP-04
2025-08-22,MP-0006,entrada,477,REC-OC-5075,BOD-03,OP-03
2025-08-22,MP-0015,entrada,854,REC-OC-5204,BOD-02,OP-02
2025-08-22,MP-0277,ajuste,36,AJU-120052,BOD-03,AUDIT
2025-08-23,MP-0145,entrada,263,REC-OC-6153,BOD-03,OP-06
2025-08-23,MP-0114,entrada,283,REC-OC-5981,BOD-02,OP-05
2025-08-23,MP-0002,entrada,2239,REC-OC-5014,BOD-01,OP-05
2025-08-24,MP-0004,entrada,799,REC-OC-5050,BOD-03,OP-01
2025-08-24,MP-0059,entrada,393,REC-OC-5708,BOD-03,OP-06
2025-08-24,MP-0138,entrada,375,REC-OC-6121,BOD-03,OP-05
2025-08-25,MP-0040,entrada,1703,REC-OC-5583,BOD-01,OP-05
2025-08-25,MP-0021,entrada,955,REC-OC-5283,BOD-01,OP-06
2025-08-25,MP-0019,salida,85.2,CONS-111483,BOD-03,OP-01
2025-08-25,MP-0022,salida,92.0,CONS-111490,BOD-03,OP-02
2025-08-25,MP-0094,salida,51.1,CONS-111497,BOD-03,OP-06
2025-08-25,MP-0074,salida,53.1,CONS-111504,BOD-03,OP-03
2025-08-25,MP-0370,salida,17.2,CONS-111511,BOD-03,OP-02
2025-08-25,MP-0299,salida,66.4,CONS-111518,BOD-01,OP-06
2025-08-25,MP-0309,salida,60.2,CONS-111525,BOD-01,OP-06
2025-08-25,MP-0418,salida,55.9,CONS-111532,BOD-03,OP-02
2025-08-25,MP-0005,salida,101.1,CONS-111546,BOD-01,OP-06
2025-08-25,MP-0133,salida,99.8,CONS-111553,BOD-02,OP-06
2025-08-25,MP-0101,salida,87.7,CONS-111560,BOD-02,OP-03
2025-08-25,MP-0149,salida,97.7,CONS-111567,BOD-03,OP-03
2025-08-25,MP-0189,salida,70.9,CONS-111574,BOD-01,OP-03
2025-08-25,MP-0254,salida,103.2,CONS-111581,BOD-02,OP-02
2025-08-25,MP-0161,salida,38.5,CONS-111588,BOD-03,OP-02
2025-08-25,MP-0037,salida,47.8,CONS-111602,BOD-03,OP-03
2025-08-25,MP-0018,salida,7.9,CONS-111609,BOD-03,OP-04
2025-08-25,MP-0137,salida,40.0,CONS-111616,BOD-01,OP-02
2025-08-25,MP-0073,salida,57.7,CONS-111623,BOD-02,OP-01
2025-08-25,MP-0118,salida,51.8,CONS-111630,BOD-01,OP-06
2025-08-25,MP-0232,salida,43.9,CONS-111644,BOD-02,OP-05
2025-08-25,MP-0116,salida,19.3,CONS-111658,BOD-02,OP-05
2025-08-25,MP-0108,salida,45.2,CONS-111665,BOD-01,OP-03
2025-08-25,MP-0016,salida,130.2,CONS-111686,BOD-02,OP-03
2025-08-25,MP-0030,salida,20.2,CONS-111693,BOD-01,OP-05
2025-08-25,MP-0120,salida,96.7,CONS-111700,BOD-03,OP-06
2025-08-25,MP-0043,salida,55.9,CONS-111707,BOD-03,OP-06
2025-08-25,MP-0182,salida,123.0,CONS-111714,BOD-02,OP-01
2025-08-25,MP-0369,salida,112.6,CONS-111721,BOD-02,OP-02
2025-08-25,MP-0157,salida,-88.0,CONS-111728,BOD-02,OP-01
2025-08-25,MP-0001,salida,74.7,CONS-111735,BOD-03,OP-01
2025-08-25,MP-0014,salida,60.7,CONS-111742,BOD-02,OP-04
2025-08-25,MP-0128,salida,106.1,CONS-111749,BOD-03,OP-06
2025-08-25,MP-0047,salida,32.1,CONS-111756,BOD-01,OP-01
2025-08-25,MP-0244,salida,36.2,CONS-111763,BOD-03,OP-05
2025-08-25,MP-0122,salida,34.8,CONS-111770,BOD-02,OP-05
2025-08-25,MP-0132,salida,57.6,CONS-111777,BOD-03,OP-03
2025-08-25,MP-0131,salida,21.3,CONS-111784,BOD-02,OP-06
2025-08-25,MP-0216,salida,44.6,CONS-111791,BOD-02,OP-04
2025-08-25,MP-0272,salida,5.6,CONS-111798,BOD-01,OP-06
2025-08-25,MP-0010,salida,53.9,CONS-111805,BOD-02,OP-03
2025-08-25,MP-0002,salida,30.6,CONS-111812,BOD-02,OP-03
2025-08-25,MP-0150,salida,42.8,CONS-111819,BOD-01,OP-01
2025-08-25,MP-0085,salida,86.5,CONS-111826,BOD-01,OP-01
2025-08-25,MP-0202,salida,65.7,CONS-111833,BOD-01,OP-04
2025-08-25,MP-0153,salida,30.2,CONS-111840,BOD-01,OP-04
2025-08-25,MP-0178,salida,14.2,CONS-111847,BOD-01,OP-04
2025-08-25,MP-0229,salida,67.3,CONS-111854,BOD-03,OP-01
2025-08-25,MP-0013,salida,56.8,CONS-111861,BOD-01,OP-02
2025-08-25,MP-0106,salida,37.4,CONS-111875,BOD-03,OP-01
2025-08-25,MP-0051,salida,115.8,CONS-111882,BOD-03,OP-03
2025-08-25,MP-0411,salida,56.3,CONS-111889,BOD-02,OP-06
2025-08-25,MP-0238,salida,53.0,CONS-111896,BOD-01,OP-03
2025-08-25,MP-0004,salida,43.5,CONS-111903,BOD-02,OP-05
2025-08-25,MP-0033,salida,38.5,CONS-111910,BOD-02,OP-05
2025-08-25,MP-0386,salida,54.0,CONS-111924,BOD-01,OP-06
2025-08-25,MP-0393,salida,17.3,CONS-111931,BOD-01,OP-01
2025-08-25,MP-0373,salida,124.1,CONS-111938,BOD-02,OP-06
2025-08-25,MP-0015,salida,15.3,CONS-111945,BOD-01,OP-01
2025-08-25,MP-0012,salida,23.3,CONS-111952,BOD-01,OP-03
2025-08-25,MP-0142,salida,23.4,CONS-111959,BOD-01,OP-02
2025-08-25,MP-0102,salida,28.5,CONS-111966,BOD-02,OP-02
2025-08-25,MP-0325,salida,18.3,CONS-111980,BOD-03,OP-01
2025-08-25,MP-0193,salida,16.5,CONS-111987,BOD-01,OP-02
2025-08-25,MP-0330,salida,7.6,CONS-111994,BOD-03,OP-01
2025-08-25,MP-0024,salida,147.4,CONS-112001,BOD-02,OP-01
2025-08-25,MP-0117,salida,72.9,CONS-112008,BOD-02,OP-01
2025-08-25,MP-0060,salida,65.1,CONS-112015,BOD-03,OP-01
2025-08-25,MP-0357,salida,80.1,CONS-112022,BOD-02,OP-04
2025-08-25,MP-0162,salida,12.3,CONS-112029,BOD-02,OP-06
2025-08-25,MP-0009,salida,60.3,CONS-112036,BOD-01,OP-01
2025-08-25,MP-0076,salida,83.4,CONS-112043,BOD-03,OP-04
2025-08-25,MP-0077,salida,87.9,CONS-112050,BOD-03,OP-04
2025-08-25,MP-0273,salida,-93.7,CONS-112057,BOD-03,OP-03
2025-08-25,MP-0026,salida,14.6,CONS-112064,BOD-02,OP-05
2025-08-25,MP-0111,salida,22.4,CONS-112071,BOD-01,OP-03
2025-08-25,MP-0071,salida,17.7,CONS-112078,BOD-03,OP-03
2025-08-25,MP-0388,salida,17.1,CONS-112085,BOD-03,OP-04
2025-08-25,MP-0227,salida,10.3,CONS-112092,BOD-01,OP-02
2025-08-25,MP-0088,salida,109.3,CONS-112099,BOD-01,OP-03
2025-08-25,MP-0143,salida,122.2,CONS-112106,BOD-01,OP-03
2025-08-25,MP-0181,salida,102.7,CONS-112113,BOD-02,OP-05
2025-08-25,MP-0385,salida,30.1,CONS-112120,BOD-02,OP-05
2025-08-25,MP-0321,salida,55.4,CONS-112127,BOD-02,OP-02
2025-08-25,MP-0343,salida,123.1,CONS-112134,BOD-03,OP-02
2025-08-25,MP-0036,salida,46.3,CONS-112141,BOD-02,OP-02
2025-08-25,MP-0080,salida,51.2,CONS-112148,BOD-03,OP-01
2025-08-25,MP-0139,salida,94.3,CONS-112155,BOD-02,OP-01
2025-08-25,MP-0356,salida,60.4,CONS-112162,BOD-02,OP-02
2025-08-25,MP-0339,salida,20.1,CONS-112169,BOD-01,OP-02
2025-08-25,MP-0078,salida,50.2,CONS-112176,BOD-01,OP-06
2025-08-25,MP-0059,salida,31.0,CONS-112183,BOD-03,OP-04
2025-08-25,MP-0211,salida,24.2,CONS-112190,BOD-01,OP-04
2025-08-25,MP-0340,salida,24.2,CONS-112197,BOD-03,OP-06
2025-08-25,MP-0390,salida,17.4,CONS-112204,BOD-01,OP-04
2025-08-25,MP-0268,salida,15.9,CONS-112211,BOD-02,OP-04
2025-08-25,MP-0039,salida,10.3,CONS-112218,BOD-02,OP-03
2025-08-25,MP-0032,salida,20.2,CONS-112225,BOD-03,OP-05
2025-08-25,MP-0129,salida,68.4,CONS-112232,BOD-02,OP-04
2025-08-25,MP-0217,salida,51.9,CONS-112246,BOD-02,OP-03
2025-08-25,MP-0344,salida,86.1,CONS-112253,BOD-03,OP-05
2025-08-26,MP-0312,entrada,3,REC-OC-6357,BOD-03,OP-03
2025-08-27,MP-0008,entrada,593,REC-OC-5092,BOD-03,OP-03
2025-08-27,MP-0033,entrada,1449,REC-OC-5482,BOD-01,OP-04
2025-08-27,MP-0034,entrada,1406,REC-OC-5514,BOD-02,OP-04
2025-08-27,MP-0241,entrada,70,REC-OC-6284,BOD-01,OP-02
2025-08-27,MP-0006,ajuste,7,AJU-120028,BOD-03,AUDIT
2025-08-28,MP-0036,entrada,539,REC-OC-5538,BOD-02,OP-06
2025-08-30,MP-0149,entrada,141,REC-OC-6184,BOD-01,OP-02
2025-08-30,MP-0253,ajuste,-39,AJU-120069,BOD-02,AUDIT
2025-08-31,MP-0247,entrada,36,REC-OC-6290,BOD-02,OP-01
2025-09-01,MP-0030,entrada,1703,REC-OC-5413,BOD-02,OP-01
2025-09-01,MP-0017,entrada,1481,REC-OC-5238,BOD-03,OP-06
2025-09-01,MP-0005,entrada,1302,REC-OC-5063,BOD-02,OP-05
2025-09-01,MP-0005,entrada,1445,REC-OC-5054,BOD-02,OP-04
2025-09-01,MP-0019,salida,60.7,CONS-112254,BOD-02,OP-03
2025-09-01,MP-0022,salida,56.2,CONS-112261,BOD-02,OP-03
2025-09-01,MP-0094,salida,20.9,CONS-112268,BOD-02,OP-05
2025-09-01,MP-0074,salida,21.7,CONS-112275,BOD-03,OP-02
2025-09-01,MP-0370,salida,7.0,CONS-112282,BOD-02,OP-05
2025-09-01,MP-0299,salida,27.2,CONS-112289,BOD-02,OP-02
2025-09-01,MP-0309,salida,24.6,CONS-112296,BOD-03,OP-01
2025-09-01,MP-0418,salida,22.9,CONS-112303,BOD-02,OP-05
2025-09-01,MP-0008,salida,85.9,CONS-112310,BOD-01,OP-01
2025-09-01,MP-0005,salida,44.4,CONS-112317,BOD-02,OP-05
2025-09-01,MP-0133,salida,26.8,CONS-112324,BOD-02,OP-06
2025-09-01,MP-0149,salida,111.4,CONS-112338,BOD-01,OP-04
2025-09-01,MP-0189,salida,19.1,CONS-112345,BOD-01,OP-02
2025-09-01,MP-0254,salida,27.8,CONS-112352,BOD-03,OP-02
2025-09-01,MP-0161,salida,10.4,CONS-112359,BOD-01,OP-02
2025-09-01,MP-0197,salida,25.1,CONS-112366,BOD-02,OP-02
2025-09-01,MP-0037,salida,23.0,CONS-112373,BOD-01,OP-05
2025-09-01,MP-0018,salida,3.8,CONS-112380,BOD-02,OP-01
2025-09-01,MP-0137,salida,19.3,CONS-112387,BOD-01,OP-02
2025-09-01,MP-0073,salida,27.8,CONS-112394,BOD-03,OP-04
2025-09-01,MP-0199,salida,23.6,CONS-112408,BOD-03,OP-01
2025-09-01,MP-0232,salida,21.1,CONS-112415,BOD-01,OP-06
2025-09-01,MP-0027,salida,15.4,CONS-112422,BOD-01,OP-04
2025-09-01,MP-0116,salida,46.2,CONS-112429,BOD-01,OP-01
2025-09-01,MP-0108,salida,69.5,CONS-112436,BOD-02,OP-05
2025-09-01,MP-0293,salida,81.2,CONS-112443,BOD-03,OP-03
2025-09-01,MP-0239,salida,38.5,CONS-112450,BOD-01,OP-04
2025-09-01,MP-0016,salida,90.9,CONS-112457,BOD-03,OP-01
2025-09-01,MP-0030,salida,11.6,CONS-112464,BOD-03,OP-05
2025-09-01,MP-0120,salida,55.5,CONS-112471,BOD-01,OP-06
2025-09-01,MP-0043,salida,32.1,CONS-112478,BOD-01,OP-01
2025-09-01,MP-0182,salida,99.5,CONS-112485,BOD-02,OP-05
2025-09-01,MP-0369,salida,64.6,CONS-112492,BOD-03,OP-01
2025-09-01,MP-0157,salida,131.5,CONS-112499,BOD-01,OP-05
2025-09-01,MP-0001,salida,88.6,CONS-112506,BOD-01,OP-03
2025-09-01,MP-0014,salida,72.0,CONS-112513,BOD-01,OP-04
2025-09-01,MP-0047,salida,38.1,CONS-112527,BOD-01,OP-02
2025-09-01,MP-0244,salida,42.9,CONS-112534,BOD-02,OP-06
2025-09-01,MP-0122,salida,40.1,CONS-112541,BOD-01,OP-05
2025-09-01,MP-0132,salida,66.5,CONS-112548,BOD-03,OP-06
2025-09-01,MP-0216,salida,51.4,CONS-112562,BOD-03,OP-03
2025-09-01,MP-0272,salida,6.5,CONS-112569,BOD-01,OP-02
2025-09-01,MP-0010,salida,84.9,CONS-112576,BOD-03,OP-01
2025-09-01,MP-0002,salida,48.2,CONS-112583,BOD-02,OP-03
2025-09-01,MP-0150,salida,67.5,CONS-112590,BOD-02,OP-04
2025-09-01,MP-0085,salida,73.2,CONS-112597,BOD-03,OP-05
2025-09-01,MP-0202,salida,103.5,CONS-112604,BOD-03,OP-05
2025-09-01,MP-0153,salida,47.6,CONS-112611,BOD-03,OP-01
2025-09-01,MP-0178,salida,22.5,CONS-112618,BOD-02,OP-02
2025-09-01,MP-0229,salida,106.0,CONS-112625,BOD-02,OP-03
2025-09-01,MP-0013,salida,31.9,CONS-112632,BOD-02,OP-03
2025-09-01,MP-0020,salida,80.6,CONS-112639,BOD-03,OP-02
2025-09-01,MP-0106,salida,21.0,CONS-112646,BOD-02,OP-04
2025-09-01,MP-0051,salida,104.2,CONS-112653,BOD-03,OP-02
2025-09-01,MP-0411,salida,31.7,CONS-112660,BOD-01,OP-05
2025-09-01,MP-0238,salida,29.8,CONS-112667,BOD-01,OP-06
2025-09-01,MP-0004,salida,56.5,CONS-112674,BOD-01,OP-01
2025-09-01,MP-0033,salida,50.0,CONS-112681,BOD-02,OP-03
2025-09-01,MP-0045,salida,31.7,CONS-112688,BOD-03,OP-02
2025-09-01,MP-0386,salida,-70.1,CONS-112695,BOD-03,OP-06
2025-09-01,MP-0393,salida,22.5,CONS-112702,BOD-02,OP-05
2025-09-01,MP-0373,salida,132.4,CONS-112709,BOD-03,OP-04
2025-09-01,MP-0015,salida,-50.7,CONS-112716,BOD-03,OP-01
2025-09-01,MP-0012,salida,76.9,CONS-112723,BOD-01,OP-06
2025-09-01,MP-0102,salida,94.2,CONS-112737,BOD-02,OP-05
2025-09-01,MP-0114,salida,22.5,CONS-112744,BOD-03,OP-06
2025-09-01,MP-0325,salida,60.6,CONS-112751,BOD-03,OP-02
2025-09-01,MP-0330,salida,25.2,CONS-112765,BOD-03,OP-05
2025-09-01,MP-0024,salida,142.6,CONS-112772,BOD-01,OP-04
2025-09-01,MP-0117,salida,77.3,CONS-112779,BOD-03,OP-03
2025-09-01,MP-0060,salida,-69.1,CONS-112786,BOD-03,OP-03
2025-09-01,MP-0357,salida,85.0,CONS-112793,BOD-02,OP-05
2025-09-01,MP-0162,salida,13.1,CONS-112800,BOD-03,OP-01
2025-09-01,MP-0009,salida,46.4,CONS-112807,BOD-02,OP-05
2025-09-01,MP-0076,salida,64.1,CONS-112814,BOD-02,OP-05
2025-09-01,MP-0077,salida,67.5,CONS-112821,BOD-02,OP-03
2025-09-01,MP-0273,salida,72.0,CONS-112828,BOD-03,OP-05
2025-09-01,MP-0026,salida,67.1,CONS-112835,BOD-01,OP-01
2025-09-01,MP-0111,salida,103.1,CONS-112842,BOD-03,OP-05
2025-09-01,MP-0071,salida,81.8,CONS-112849,BOD-03,OP-01
2025-09-01,MP-0388,salida,78.7,CONS-112856,BOD-01,OP-03
2025-09-01,MP-0227,salida,47.2,CONS-112863,BOD-02,OP-05
2025-09-01,MP-0088,salida,67.1,CONS-112870,BOD-02,OP-03
2025-09-01,MP-0143,salida,75.0,CONS-112877,BOD-01,OP-01
2025-09-01,MP-0181,salida,63.0,CONS-112884,BOD-01,OP-03
2025-09-01,MP-0385,salida,18.5,CONS-112891,BOD-03,OP-06
2025-09-01,MP-0321,salida,34.0,CONS-112898,BOD-01,OP-03
2025-09-01,MP-0343,salida,75.5,CONS-112905,BOD-02,OP-01
2025-09-01,MP-0080,salida,62.3,CONS-112919,BOD-02,OP-01
2025-09-01,MP-0139,salida,114.8,CONS-112926,BOD-02,OP-01
2025-09-01,MP-0356,salida,73.5,CONS-112933,BOD-02,OP-01
2025-09-01,MP-0339,salida,24.5,CONS-112940,BOD-03,OP-02
2025-09-01,MP-0078,salida,19.2,CONS-112947,BOD-03,OP-03
2025-09-01,MP-0059,salida,11.9,CONS-112954,BOD-01,OP-06
2025-09-01,MP-0211,salida,9.3,CONS-112961,BOD-03,OP-03
2025-09-01,MP-0340,salida,9.3,CONS-112968,BOD-02,OP-02
2025-09-01,MP-0390,salida,6.7,CONS-112975,BOD-02,OP-02
2025-09-01,MP-0268,salida,6.1,CONS-112982,BOD-03,OP-02
2025-09-01,MP-0039,salida,11.9,CONS-112989,BOD-02,OP-03
2025-09-01,MP-0129,salida,79.2,CONS-113003,BOD-03,OP-04
2025-09-01,MP-0136,salida,68.1,CONS-113010,BOD-02,OP-02
2025-09-01,MP-0217,salida,60.1,CONS-113017,BOD-01,OP-04
2025-09-01,MP-0344,salida,99.7,CONS-113024,BOD-02,OP-04
2025-09-02,MP-0012,entrada,893,REC-OC-5160,BOD-01,OP-01
2025-09-02,MP-0134,entrada,271,REC-OC-6096,BOD-01,OP-05
2025-09-03,MP-0007,entrada,656,REC-OC-5080,BOD-02,OP-06
2025-09-03,MP-0135,entrada,421,REC-OC-6102,BOD-02,OP-06
2025-09-04,MP-0034,entrada,1586,REC-OC-5504,BOD-01,OP-04
2025-09-04,MP-0004,entrada,1268,REC-OC-5042,BOD-01,OP-04
2025-09-04,MP-0153,entrada,43,REC-OC-6193,BOD-01,OP-02
2025-09-04,MP-0341,entrada,44,REC-OC-6389,BOD-01,OP-06
2025-09-05,MP-0032,entrada,1969,REC-OC-5472,BOD-01,OP-02
2025-09-05,MP-0012,entrada,1034,REC-OC-5164,BOD-01,OP-06
2025-09-05,MP-0094,salida,20.9,CONS-112269,BOD-01,OP-04
2025-09-05,MP-0074,salida,21.7,CONS-112276,BOD-01,OP-02
2025-09-05,MP-0370,salida,7.0,CONS-112283,BOD-02,OP-03
2025-09-05,MP-0299,salida,27.2,CONS-112290,BOD-02,OP-03
2025-09-05,MP-0309,salida,24.6,CONS-112297,BOD-01,OP-03
2025-09-05,MP-0418,salida,22.9,CONS-112304,BOD-03,OP-02
2025-09-05,MP-0008,salida,85.9,CONS-112311,BOD-03,OP-01
2025-09-05,MP-0005,salida,44.4,CONS-112318,BOD-03,OP-03
2025-09-05,MP-0133,salida,26.8,CONS-112325,BOD-01,OP-02
2025-09-05,MP-0101,salida,23.6,CONS-112332,BOD-03,OP-04
2025-09-05,MP-0149,salida,111.4,CONS-112339,BOD-02,OP-05
2025-09-05,MP-0189,salida,19.1,CONS-112346,BOD-03,OP-03
2025-09-05,MP-0254,salida,27.8,CONS-112353,BOD-02,OP-04
2025-09-05,MP-0161,salida,10.4,CONS-112360,BOD-02,OP-02
2025-09-05,MP-0197,salida,25.1,CONS-112367,BOD-02,OP-02
2025-09-05,MP-0037,salida,23.0,CONS-112374,BOD-03,OP-01
2025-09-05,MP-0018,salida,3.8,CONS-112381,BOD-01,OP-05
2025-09-05,MP-0137,salida,19.3,CONS-112388,BOD-02,OP-04
2025-09-05,MP-0118,salida,25.0,CONS-112402,BOD-02,OP-01
2025-09-05,MP-0199,salida,23.6,CONS-112409,BOD-03,OP-02
2025-09-05,MP-0232,salida,21.1,CONS-112416,BOD-03,OP-01
2025-09-05,MP-0027,salida,15.4,CONS-112423,BOD-01,OP-02
2025-09-05,MP-0116,salida,46.2,CONS-112430,BOD-02,OP-05
2025-09-05,MP-0108,salida,69.5,CONS-112437,BOD-03,OP-01
2025-09-05,MP-0293,salida,81.2,CONS-112444,BOD-02,OP-01
2025-09-05,MP-0239,salida,38.5,CONS-112451,BOD-01,OP-01
2025-09-05,MP-0016,salida,90.9,CONS-112458,BOD-01,OP-04
2025-09-05,MP-0030,salida,11.6,CONS-112465,BOD-02,OP-01
2025-09-05,MP-0120,salida,55.5,CONS-112472,BOD-03,OP-01
2025-09-05,MP-0043,salida,32.1,CONS-112479,BOD-03,OP-04
2025-09-05,MP-0182,salida,99.5,CONS-112486,BOD-03,OP-03
2025-09-05,MP-0369,salida,64.6,CONS-112493,BOD-01,OP-01
2025-09-05,MP-0157,salida,131.5,CONS-112500,BOD-02,OP-02
2025-09-05,MP-0001,salida,88.6,CONS-112507,BOD-01,OP-01
2025-09-05,MP-0014,salida,72.0,CONS-112514,BOD-01,OP-03
2025-09-05,MP-0128,salida,132.8,CONS-112521,BOD-01,OP-01
2025-09-05,MP-0047,salida,38.1,CONS-112528,BOD-02,OP-02
2025-09-05,MP-0244,salida,42.9,CONS-112535,BOD-02,OP-05
2025-09-05,MP-0122,salida,40.1,CONS-112542,BOD-03,OP-01
2025-09-05,MP-0131,salida,24.6,CONS-112556,BOD-02,OP-01
2025-09-05,MP-0216,salida,51.4,CONS-112563,BOD-01,OP-05
2025-09-05,MP-0010,salida,84.9,CONS-112577,BOD-02,OP-06
2025-09-05,MP-0002,salida,48.2,CONS-112584,BOD-03,OP-01
2025-09-05,MP-0150,salida,67.5,CONS-112591,BOD-03,OP-03
2025-09-05,MP-0085,salida,73.2,CONS-112598,BOD-01,OP-05
2025-09-05,MP-0202,salida,103.5,CONS-112605,BOD-01,OP-03
2025-09-05,MP-0153,salida,47.6,CONS-112612,BOD-02,OP-06
2025-09-05,MP-0178,salida,22.5,CONS-112619,BOD-01,OP-03
2025-09-05,MP-0229,salida,106.0,CONS-112626,BOD-01,OP-05
2025-09-05,MP-0013,salida,31.9,CONS-112633,BOD-02,OP-06
2025-09-05,MP-0020,salida,80.6,CONS-112640,BOD-01,OP-05
2025-09-05,MP-0106,salida,21.0,CONS-112647,BOD-02,OP-01
2025-09-05,MP-0051,salida,104.2,CONS-112654,BOD-03,OP-06
2025-09-05,MP-0411,salida,31.7,CONS-112661,BOD-01,OP-06
2025-09-05,MP-0238,salida,29.8,CONS-112668,BOD-02,OP-06
2025-09-05,MP-0004,salida,56.5,CONS-112675,BOD-01,OP-04
2025-09-05,MP-0033,salida,50.0,CONS-112682,BOD-02,OP-02
2025-09-05,MP-0045,salida,31.7,CONS-112689,BOD-01,OP-02
2025-09-05,MP-0393,salida,22.5,CONS-112703,BOD-02,OP-03
2025-09-05,MP-0373,salida,132.4,CONS-112710,BOD-02,OP-02
2025-09-05,MP-0015,salida,50.7,CONS-112717,BOD-03,OP-06
2025-09-05,MP-0012,salida,76.9,CONS-112724,BOD-03,OP-05
2025-09-05,MP-0142,salida,77.3,CONS-112731,BOD-01,OP-06
2025-09-05,MP-0102,salida,94.2,CONS-112738,BOD-03,OP-03
2025-09-05,MP-0114,salida,-22.5,CONS-112745,BOD-02,OP-06
2025-09-05,MP-0325,salida,60.6,CONS-112752,BOD-01,OP-02
2025-09-05,MP-0193,salida,54.5,CONS-112759,BOD-01,OP-04
2025-09-05,MP-0330,salida,25.2,CONS-112766,BOD-03,OP-02
2025-09-05,MP-0024,salida,142.6,CONS-112773,BOD-02,OP-02
2025-09-05,MP-0117,salida,77.3,CONS-112780,BOD-03,OP-06
2025-09-05,MP-0060,salida,69.1,CONS-112787,BOD-01,OP-05
2025-09-05,MP-0357,salida,85.0,CONS-112794,BOD-03,OP-04
2025-09-05,MP-0162,salida,13.1,CONS-112801,BOD-03,OP-01
2025-09-05,MP-0009,salida,46.4,CONS-112808,BOD-03,OP-05
2025-09-05,MP-0076,salida,64.1,CONS-112815,BOD-03,OP-06
2025-09-05,MP-0077,salida,67.5,CONS-112822,BOD-03,OP-03
2025-09-05,MP-0273,salida,72.0,CONS-112829,BOD-01,OP-04
2025-09-05,MP-0026,salida,67.1,CONS-112836,BOD-02,OP-01
2025-09-05,MP-0111,salida,103.1,CONS-112843,BOD-03,OP-02
2025-09-05,MP-0071,salida,81.8,CONS-112850,BOD-02,OP-04
2025-09-05,MP-0388,salida,78.7,CONS-112857,BOD-03,OP-03
2025-09-05,MP-0227,salida,47.2,CONS-112864,BOD-03,OP-04
2025-09-05,MP-0088,salida,67.1,CONS-112871,BOD-01,OP-03
2025-09-05,MP-0143,salida,75.0,CONS-112878,BOD-01,OP-03
2025-09-05,MP-0181,salida,63.0,CONS-112885,BOD-03,OP-02
2025-09-05,MP-0385,salida,-18.5,CONS-112892,BOD-02,OP-06
2025-09-05,MP-0321,salida,34.0,CONS-112899,BOD-03,OP-06
2025-09-05,MP-0343,salida,75.5,CONS-112906,BOD-02,OP-02
2025-09-05,MP-0036,salida,56.4,CONS-112913,BOD-03,OP-02
2025-09-05,MP-0080,salida,62.3,CONS-112920,BOD-02,OP-04
2025-09-05,MP-0139,salida,114.8,CONS-112927,BOD-02,OP-01
2025-09-05,MP-0356,salida,73.5,CONS-112934,BOD-02,OP-06
2025-09-05,MP-0339,salida,24.5,CONS-112941,BOD-03,OP-01
2025-09-05,MP-0078,salida,19.2,CONS-112948,BOD-03,OP-02
2025-09-05,MP-0059,salida,11.9,CONS-112955,BOD-02,OP-06
2025-09-05,MP-0211,salida,9.3,CONS-112962,BOD-02,OP-06
2025-09-05,MP-0340,salida,9.3,CONS-112969,BOD-03,OP-06
2025-09-05,MP-0390,salida,6.7,CONS-112976,BOD-01,OP-04
2025-09-05,MP-0268,salida,6.1,CONS-112983,BOD-03,OP-03
2025-09-05,MP-0039,salida,11.9,CONS-112990,BOD-03,OP-06
2025-09-05,MP-0032,salida,23.4,CONS-112997,BOD-01,OP-03
2025-09-05,MP-0129,salida,79.2,CONS-113004,BOD-02,OP-05
2025-09-05,MP-0136,salida,68.1,CONS-113011,BOD-03,OP-03
2025-09-05,MP-0217,salida,60.1,CONS-113018,BOD-02,OP-06
2025-09-05,MP-0344,salida,99.7,CONS-113025,BOD-01,OP-04
2025-09-06,MP-0354,entrada,14,REC-OC-6403,BOD-03,OP-02
2025-09-06,MP-0012,entrada,1234,REC-OC-5165,BOD-01,OP-02
2025-09-06,MP-0087,entrada,431,REC-OC-5834,BOD-02,OP-01
2025-09-07,MP-0026,entrada,911,REC-OC-5374,BOD-02,OP-01
2025-09-07,MP-0001,entrada,632,REC-OC-5007,BOD-01,OP-06
2025-09-08,MP-0345,entrada,73,REC-OC-6393,BOD-01,OP-06
2025-09-08,MP-0133,entrada,255,REC-OC-6090,BOD-01,OP-06
2025-09-08,MP-0093,entrada,202,REC-OC-5873,BOD-02,OP-04
2025-09-09,MP-0130,entrada,441,REC-OC-6074,BOD-01,OP-03
2025-09-09,MP-0009,entrada,1712,REC-OC-5095,BOD-03,OP-05
2025-09-09,MP-0019,salida,60.7,CONS-112256,BOD-02,OP-05
2025-09-09,MP-0022,salida,56.2,CONS-112263,BOD-02,OP-01
2025-09-09,MP-0094,salida,20.9,CONS-112270,BOD-03,OP-02
2025-09-09,MP-0074,salida,21.7,CONS-112277,BOD-02,OP-03
2025-09-09,MP-0370,salida,7.0,CONS-112284,BOD-03,OP-04
2025-09-09,MP-0299,salida,27.2,CONS-112291,BOD-02,OP-02
2025-09-09,MP-0418,salida,22.9,CONS-112305,BOD-02,OP-02
2025-09-09,MP-0005,salida,44.4,CONS-112319,BOD-03,OP-02
2025-09-09,MP-0133,salida,26.8,CONS-112326,BOD-03,OP-05
2025-09-09,MP-0101,salida,23.6,CONS-112333,BOD-01,OP-03
2025-09-09,MP-0149,salida,111.4,CONS-112340,BOD-02,OP-03
2025-09-09,MP-0189,salida,19.1,CONS-112347,BOD-02,OP-04
2025-09-09,MP-0254,salida,27.8,CONS-112354,BOD-03,OP-05
2025-09-09,MP-0161,salida,10.4,CONS-112361,BOD-01,OP-03
2025-09-09,MP-0197,salida,25.1,CONS-112368,BOD-01,OP-02
2025-09-09,MP-0037,salida,23.0,CONS-112375,BOD-01,OP-05
2025-09-09,MP-0018,salida,3.8,CONS-112382,BOD-03,OP-03
2025-09-09,MP-0137,salida,19.3,CONS-112389,BOD-02,OP-04
2025-09-09,MP-0073,salida,27.8,CONS-112396,BOD-01,OP-01
2025-09-09,MP-0118,salida,25.0,CONS-112403,BOD-03,OP-04
2025-09-09,MP-0199,salida,23.6,CONS-112410,BOD-02,OP-06
2025-09-09,MP-0232,salida,21.1,CONS-112417,BOD-01,OP-05
2025-09-09,MP-0027,salida,15.4,CONS-112424,BOD-03,OP-05
2025-09-09,MP-0116,salida,46.2,CONS-112431,BOD-01,OP-03
2025-09-09,MP-0108,salida,69.5,CONS-112438,BOD-03,OP-03
2025-09-09,MP-0293,salida,81.2,CONS-112445,BOD-02,OP-06
2025-09-09,MP-0239,salida,38.5,CONS-112452,BOD-02,OP-01
2025-09-09,MP-0016,salida,90.9,CONS-112459,BOD-03,OP-04
2025-09-09,MP-0030,salida,11.6,CONS-112466,BOD-02,OP-02
2025-09-09,MP-0120,salida,55.5,CONS-112473,BOD-01,OP-01
2025-09-09,MP-0182,salida,99.5,CONS-112487,BOD-01,OP-02
2025-09-09,MP-0369,salida,64.6,CONS-112494,BOD-03,OP-05
2025-09-09,MP-0157,salida,131.5,CONS-112501,BOD-03,OP-01
2025-09-09,MP-0001,salida,88.6,CONS-112508,BOD-02,OP-01
2025-09-09,MP-0014,salida,72.0,CONS-112515,BOD-03,OP-01
2025-09-09,MP-0128,salida,132.8,CONS-112522,BOD-02,OP-02
2025-09-09,MP-0047,salida,38.1,CONS-112529,BOD-02,OP-01
2025-09-09,MP-0244,salida,42.9,CONS-112536,BOD-03,OP-01
2025-09-09,MP-0122,salida,40.1,CONS-112543,BOD-02,OP-05
2025-09-09,MP-0132,salida,66.5,CONS-112550,BOD-03,OP-04
2025-09-09,MP-0131,salida,24.6,CONS-112557,BOD-03,OP-05
2025-09-09,MP-0272,salida,6.5,CONS-112571,BOD-02,OP-02
2025-09-09,MP-0150,salida,67.5,CONS-112592,BOD-01,OP-05
2025-09-09,MP-0085,salida,73.2,CONS-112599,BOD-01,OP-06
2025-09-09,MP-0202,salida,103.5,CONS-112606,BOD-03,OP-02
2025-09-09,MP-0153,salida,47.6,CONS-112613,BOD-02,OP-01
2025-09-09,MP-0178,salida,22.5,CONS-112620,BOD-03,OP-06
2025-09-09,MP-0229,salida,106.0,CONS-112627,BOD-02,OP-03
2025-09-09,MP-0013,salida,31.9,CONS-112634,BOD-01,OP-04
2025-09-09,MP-0106,salida,21.0,CONS-112648,BOD-02,OP-02
2025-09-09,MP-0051,salida,-104.2,CONS-112655,BOD-02,OP-03
2025-09-09,MP-0411,salida,31.7,CONS-112662,BOD-02,OP-05
2025-09-09,MP-0238,salida,29.8,CONS-112669,BOD-01,OP-02
2025-09-09,MP-0004,salida,56.5,CONS-112676,BOD-02,OP-06
2025-09-09,MP-0033,salida,50.0,CONS-112683,BOD-03,OP-06
2025-09-09,MP-0045,salida,31.7,CONS-112690,BOD-02,OP-01
2025-09-09,MP-0386,salida,70.1,CONS-112697,BOD-02,OP-06
2025-09-09,MP-0393,salida,22.5,CONS-112704,BOD-02,OP-01
2025-09-09,MP-0373,salida,132.4,CONS-112711,BOD-01,OP-03
2025-09-09,MP-0015,salida,50.7,CONS-112718,BOD-01,OP-03
2025-09-09,MP-0012,salida,76.9,CONS-112725,BOD-01,OP-02
2025-09-09,MP-0142,salida,77.3,CONS-112732,BOD-02,OP-05
2025-09-09,MP-0102,salida,94.2,CONS-112739,BOD-03,OP-02
2025-09-09,MP-0114,salida,22.5,CONS-112746,BOD-02,OP-04
2025-09-09,MP-0325,salida,60.6,CONS-112753,BOD-01,OP-05
2025-09-09,MP-0193,salida,54.5,CONS-112760,BOD-03,OP-02
2025-09-09,MP-0330,salida,25.2,CONS-112767,BOD-01,OP-01
2025-09-09,MP-0024,salida,142.6,CONS-112774,BOD-01,OP-06
2025-09-09,MP-0117,salida,-77.3,CONS-112781,BOD-02,OP-01
2025-09-09,MP-0060,salida,69.1,CONS-112788,BOD-01,OP-04
2025-09-09,MP-0357,salida,85.0,CONS-112795,BOD-02,OP-04
2025-09-09,MP-0162,salida,13.1,CONS-112802,BOD-01,OP-03
2025-09-09,MP-0009,salida,46.4,CONS-112809,BOD-03,OP-04
2025-09-09,MP-0076,salida,64.1,CONS-112816,BOD-03,OP-02
2025-09-09,MP-0077,salida,67.5,CONS-112823,BOD-01,OP-02
2025-09-09,MP-0273,salida,72.0,CONS-112830,BOD-03,OP-01
2025-09-09,MP-0026,salida,67.1,CONS-112837,BOD-01,OP-04
2025-09-09,MP-0111,salida,103.1,CONS-112844,BOD-03,OP-01
2025-09-09,MP-0071,salida,81.8,CONS-112851,BOD-02,OP-04
2025-09-09,MP-0388,salida,78.7,CONS-112858,BOD-02,OP-06
2025-09-09,MP-0227,salida,47.2,CONS-112865,BOD-03,OP-04
2025-09-09,MP-0088,salida,67.1,CONS-112872,BOD-03,OP-05
2025-09-09,MP-0143,salida,75.0,CONS-112879,BOD-01,OP-02
2025-09-09,MP-0181,salida,63.0,CONS-112886,BOD-01,OP-04
2025-09-09,MP-0385,salida,18.5,CONS-112893,BOD-01,OP-06
2025-09-09,MP-0321,salida,34.0,CONS-112900,BOD-02,OP-06
2025-09-09,MP-0343,salida,75.5,CONS-112907,BOD-03,OP-02
2025-09-09,MP-0036,salida,56.4,CONS-112914,BOD-01,OP-06
2025-09-09,MP-0080,salida,62.3,CONS-112921,BOD-02,OP-05
2025-09-09,MP-0356,salida,73.5,CONS-112935,BOD-03,OP-05
2025-09-09,MP-0339,salida,24.5,CONS-112942,BOD-01,OP-03
2025-09-09,MP-0059,salida,11.9,CONS-112956,BOD-03,OP-01
2025-09-09,MP-0211,salida,9.3,CONS-112963,BOD-02,OP-02
2025-09-09,MP-0340,salida,9.3,CONS-112970,BOD-01,OP-04
2025-09-09,MP-0390,salida,6.7,CONS-112977,BOD-02,OP-03
2025-09-09,MP-0039,salida,11.9,CONS-112991,BOD-02,OP-04
2025-09-09,MP-0032,salida,-23.4,CONS-112998,BOD-02,OP-02
2025-09-09,MP-0129,salida,79.2,CONS-113005,BOD-01,OP-05
2025-09-09,MP-0136,salida,68.1,CONS-113012,BOD-03,OP-06
2025-09-09,MP-0217,salida,60.1,CONS-113019,BOD-01,OP-01
2025-09-09,MP-0344,salida,99.7,CONS-113026,BOD-01,OP-04
2025-09-10,MP-0063,entrada,183,REC-OC-5722,BOD-02,OP-03
2025-09-10,MP-0025,entrada,1185,REC-OC-5355,BOD-02,OP-05
2025-09-10,MP-0024,entrada,1974,REC-OC-5342,BOD-02,OP-03
2025-09-10,MP-0080,entrada,182,REC-OC-5794,BOD-03,OP-06
2025-09-11,MP-0022,entrada,961,REC-OC-5305,BOD-02,OP-04
2025-09-11,MP-0113,entrada,102,REC-OC-5977,BOD-03,OP-01
2025-09-11,MP-0039,entrada,971,REC-OC-5563,BOD-02,OP-06
2025-09-12,MP-0021,entrada,737,REC-OC-5288,BOD-01,OP-03
2025-09-12,MP-0024,entrada,1480,REC-OC-5348,BOD-01,OP-05
2025-09-12,MP-0362,entrada,55,REC-OC-6411,BOD-03,OP-04
2025-09-12,MP-0044,entrada,395,REC-OC-5607,BOD-03,OP-04
2025-09-13,MP-0093,entrada,371,REC-OC-5869,BOD-02,OP-05
2025-09-13,MP-0010,entrada,1707,REC-OC-5120,BOD-02,OP-02
2025-09-13,MP-0019,salida,60.7,CONS-112257,BOD-01,OP-01
2025-09-13,MP-0022,salida,-56.2,CONS-112264,BOD-02,OP-05
2025-09-13,MP-0094,salida,-20.9,CONS-112271,BOD-03,OP-03
2025-09-13,MP-0074,salida,21.7,CONS-112278,BOD-03,OP-06
2025-09-13,MP-0370,salida,7.0,CONS-112285,BOD-03,OP-03
2025-09-13,MP-0299,salida,27.2,CONS-112292,BOD-01,OP-04
2025-09-13,MP-0309,salida,24.6,CONS-112299,BOD-01,OP-04
2025-09-13,MP-0418,salida,22.9,CONS-112306,BOD-01,OP-05
2025-09-13,MP-0008,salida,85.9,CONS-112313,BOD-02,OP-06
2025-09-13,MP-0133,salida,26.8,CONS-112327,BOD-03,OP-04
2025-09-13,MP-0101,salida,23.6,CONS-112334,BOD-01,OP-05
2025-09-13,MP-0149,salida,111.4,CONS-112341,BOD-03,OP-03
2025-09-13,MP-0189,salida,19.1,CONS-112348,BOD-02,OP-02
2025-09-13,MP-0254,salida,27.8,CONS-112355,BOD-02,OP-02
2025-09-13,MP-0161,salida,10.4,CONS-112362,BOD-03,OP-06
2025-09-13,MP-0197,salida,25.1,CONS-112369,BOD-02,OP-04
2025-09-13,MP-0037,salida,23.0,CONS-112376,BOD-02,OP-04
2025-09-13,MP-0018,salida,3.8,CONS-112383,BOD-02,OP-01
2025-09-13,MP-0137,salida,19.3,CONS-112390,BOD-02,OP-06
2025-09-13,MP-0073,salida,27.8,CONS-112397,BOD-02,OP-01
2025-09-13,MP-0118,salida,25.0,CONS-112404,BOD-01,OP-06
2025-09-13,MP-0199,salida,23.6,CONS-112411,BOD-02,OP-02
2025-09-13,MP-0232,salida,21.1,CONS-112418,BOD-02,OP-01
2025-09-13,MP-0027,salida,15.4,CONS-112425,BOD-01,OP-05
2025-09-13,MP-0116,salida,46.2,CONS-112432,BOD-02,OP-02
2025-09-13,MP-0108,salida,69.5,CONS-112439,BOD-02,OP-04
2025-09-13,MP-0293,salida,81.2,CONS-112446,BOD-01,OP-05
2025-09-13,MP-0239,salida,38.5,CONS-112453,BOD-02,OP-05
2025-09-13,MP-0016,salida,90.9,CONS-112460,BOD-03,OP-01
2025-09-13,MP-0030,salida,11.6,CONS-112467,BOD-01,OP-03
2025-09-13,MP-0120,salida,55.5,CONS-112474,BOD-01,OP-04
2025-09-13,MP-0043,salida,32.1,CONS-112481,BOD-03,OP-06
2025-09-13,MP-0182,salida,99.5,CONS-112488,BOD-02,OP-04
2025-09-13,MP-0369,salida,64.6,CONS-112495,BOD-03,OP-06
2025-09-13,MP-0157,salida,131.5,CONS-112502,BOD-02,OP-05
2025-09-13,MP-0001,salida,88.6,CONS-112509,BOD-02,OP-03
2025-09-13,MP-0128,salida,132.8,CONS-112523,BOD-01,OP-04
2025-09-13,MP-0047,salida,38.1,CONS-112530,BOD-02,OP-02
2025-09-13,MP-0244,salida,-42.9,CONS-112537,BOD-01,OP-03
2025-09-13,MP-0122,salida,40.1,CONS-112544,BOD-01,OP-06
2025-09-13,MP-0132,salida,66.5,CONS-112551,BOD-02,OP-05
2025-09-13,MP-0131,salida,24.6,CONS-112558,BOD-03,OP-04
2025-09-13,MP-0216,salida,51.4,CONS-112565,BOD-03,OP-06
2025-09-13,MP-0272,salida,6.5,CONS-112572,BOD-03,OP-06
2025-09-13,MP-0010,salida,-84.9,CONS-112579,BOD-03,OP-06
2025-09-13,MP-0002,salida,48.2,CONS-112586,BOD-02,OP-01
2025-09-13,MP-0150,salida,67.5,CONS-112593,BOD-01,OP-01
2025-09-13,MP-0085,salida,73.2,CONS-112600,BOD-01,OP-03
2025-09-13,MP-0202,salida,103.5,CONS-112607,BOD-01,OP-04
2025-09-13,MP-0153,salida,47.6,CONS-112614,BOD-03,OP-05
2025-09-13,MP-0178,salida,22.5,CONS-112621,BOD-01,OP-03
2025-09-13,MP-0229,salida,106.0,CONS-112628,BOD-01,OP-06
2025-09-13,MP-0020,salida,80.6,CONS-112642,BOD-03,OP-01
2025-09-13,MP-0106,salida,21.0,CONS-112649,BOD-01,OP-01
2025-09-13,MP-0051,salida,104.2,CONS-112656,BOD-01,OP-02
2025-09-13,MP-0411,salida,31.7,CONS-112663,BOD-01,OP-02
2025-09-13,MP-0238,salida,29.8,CONS-112670,BOD-02,OP-02
2025-09-13,MP-0004,salida,56.5,CONS-112677,BOD-02,OP-06
2025-09-13,MP-0033,salida,50.0,CONS-112684,BOD-03,OP-04
2025-09-13,MP-0386,salida,70.1,CONS-112698,BOD-01,OP-05
2025-09-13,MP-0393,salida,22.5,CONS-112705,BOD-02,OP-01
2025-09-13,MP-0373,salida,132.4,CONS-112712,BOD-02,OP-01
2025-09-13,MP-0015,salida,50.7,CONS-112719,BOD-01,OP-02
2025-09-13,MP-0012,salida,76.9,CONS-112726,BOD-03,OP-02
2025-09-13,MP-0142,salida,77.3,CONS-112733,BOD-02,OP-01
2025-09-13,MP-0102,salida,94.2,CONS-112740,BOD-03,OP-04
2025-09-13,MP-0114,salida,22.5,CONS-112747,BOD-01,OP-02
2025-09-13,MP-0325,salida,60.6,CONS-112754,BOD-01,OP-04
2025-09-13,MP-0193,salida,54.5,CONS-112761,BOD-03,OP-02
2025-09-13,MP-0330,salida,25.2,CONS-112768,BOD-02,OP-03
2025-09-13,MP-0024,salida,142.6,CONS-112775,BOD-02,OP-05
2025-09-13,MP-0117,salida,77.3,CONS-112782,BOD-03,OP-06
2025-09-13,MP-0060,salida,69.1,CONS-112789,BOD-03,OP-04
2025-09-13,MP-0357,salida,85.0,CONS-112796,BOD-02,OP-04
2025-09-13,MP-0162,salida,13.1,CONS-112803,BOD-03,OP-06
2025-09-13,MP-0009,salida,46.4,CONS-112810,BOD-01,OP-01
2025-09-13,MP-0076,salida,64.1,CONS-112817,BOD-02,OP-05
2025-09-13,MP-0077,salida,67.5,CONS-112824,BOD-01,OP-03
2025-09-13,MP-0273,salida,72.0,CONS-112831,BOD-03,OP-03
2025-09-13,MP-0026,salida,67.1,CONS-112838,BOD-02,OP-06
2025-09-13,MP-0111,salida,103.1,CONS-112845,BOD-02,OP-01
2025-09-13,MP-0388,salida,78.7,CONS-112859,BOD-01,OP-05
2025-09-13,MP-0227,salida,-47.2,CONS-112866,BOD-03,OP-06
2025-09-13,MP-0088,salida,67.1,CONS-112873,BOD-03,OP-04
2025-09-13,MP-0143,salida,75.0,CONS-112880,BOD-01,OP-06
2025-09-13,MP-0181,salida,63.0,CONS-112887,BOD-03,OP-05
2025-09-13,MP-0385,salida,18.5,CONS-112894,BOD-01,OP-05
2025-09-13,MP-0321,salida,34.0,CONS-112901,BOD-01,OP-02
2025-09-13,MP-0343,salida,75.5,CONS-112908,BOD-01,OP-01
2025-09-13,MP-0036,salida,56.4,CONS-112915,BOD-02,OP-02
2025-09-13,MP-0080,salida,62.3,CONS-112922,BOD-01,OP-04
2025-09-13,MP-0139,salida,114.8,CONS-112929,BOD-03,OP-05
2025-09-13,MP-0356,salida,73.5,CONS-112936,BOD-01,OP-01
2025-09-13,MP-0339,salida,24.5,CONS-112943,BOD-03,OP-05
2025-09-13,MP-0078,salida,19.2,CONS-112950,BOD-02,OP-06
2025-09-13,MP-0059,salida,11.9,CONS-112957,BOD-01,OP-06
2025-09-13,MP-0211,salida,9.3,CONS-112964,BOD-03,OP-02
2025-09-13,MP-0340,salida,9.3,CONS-112971,BOD-03,OP-01
2025-09-13,MP-0390,salida,6.7,CONS-112978,BOD-01,OP-04
2025-09-13,MP-0268,salida,-6.1,CONS-112985,BOD-02,OP-01
2025-09-13,MP-0039,salida,11.9,CONS-112992,BOD-02,OP-04
2025-09-13,MP-0032,salida,23.4,CONS-112999,BOD-03,OP-01
2025-09-13,MP-0129,salida,79.2,CONS-113006,BOD-01,OP-06
2025-09-13,MP-0217,salida,60.1,CONS-113020,BOD-03,OP-01
2025-09-13,MP-0344,salida,99.7,CONS-113027,BOD-01,OP-01
2025-09-13,MP-0016,ajuste,-29,AJU-120045,BOD-01,AUDIT
2025-09-14,MP-0074,entrada,272,REC-OC-5768,BOD-01,OP-01
2025-09-14,MP-0018,entrada,1986,REC-OC-5257,BOD-01,OP-06
2025-09-14,MP-0014,entrada,1093,REC-OC-5194,BOD-01,OP-03
2025-09-14,MP-0389,entrada,69,REC-OC-6439,BOD-02,OP-04
2025-09-14,MP-0109,entrada,257,REC-OC-5962,BOD-01,OP-05
2025-09-14,MP-0220,entrada,23,REC-OC-6263,BOD-01,OP-01
2025-09-15,MP-0074,entrada,272,REC-OC-5769,BOD-03,OP-03
2025-09-15,MP-0103,entrada,402,REC-OC-5937,BOD-03,OP-01
2025-09-16,MP-0020,entrada,999,REC-OC-5269,BOD-01,OP-03
2025-09-16,MP-0125,entrada,366,REC-OC-6034,BOD-01,OP-04
2025-09-16,MP-0023,entrada,2068,REC-OC-5312,BOD-01,OP-01
2025-09-17,MP-0334,entrada,48,REC-OC-6382,BOD-03,OP-05
2025-09-17,MP-0014,entrada,1327,REC-OC-5196,BOD-03,OP-03
2025-09-17,MP-0019,salida,60.7,CONS-112258,BOD-03,OP-06
2025-09-17,MP-0022,salida,56.2,CONS-112265,BOD-02,OP-01
2025-09-17,MP-0094,salida,20.9,CONS-112272,BOD-01,OP-05
2025-09-17,MP-0074,salida,21.7,CONS-112279,BOD-03,OP-03
2025-09-17,MP-0370,salida,7.0,CONS-112286,BOD-03,OP-04
2025-09-17,MP-0299,salida,27.2,CONS-112293,BOD-02,OP-03
2025-09-17,MP-0309,salida,24.6,CONS-112300,BOD-02,OP-06
2025-09-17,MP-0418,salida,22.9,CONS-112307,BOD-01,OP-06
2025-09-17,MP-0008,salida,85.9,CONS-112314,BOD-01,OP-04
2025-09-17,MP-0005,salida,44.4,CONS-112321,BOD-03,OP-06
2025-09-17,MP-0133,salida,26.8,CONS-112328,BOD-01,OP-04
2025-09-17,MP-0101,salida,23.6,CONS-112335,BOD-02,OP-05
2025-09-17,MP-0149,salida,111.4,CONS-112342,BOD-03,OP-01
2025-09-17,MP-0189,salida,19.1,CONS-112349,BOD-01,OP-04
2025-09-17,MP-0254,salida,27.8,CONS-112356,BOD-03,OP-01
2025-09-17,MP-0161,salida,10.4,CONS-112363,BOD-03,OP-01
2025-09-17,MP-0197,salida,25.1,CONS-112370,BOD-03,OP-01
2025-09-17,MP-0037,salida,23.0,CONS-112377,BOD-01,OP-03
2025-09-17,MP-0018,salida,3.8,CONS-112384,BOD-02,OP-05
2025-09-17,MP-0137,salida,19.3,CONS-112391,BOD-03,OP-01
2025-09-17,MP-0073,salida,27.8,CONS-112398,BOD-01,OP-05
2025-09-17,MP-0118,salida,25.0,CONS-112405,BOD-02,OP-05
2025-09-17,MP-0199,salida,23.6,CONS-112412,BOD-01,OP-02
2025-09-17,MP-0027,salida,15.4,CONS-112426,BOD-03,OP-02
2025-09-17,MP-0116,salida,46.2,CONS-112433,BOD-01,OP-02
2025-09-17,MP-0108,salida,69.5,CONS-112440,BOD-01,OP-02
2025-09-17,MP-0293,salida,81.2,CONS-112447,BOD-02,OP-05
2025-09-17,MP-0239,salida,38.5,CONS-112454,BOD-03,OP-06
2025-09-17,MP-0016,salida,90.9,CONS-112461,BOD-03,OP-01
2025-09-17,MP-0030,salida,11.6,CONS-112468,BOD-03,OP-01
2025-09-17,MP-0120,salida,55.5,CONS-112475,BOD-01,OP-02
2025-09-17,MP-0043,salida,32.1,CONS-112482,BOD-03,OP-02
2025-09-17,MP-0182,salida,99.5,CONS-112489,BOD-03,OP-04
2025-09-17,MP-0369,salida,64.6,CONS-112496,BOD-01,OP-06
2025-09-17,MP-0157,salida,131.5,CONS-112503,BOD-03,OP-06
2025-09-17,MP-0014,salida,72.0,CONS-112517,BOD-03,OP-06
2025-09-17,MP-0128,salida,132.8,CONS-112524,BOD-02,OP-06
2025-09-17,MP-0047,salida,38.1,CONS-112531,BOD-03,OP-03
2025-09-17,MP-0244,salida,42.9,CONS-112538,BOD-01,OP-02
2025-09-17,MP-0122,salida,40.1,CONS-112545,BOD-02,OP-04
2025-09-17,MP-0132,salida,66.5,CONS-112552,BOD-02,OP-04
2025-09-17,MP-0131,salida,24.6,CONS-112559,BOD-01,OP-02
2025-09-17,MP-0216,salida,51.4,CONS-112566,BOD-01,OP-06
2025-09-17,MP-0272,salida,6.5,CONS-112573,BOD-01,OP-06
2025-09-17,MP-0010,salida,-84.9,CONS-112580,BOD-01,OP-03
2025-09-17,MP-0002,salida,48.2,CONS-112587,BOD-01,OP-03
2025-09-17,MP-0150,salida,67.5,CONS-112594,BOD-03,OP-05
2025-09-17,MP-0085,salida,73.2,CONS-112601,BOD-03,OP-06
2025-09-17,MP-0202,salida,103.5,CONS-112608,BOD-02,OP-04
2025-09-17,MP-0153,salida,47.6,CONS-112615,BOD-03,OP-01
2025-09-17,MP-0178,salida,22.5,CONS-112622,BOD-01,OP-01
2025-09-17,MP-0229,salida,106.0,CONS-112629,BOD-02,OP-06
2025-09-17,MP-0013,salida,31.9,CONS-112636,BOD-01,OP-06
2025-09-17,MP-0106,salida,21.0,CONS-112650,BOD-01,OP-04
2025-09-17,MP-0051,salida,104.2,CONS-112657,BOD-01,OP-02
2025-09-17,MP-0411,salida,31.7,CONS-112664,BOD-03,OP-06
2025-09-17,MP-0238,salida,29.8,CONS-112671,BOD-02,OP-01
2025-09-17,MP-0004,salida,56.5,CONS-112678,BOD-03,OP-05
2025-09-17,MP-0033,salida,50.0,CONS-112685,BOD-02,OP-03
2025-09-17,MP-0045,salida,31.7,CONS-112692,BOD-01,OP-02
2025-09-17,MP-0386,salida,70.1,CONS-112699,BOD-03,OP-06
2025-09-17,MP-0393,salida,22.5,CONS-112706,BOD-02,OP-02
2025-09-17,MP-0373,salida,132.4,CONS-112713,BOD-03,OP-04
2025-09-17,MP-0015,salida,50.7,CONS-112720,BOD-02,OP-02
2025-09-17,MP-0012,salida,76.9,CONS-112727,BOD-03,OP-05
2025-09-17,MP-0102,salida,94.2,CONS-112741,BOD-01,OP-02
2025-09-17,MP-0114,salida,22.5,CONS-112748,BOD-02,OP-02
2025-09-17,MP-0325,salida,60.6,CONS-112755,BOD-02,OP-02
2025-09-17,MP-0330,salida,25.2,CONS-112769,BOD-03,OP-03
2025-09-17,MP-0024,salida,142.6,CONS-112776,BOD-02,OP-01
2025-09-17,MP-0117,salida,77.3,CONS-112783,BOD-03,OP-01
2025-09-17,MP-0060,salida,69.1,CONS-112790,BOD-01,OP-04
2025-09-17,MP-0357,salida,85.0,CONS-112797,BOD-02,OP-03
2025-09-17,MP-0009,salida,46.4,CONS-112811,BOD-01,OP-05
2025-09-17,MP-0076,salida,64.1,CONS-112818,BOD-01,OP-02
2025-09-17,MP-0077,salida,67.5,CONS-112825,BOD-01,OP-02
2025-09-17,MP-0273,salida,72.0,CONS-112832,BOD-03,OP-01
2025-09-17,MP-0026,salida,67.1,CONS-112839,BOD-02,OP-03
2025-09-17,MP-0111,salida,103.1,CONS-112846,BOD-03,OP-02
2025-09-17,MP-0388,salida,78.7,CONS-112860,BOD-02,OP-06
2025-09-17,MP-0227,salida,47.2,CONS-112867,BOD-01,OP-04
2025-09-17,MP-0088,salida,67.1,CONS-112874,BOD-03,OP-02
2025-09-17,MP-0143,salida,75.0,CONS-112881,BOD-02,OP-02
2025-09-17,MP-0181,salida,63.0,CONS-112888,BOD-03,OP-03
2025-09-17,MP-0385,salida,18.5,CONS-112895,BOD-02,OP-03
2025-09-17,MP-0321,salida,34.0,CONS-112902,BOD-02,OP-03
2025-09-17,MP-0343,salida,75.5,CONS-112909,BOD-01,OP-06
2025-09-17,MP-0036,salida,56.4,CONS-112916,BOD-03,OP-02
2025-09-17,MP-0080,salida,62.3,CONS-112923,BOD-01,OP-01
2025-09-17,MP-0139,salida,114.8,CONS-112930,BOD-01,OP-05
2025-09-17,MP-0356,salida,73.5,CONS-112937,BOD-02,OP-04
2025-09-17,MP-0339,salida,24.5,CONS-112944,BOD-03,OP-03
2025-09-17,MP-0078,salida,19.2,CONS-112951,BOD-02,OP-04
2025-09-17,MP-0059,salida,11.9,CONS-112958,BOD-02,OP-03
2025-09-17,MP-0340,salida,9.3,CONS-112972,BOD-03,OP-01
2025-09-17,MP-0390,salida,6.7,CONS-112979,BOD-01,OP-02
2025-09-17,MP-0268,salida,6.1,CONS-112986,BOD-03,OP-01
2025-09-17,MP-0039,salida,11.9,CONS-112993,BOD-01,OP-05
2025-09-17,MP-0032,salida,23.4,CONS-113000,BOD-03,OP-06
2025-09-17,MP-0129,salida,79.2,CONS-113007,BOD-02,OP-06
2025-09-17,MP-0136,salida,68.1,CONS-113014,BOD-03,OP-01
2025-09-17,MP-0217,salida,60.1,CONS-113021,BOD-03,OP-06
2025-09-18,MP-0040,entrada,1591,REC-OC-5587,BOD-01,OP-02
2025-09-18,MP-0023,entrada,2077,REC-OC-5311,BOD-02,OP-03
2025-09-18,MP-0053,entrada,309,REC-OC-5665,BOD-02,OP-02
2025-09-19,MP-0038,entrada,1049,REC-OC-5555,BOD-01,OP-05
2025-09-20,MP-0279,ajuste,1,AJU-120077,BOD-01,AUDIT
2025-09-21,MP-0229,entrada,76,REC-OC-6272,BOD-01,OP-01
2025-09-21,MP-0019,salida,60.7,CONS-112259,BOD-02,OP-06
2025-09-21,MP-0022,salida,56.2,CONS-112266,BOD-02,OP-01
2025-09-21,MP-0094,salida,20.9,CONS-112273,BOD-01,OP-02
2025-09-21,MP-0074,salida,21.7,CONS-112280,BOD-02,OP-06
2025-09-21,MP-0370,salida,7.0,CONS-112287,BOD-02,OP-06
2025-09-21,MP-0299,salida,27.2,CONS-112294,BOD-03,OP-03
2025-09-21,MP-0309,salida,24.6,CONS-112301,BOD-02,OP-04
2025-09-21,MP-0418,salida,-22.9,CONS-112308,BOD-01,OP-05
2025-09-21,MP-0008,salida,85.9,CONS-112315,BOD-01,OP-03
2025-09-21,MP-0005,salida,44.4,CONS-112322,BOD-03,OP-03
2025-09-21,MP-0133,salida,26.8,CONS-112329,BOD-03,OP-04
2025-09-21,MP-0101,salida,23.6,CONS-112336,BOD-02,OP-03
2025-09-21,MP-0149,salida,111.4,CONS-112343,BOD-02,OP-06
2025-09-21,MP-0189,salida,19.1,CONS-112350,BOD-01,OP-01
2025-09-21,MP-0254,salida,27.8,CONS-112357,BOD-03,OP-02
2025-09-21,MP-0161,salida,10.4,CONS-112364,BOD-02,OP-01
2025-09-21,MP-0197,salida,25.1,CONS-112371,BOD-01,OP-04
2025-09-21,MP-0037,salida,23.0,CONS-112378,BOD-02,OP-06
2025-09-21,MP-0018,salida,3.8,CONS-112385,BOD-01,OP-01
2025-09-21,MP-0137,salida,19.3,CONS-112392,BOD-02,OP-04
2025-09-21,MP-0073,salida,27.8,CONS-112399,BOD-02,OP-04
2025-09-21,MP-0118,salida,25.0,CONS-112406,BOD-01,OP-04
2025-09-21,MP-0199,salida,23.6,CONS-112413,BOD-01,OP-03
2025-09-21,MP-0232,salida,21.1,CONS-112420,BOD-02,OP-04
2025-09-21,MP-0027,salida,15.4,CONS-112427,BOD-03,OP-03
2025-09-21,MP-0116,salida,46.2,CONS-112434,BOD-01,OP-05
2025-09-21,MP-0108,salida,69.5,CONS-112441,BOD-03,OP-04
2025-09-21,MP-0293,salida,81.2,CONS-112448,BOD-03,OP-04
2025-09-21,MP-0239,salida,38.5,CONS-112455,BOD-01,OP-05
2025-09-21,MP-0016,salida,90.9,CONS-112462,BOD-01,OP-01
2025-09-21,MP-0030,salida,11.6,CONS-112469,BOD-01,OP-02
2025-09-21,MP-0120,salida,55.5,CONS-112476,BOD-03,OP-01
2025-09-21,MP-0182,salida,99.5,CONS-112490,BOD-03,OP-06
2025-09-21,MP-0369,salida,64.6,CONS-112497,BOD-02,OP-03
2025-09-21,MP-0157,salida,131.5,CONS-112504,BOD-03,OP-05
2025-09-21,MP-0001,salida,88.6,CONS-112511,BOD-02,OP-01
2025-09-21,MP-0014,salida,72.0,CONS-112518,BOD-03,OP-04
2025-09-21,MP-0128,salida,132.8,CONS-112525,BOD-02,OP-05
2025-09-21,MP-0047,salida,38.1,CONS-112532,BOD-02,OP-02
2025-09-21,MP-0122,salida,40.1,CONS-112546,BOD-03,OP-04
2025-09-21,MP-0132,salida,66.5,CONS-112553,BOD-01,OP-01
2025-09-21,MP-0131,salida,24.6,CONS-112560,BOD-03,OP-02
2025-09-21,MP-0216,salida,51.4,CONS-112567,BOD-01,OP-01
2025-09-21,MP-0272,salida,6.5,CONS-112574,BOD-03,OP-02
2025-09-21,MP-0010,salida,84.9,CONS-112581,BOD-01,OP-01
2025-09-21,MP-0002,salida,48.2,CONS-112588,BOD-03,OP-04
2025-09-21,MP-0150,salida,67.5,CONS-112595,BOD-02,OP-03
2025-09-21,MP-0085,salida,73.2,CONS-112602,BOD-02,OP-02
2025-09-21,MP-0202,salida,103.5,CONS-112609,BOD-01,OP-04
2025-09-21,MP-0153,salida,47.6,CONS-112616,BOD-02,OP-04
2025-09-21,MP-0178,salida,22.5,CONS-112623,BOD-03,OP-06
2025-09-21,MP-0229,salida,106.0,CONS-112630,BOD-01,OP-02
2025-09-21,MP-0013,salida,31.9,CONS-112637,BOD-02,OP-04
2025-09-21,MP-0020,salida,80.6,CONS-112644,BOD-02,OP-02
2025-09-21,MP-0106,salida,21.0,CONS-112651,BOD-03,OP-04
2025-09-21,MP-0051,salida,104.2,CONS-112658,BOD-01,OP-04
2025-09-21,MP-0411,salida,31.7,CONS-112665,BOD-03,OP-04
2025-09-21,MP-0238,salida,29.8,CONS-112672,BOD-02,OP-05
2025-09-21,MP-0004,salida,56.5,CONS-112679,BOD-02,OP-05
2025-09-21,MP-0033,salida,50.0,CONS-112686,BOD-03,OP-02
2025-09-21,MP-0045,salida,31.7,CONS-112693,BOD-03,OP-04
2025-09-21,MP-0386,salida,70.1,CONS-112700,BOD-02,OP-05
2025-09-21,MP-0393,salida,22.5,CONS-112707,BOD-02,OP-02
2025-09-21,MP-0373,salida,132.4,CONS-112714,BOD-03,OP-06
2025-09-21,MP-0015,salida,50.7,CONS-112721,BOD-02,OP-02
2025-09-21,MP-0012,salida,76.9,CONS-112728,BOD-03,OP-01
2025-09-21,MP-0142,salida,77.3,CONS-112735,BOD-01,OP-01
2025-09-21,MP-0102,salida,94.2,CONS-112742,BOD-01,OP-03
2025-09-21,MP-0114,salida,22.5,CONS-112749,BOD-02,OP-03
2025-09-21,MP-0325,salida,60.6,CONS-112756,BOD-01,OP-01
2025-09-21,MP-0193,salida,54.5,CONS-112763,BOD-02,OP-03
2025-09-21,MP-0330,salida,25.2,CONS-112770,BOD-01,OP-04
2025-09-21,MP-0024,salida,142.6,CONS-112777,BOD-03,OP-03
2025-09-21,MP-0117,salida,77.3,CONS-112784,BOD-03,OP-03
2025-09-21,MP-0357,salida,85.0,CONS-112798,BOD-01,OP-05
2025-09-21,MP-0162,salida,13.1,CONS-112805,BOD-01,OP-03
2025-09-21,MP-0009,salida,46.4,CONS-112812,BOD-03,OP-01
2025-09-21,MP-0076,salida,64.1,CONS-112819,BOD-03,OP-06
2025-09-21,MP-0077,salida,67.5,CONS-112826,BOD-03,OP-01
2025-09-21,MP-0273,salida,72.0,CONS-112833,BOD-02,OP-03
2025-09-21,MP-0026,salida,67.1,CONS-112840,BOD-03,OP-02
2025-09-21,MP-0111,salida,103.1,CONS-112847,BOD-02,OP-06
2025-09-21,MP-0071,salida,81.8,CONS-112854,BOD-02,OP-04
2025-09-21,MP-0388,salida,78.7,CONS-112861,BOD-03,OP-05
2025-09-21,MP-0227,salida,47.2,CONS-112868,BOD-03,OP-05
2025-09-21,MP-0088,salida,67.1,CONS-112875,BOD-01,OP-02
2025-09-21,MP-0143,salida,75.0,CONS-112882,BOD-01,OP-05
2025-09-21,MP-0181,salida,63.0,CONS-112889,BOD-01,OP-05
2025-09-21,MP-0385,salida,18.5,CONS-112896,BOD-03,OP-04
2025-09-21,MP-0321,salida,34.0,CONS-112903,BOD-03,OP-05
2025-09-21,MP-0343,salida,75.5,CONS-112910,BOD-03,OP-05
2025-09-21,MP-0036,salida,56.4,CONS-112917,BOD-01,OP-04
2025-09-21,MP-0080,salida,62.3,CONS-112924,BOD-03,OP-04
2025-09-21,MP-0139,salida,114.8,CONS-112931,BOD-01,OP-01
2025-09-21,MP-0356,salida,73.5,CONS-112938,BOD-01,OP-06
2025-09-21,MP-0339,salida,-24.5,CONS-112945,BOD-01,OP-06
2025-09-21,MP-0078,salida,19.2,CONS-112952,BOD-03,OP-06
2025-09-21,MP-0059,salida,11.9,CONS-112959,BOD-02,OP-05
2025-09-21,MP-0211,salida,9.3,CONS-112966,BOD-03,OP-03
2025-09-21,MP-0340,salida,-9.3,CONS-112973,BOD-01,OP-05
2025-09-21,MP-0390,salida,6.7,CONS-112980,BOD-03,OP-03
2025-09-21,MP-0268,salida,6.1,CONS-112987,BOD-02,OP-01
2025-09-21,MP-0039,salida,11.9,CONS-112994,BOD-02,OP-03
2025-09-21,MP-0032,salida,23.4,CONS-113001,BOD-01,OP-02
2025-09-21,MP-0129,salida,79.2,CONS-113008,BOD-02,OP-04
2025-09-21,MP-0136,salida,68.1,CONS-113015,BOD-01,OP-04
2025-09-21,MP-0217,salida,60.1,CONS-113022,BOD-03,OP-06
2025-09-21,MP-0344,salida,99.7,CONS-113029,BOD-01,OP-02
2025-09-22,MP-0040,entrada,1161,REC-OC-5585,BOD-03,OP-03
2025-09-22,MP-0017,entrada,2083,REC-OC-5224,BOD-01,OP-05
2025-09-22,MP-0147,ajuste,-33,AJU-120042,BOD-02,AUDIT
2025-09-23,MP-0005,entrada,1275,REC-OC-5052,BOD-03,OP-06
2025-09-23,MP-0285,entrada,42,REC-OC-6329,BOD-03,OP-04
2025-09-23,MP-0137,entrada,456,REC-OC-6118,BOD-03,OP-01
2025-09-25,MP-0040,entrada,1960,REC-OC-5590,BOD-01,OP-03
2025-09-25,MP-0082,entrada,128,REC-OC-5801,BOD-02,OP-02
2025-09-25,MP-0340,entrada,3,REC-OC-6388,BOD-02,OP-02
2025-09-25,MP-0026,entrada,816,REC-OC-5359,BOD-03,OP-01
2025-09-25,MP-0019,salida,60.7,CONS-112260,BOD-01,OP-02
2025-09-25,MP-0022,salida,56.2,CONS-112267,BOD-01,OP-05
2025-09-25,MP-0094,salida,20.9,CONS-112274,BOD-01,OP-05
2025-09-25,MP-0074,salida,21.7,CONS-112281,BOD-01,OP-03
2025-09-25,MP-0370,salida,7.0,CONS-112288,BOD-03,OP-01
2025-09-25,MP-0299,salida,27.2,CONS-112295,BOD-02,OP-04
2025-09-25,MP-0309,salida,24.6,CONS-112302,BOD-02,OP-04
2025-09-25,MP-0418,salida,22.9,CONS-112309,BOD-03,OP-06
2025-09-25,MP-0008,salida,85.9,CONS-112316,BOD-03,OP-06
2025-09-25,MP-0005,salida,44.4,CONS-112323,BOD-02,OP-04
2025-09-25,MP-0101,salida,23.6,CONS-112337,BOD-02,OP-01
2025-09-25,MP-0149,salida,111.4,CONS-112344,BOD-03,OP-02
2025-09-25,MP-0189,salida,19.1,CONS-112351,BOD-03,OP-04
2025-09-25,MP-0254,salida,27.8,CONS-112358,BOD-01,OP-01
2025-09-25,MP-0161,salida,10.4,CONS-112365,BOD-01,OP-05
2025-09-25,MP-0197,salida,25.1,CONS-112372,BOD-03,OP-02
2025-09-25,MP-0037,salida,23.0,CONS-112379,BOD-02,OP-01
2025-09-25,MP-0018,salida,3.8,CONS-112386,BOD-03,OP-05
2025-09-25,MP-0137,salida,19.3,CONS-112393,BOD-03,OP-06
2025-09-25,MP-0073,salida,27.8,CONS-112400,BOD-02,OP-04
2025-09-25,MP-0118,salida,25.0,CONS-112407,BOD-01,OP-01
2025-09-25,MP-0199,salida,23.6,CONS-112414,BOD-03,OP-05
2025-09-25,MP-0232,salida,21.1,CONS-112421,BOD-03,OP-02
2025-09-25,MP-0027,salida,15.4,CONS-112428,BOD-01,OP-02
2025-09-25,MP-0116,salida,46.2,CONS-112435,BOD-03,OP-02
2025-09-25,MP-0293,salida,81.2,CONS-112449,BOD-01,OP-01
2025-09-25,MP-0239,salida,38.5,CONS-112456,BOD-02,OP-05
2025-09-25,MP-0016,salida,90.9,CONS-112463,BOD-02,OP-03
2025-09-25,MP-0120,salida,55.5,CONS-112477,BOD-02,OP-04
2025-09-25,MP-0043,salida,32.1,CONS-112484,BOD-03,OP-06
2025-09-25,MP-0182,salida,99.5,CONS-112491,BOD-01,OP-06
2025-09-25,MP-0369,salida,64.6,CONS-112498,BOD-01,OP-05
2025-09-25,MP-0157,salida,131.5,CONS-112505,BOD-01,OP-03
2025-09-25,MP-0001,salida,88.6,CONS-112512,BOD-03,OP-02
2025-09-25,MP-0014,salida,72.0,CONS-112519,BOD-03,OP-02
2025-09-25,MP-0128,salida,132.8,CONS-112526,BOD-03,OP-06
2025-09-25,MP-0047,salida,38.1,CONS-112533,BOD-01,OP-05
2025-09-25,MP-0244,salida,42.9,CONS-112540,BOD-01,OP-03
2025-09-25,MP-0122,salida,40.1,CONS-112547,BOD-01,OP-04
2025-09-25,MP-0132,salida,66.5,CONS-112554,BOD-01,OP-01
2025-09-25,MP-0131,salida,24.6,CONS-112561,BOD-03,OP-05
2025-09-25,MP-0216,salida,51.4,CONS-112568,BOD-03,OP-05
2025-09-25,MP-0272,salida,6.5,CONS-112575,BOD-02,OP-06
2025-09-25,MP-0010,salida,84.9,CONS-112582,BOD-02,OP-01
2025-09-25,MP-0002,salida,48.2,CONS-112589,BOD-02,OP-04
2025-09-25,MP-0150,salida,67.5,CONS-112596,BOD-02,OP-02
2025-09-25,MP-0085,salida,73.2,CONS-112603,BOD-03,OP-06
2025-09-25,MP-0202,salida,103.5,CONS-112610,BOD-01,OP-06
2025-09-25,MP-0153,salida,47.6,CONS-112617,BOD-01,OP-06
2025-09-25,MP-0178,salida,22.5,CONS-112624,BOD-02,OP-02
2025-09-25,MP-0229,salida,106.0,CONS-112631,BOD-03,OP-02
2025-09-25,MP-0013,salida,31.9,CONS-112638,BOD-02,OP-01
2025-09-25,MP-0020,salida,80.6,CONS-112645,BOD-01,OP-06
2025-09-25,MP-0106,salida,21.0,CONS-112652,BOD-01,OP-01
2025-09-25,MP-0051,salida,104.2,CONS-112659,BOD-02,OP-04
2025-09-25,MP-0411,salida,31.7,CONS-112666,BOD-03,OP-01
2025-09-25,MP-0238,salida,29.8,CONS-112673,BOD-03,OP-01
2025-09-25,MP-0004,salida,56.5,CONS-112680,BOD-03,OP-06
2025-09-25,MP-0045,salida,31.7,CONS-112694,BOD-01,OP-05
2025-09-25,MP-0386,salida,70.1,CONS-112701,BOD-02,OP-04
2025-09-25,MP-0393,salida,22.5,CONS-112708,BOD-03,OP-02
2025-09-25,MP-0373,salida,132.4,CONS-112715,BOD-03,OP-06
2025-09-25,MP-0015,salida,50.7,CONS-112722,BOD-01,OP-05
2025-09-25,MP-0012,salida,76.9,CONS-112729,BOD-02,OP-01
2025-09-25,MP-0142,salida,77.3,CONS-112736,BOD-01,OP-02
2025-09-25,MP-0102,salida,94.2,CONS-112743,BOD-02,OP-02
2025-09-25,MP-0114,salida,22.5,CONS-112750,BOD-01,OP-01
2025-09-25,MP-0325,salida,60.6,CONS-112757,BOD-02,OP-05
2025-09-25,MP-0193,salida,54.5,CONS-112764,BOD-03,OP-01
2025-09-25,MP-0330,salida,25.2,CONS-112771,BOD-01,OP-06
2025-09-25,MP-0024,salida,142.6,CONS-112778,BOD-01,OP-01
2025-09-25,MP-0117,salida,77.3,CONS-112785,BOD-02,OP-02
2025-09-25,MP-0060,salida,69.1,CONS-112792,BOD-01,OP-02
2025-09-25,MP-0357,salida,85.0,CONS-112799,BOD-02,OP-04
2025-09-25,MP-0162,salida,13.1,CONS-112806,BOD-02,OP-01
2025-09-25,MP-0009,salida,46.4,CONS-112813,BOD-03,OP-04
2025-09-25,MP-0076,salida,64.1,CONS-112820,BOD-01,OP-01
2025-09-25,MP-0077,salida,67.5,CONS-112827,BOD-02,OP-04
2025-09-25,MP-0273,salida,72.0,CONS-112834,BOD-03,OP-02
2025-09-25,MP-0026,salida,67.1,CONS-112841,BOD-02,OP-01
2025-09-25,MP-0111,salida,103.1,CONS-112848,BOD-02,OP-06
2025-09-25,MP-0071,salida,81.8,CONS-112855,BOD-03,OP-01
2025-09-25,MP-0388,salida,78.7,CONS-112862,BOD-03,OP-03
2025-09-25,MP-0088,salida,67.1,CONS-112876,BOD-01,OP-03
2025-09-25,MP-0143,salida,-75.0,CONS-112883,BOD-03,OP-05
2025-09-25,MP-0181,salida,63.0,CONS-112890,BOD-01,OP-06
2025-09-25,MP-0385,salida,18.5,CONS-112897,BOD-02,OP-03
2025-09-25,MP-0321,salida,34.0,CONS-112904,BOD-03,OP-05
2025-09-25,MP-0343,salida,-75.5,CONS-112911,BOD-03,OP-03
2025-09-25,MP-0036,salida,56.4,CONS-112918,BOD-02,OP-06
2025-09-25,MP-0080,salida,62.3,CONS-112925,BOD-01,OP-06
2025-09-25,MP-0139,salida,114.8,CONS-112932,BOD-03,OP-06
2025-09-25,MP-0356,salida,73.5,CONS-112939,BOD-02,OP-03
2025-09-25,MP-0339,salida,24.5,CONS-112946,BOD-03,OP-06
2025-09-25,MP-0059,salida,11.9,CONS-112960,BOD-02,OP-04
2025-09-25,MP-0211,salida,9.3,CONS-112967,BOD-02,OP-02
2025-09-25,MP-0340,salida,9.3,CONS-112974,BOD-02,OP-04
2025-09-25,MP-0390,salida,6.7,CONS-112981,BOD-01,OP-03
2025-09-25,MP-0268,salida,6.1,CONS-112988,BOD-01,OP-02
2025-09-25,MP-0039,salida,11.9,CONS-112995,BOD-02,OP-05
2025-09-25,MP-0032,salida,23.4,CONS-113002,BOD-03,OP-06
2025-09-25,MP-0129,salida,79.2,CONS-113009,BOD-02,OP-03
2025-09-25,MP-0136,salida,68.1,CONS-113016,BOD-03,OP-01
2025-09-25,MP-0217,salida,60.1,CONS-113023,BOD-03,OP-05
2025-09-25,MP-0344,salida,99.7,CONS-113030,BOD-02,OP-02
2025-09-26,MP-0014,entrada,1000,REC-OC-5183,BOD-02,OP-01
2025-09-26,MP-0125,entrada,351,REC-OC-6042,BOD-02,OP-06
2025-09-26,MP-0125,entrada,385,REC-OC-6033,BOD-02,OP-06
2025-09-27,MP-0009,entrada,1233,REC-OC-5109,BOD-02,OP-05
2025-09-27,MP-0036,entrada,533,REC-OC-5537,BOD-03,OP-03
2025-09-27,MP-0006,entrada,445,REC-OC-5072,BOD-01,OP-01
2025-09-27,MP-0015,entrada,746,REC-OC-5201,BOD-03,OP-06
2025-09-28,MP-0031,entrada,755,REC-OC-5443,BOD-03,OP-06
2025-09-28,MP-0005,entrada,1426,REC-OC-5070,BOD-01,OP-06
2025-09-29,MP-0037,entrada,828,REC-OC-5541,BOD-01,OP-03
2025-09-29,MP-0062,entrada,273,REC-OC-5719,BOD-03,OP-03
2025-09-29,MP-0013,entrada,899,REC-OC-5176,BOD-01,OP-02
2025-09-30,MP-0393,entrada,30,REC-OC-6443,BOD-02,OP-04
2025-09-30,MP-0053,entrada,214,REC-OC-5664,BOD-02,OP-04
2025-09-30,MP-0068,entrada,128,REC-OC-5743,BOD-03,OP-04
2025-09-30,MP-0368,entrada,86,REC-OC-6417,BOD-02,OP-03
2025-09-30,MP-0040,entrada,1729,REC-OC-5579,BOD-02,OP-06
2025-10-01,MP-0019,salida,38.6,CONS-113031,BOD-01,OP-02
2025-10-01,MP-0022,salida,86.1,CONS-113038,BOD-02,OP-03
2025-10-01,MP-0074,salida,24.9,CONS-113052,BOD-02,OP-02
2025-10-01,MP-0370,salida,-8.1,CONS-113059,BOD-02,OP-06
2025-10-01,MP-0299,salida,31.2,CONS-113066,BOD-02,OP-01
2025-10-01,MP-0309,salida,28.3,CONS-113073,BOD-02,OP-05
2025-10-01,MP-0418,salida,26.3,CONS-113080,BOD-01,OP-02
2025-10-01,MP-0008,salida,116.7,CONS-113087,BOD-03,OP-03
2025-10-01,MP-0005,salida,39.9,CONS-113094,BOD-03,OP-01
2025-10-01,MP-0133,salida,31.1,CONS-113101,BOD-02,OP-03
2025-10-01,MP-0101,salida,27.3,CONS-113108,BOD-01,OP-03
2025-10-01,MP-0149,salida,47.0,CONS-113115,BOD-02,OP-05
2025-10-01,MP-0189,salida,22.1,CONS-113122,BOD-02,OP-06
2025-10-01,MP-0254,salida,32.2,CONS-113129,BOD-03,OP-03
2025-10-01,MP-0161,salida,12.0,CONS-113136,BOD-03,OP-02
2025-10-01,MP-0197,salida,29.1,CONS-113143,BOD-01,OP-02
2025-10-01,MP-0037,salida,77.8,CONS-113150,BOD-01,OP-01
2025-10-01,MP-0018,salida,12.9,CONS-113157,BOD-03,OP-06
2025-10-01,MP-0137,salida,65.2,CONS-113164,BOD-03,OP-05
2025-10-01,MP-0073,salida,94.0,CONS-113171,BOD-02,OP-03
2025-10-01,MP-0118,salida,-84.5,CONS-113178,BOD-02,OP-05
2025-10-01,MP-0199,salida,80.0,CONS-113185,BOD-01,OP-01
2025-10-01,MP-0232,salida,71.5,CONS-113192,BOD-02,OP-05
2025-10-01,MP-0027,salida,4.6,CONS-113199,BOD-03,OP-01
2025-10-01,MP-0116,salida,14.0,CONS-113206,BOD-01,OP-03
2025-10-01,MP-0108,salida,58.0,CONS-113213,BOD-03,OP-04
2025-10-01,MP-0293,salida,24.5,CONS-113220,BOD-01,OP-01
2025-10-01,MP-0239,salida,11.6,CONS-113227,BOD-01,OP-04
2025-10-01,MP-0016,salida,130.3,CONS-113234,BOD-03,OP-06
2025-10-01,MP-0030,salida,15.2,CONS-113241,BOD-03,OP-05
2025-10-01,MP-0120,salida,72.9,CONS-113248,BOD-03,OP-01
2025-10-01,MP-0182,salida,115.2,CONS-113262,BOD-01,OP-05
2025-10-01,MP-0369,salida,84.9,CONS-113269,BOD-02,OP-06
2025-10-01,MP-0157,salida,185.4,CONS-113276,BOD-01,OP-04
2025-10-01,MP-0001,salida,91.8,CONS-113283,BOD-02,OP-06
2025-10-01,MP-0014,salida,74.6,CONS-113290,BOD-01,OP-02
2025-10-01,MP-0047,salida,39.4,CONS-113304,BOD-02,OP-02
2025-10-01,MP-0244,salida,44.5,CONS-113311,BOD-03,OP-05
2025-10-01,MP-0122,salida,66.2,CONS-113318,BOD-03,OP-06
2025-10-01,MP-0132,salida,109.7,CONS-113325,BOD-02,OP-05
2025-10-01,MP-0131,salida,40.6,CONS-113332,BOD-02,OP-02
2025-10-01,MP-0216,salida,84.9,CONS-113339,BOD-02,OP-04
2025-10-01,MP-0272,salida,10.7,CONS-113346,BOD-02,OP-05
2025-10-01,MP-0010,salida,65.7,CONS-113353,BOD-01,OP-02
2025-10-01,MP-0002,salida,37.3,CONS-113360,BOD-02,OP-02
2025-10-01,MP-0150,salida,52.3,CONS-113367,BOD-02,OP-06
2025-10-01,MP-0085,salida,56.9,CONS-113374,BOD-02,OP-04
2025-10-01,MP-0202,salida,80.1,CONS-113381,BOD-01,OP-02
2025-10-01,MP-0153,salida,36.8,CONS-113388,BOD-02,OP-06
2025-10-01,MP-0178,salida,17.4,CONS-113395,BOD-03,OP-04
2025-10-01,MP-0229,salida,82.1,CONS-113402,BOD-02,OP-03
2025-10-01,MP-0013,salida,48.3,CONS-113409,BOD-01,OP-06
2025-10-01,MP-0020,salida,48.6,CONS-113416,BOD-01,OP-06
2025-10-01,MP-0106,salida,31.8,CONS-113423,BOD-02,OP-01
2025-10-01,MP-0051,salida,104.8,CONS-113430,BOD-03,OP-02
2025-10-01,MP-0411,salida,47.9,CONS-113437,BOD-01,OP-03
2025-10-01,MP-0238,salida,45.1,CONS-113444,BOD-03,OP-04
2025-10-01,MP-0004,salida,42.2,CONS-113451,BOD-02,OP-02
2025-10-01,MP-0033,salida,37.3,CONS-113458,BOD-02,OP-05
2025-10-01,MP-0045,salida,23.7,CONS-113465,BOD-01,OP-02
2025-10-01,MP-0386,salida,52.4,CONS-113472,BOD-02,OP-02
2025-10-01,MP-0393,salida,16.8,CONS-113479,BOD-02,OP-01
2025-10-01,MP-0373,salida,94.2,CONS-113486,BOD-03,OP-02
2025-10-01,MP-0015,salida,73.2,CONS-113493,BOD-02,OP-03
2025-10-01,MP-0012,salida,110.9,CONS-113500,BOD-03,OP-05
2025-10-01,MP-0142,salida,111.4,CONS-113507,BOD-03,OP-01
2025-10-01,MP-0102,salida,135.9,CONS-113514,BOD-02,OP-06
2025-10-01,MP-0114,salida,32.4,CONS-113521,BOD-03,OP-03
2025-10-01,MP-0325,salida,87.3,CONS-113528,BOD-01,OP-04
2025-10-01,MP-0193,salida,78.7,CONS-113535,BOD-02,OP-05
2025-10-01,MP-0330,salida,36.3,CONS-113542,BOD-03,OP-02
2025-10-01,MP-0024,salida,65.5,CONS-113549,BOD-01,OP-03
2025-10-01,MP-0117,salida,26.7,CONS-113556,BOD-03,OP-04
2025-10-01,MP-0060,salida,23.8,CONS-113563,BOD-03,OP-06
2025-10-01,MP-0357,salida,29.3,CONS-113570,BOD-03,OP-04
2025-10-01,MP-0162,salida,4.5,CONS-113577,BOD-03,OP-06
2025-10-01,MP-0076,salida,40.7,CONS-113591,BOD-03,OP-06
2025-10-01,MP-0077,salida,42.9,CONS-113598,BOD-03,OP-05
2025-10-01,MP-0273,salida,45.7,CONS-113605,BOD-01,OP-04
2025-10-01,MP-0026,salida,12.7,CONS-113612,BOD-03,OP-05
2025-10-01,MP-0111,salida,19.5,CONS-113619,BOD-01,OP-06
2025-10-01,MP-0071,salida,15.4,CONS-113626,BOD-02,OP-06
2025-10-01,MP-0388,salida,14.9,CONS-113633,BOD-01,OP-06
2025-10-01,MP-0227,salida,8.9,CONS-113640,BOD-02,OP-02
2025-10-01,MP-0088,salida,52.4,CONS-113647,BOD-01,OP-02
2025-10-01,MP-0143,salida,58.5,CONS-113654,BOD-02,OP-01
2025-10-01,MP-0181,salida,49.2,CONS-113661,BOD-01,OP-01
2025-10-01,MP-0385,salida,14.4,CONS-113668,BOD-01,OP-01
2025-10-01,MP-0321,salida,26.5,CONS-113675,BOD-01,OP-03
2025-10-01,MP-0343,salida,59.0,CONS-113682,BOD-02,OP-06
2025-10-01,MP-0080,salida,21.7,CONS-113696,BOD-02,OP-01
2025-10-01,MP-0139,salida,40.1,CONS-113703,BOD-02,OP-02
2025-10-01,MP-0356,salida,25.7,CONS-113710,BOD-01,OP-03
2025-10-01,MP-0339,salida,8.6,CONS-113717,BOD-03,OP-02
2025-10-01,MP-0078,salida,109.0,CONS-113724,BOD-03,OP-04
2025-10-01,MP-0059,salida,67.2,CONS-113731,BOD-02,OP-02
2025-10-01,MP-0211,salida,52.6,CONS-113738,BOD-01,OP-06
2025-10-01,MP-0340,salida,52.6,CONS-113745,BOD-01,OP-04
2025-10-01,MP-0390,salida,37.7,CONS-113752,BOD-01,OP-02
2025-10-01,MP-0268,salida,34.5,CONS-113759,BOD-03,OP-05
2025-10-01,MP-0039,salida,12.5,CONS-113766,BOD-03,OP-03
2025-10-01,MP-0032,salida,24.4,CONS-113773,BOD-01,OP-06
2025-10-01,MP-0129,salida,82.8,CONS-113780,BOD-03,OP-02
2025-10-01,MP-0136,salida,71.2,CONS-113787,BOD-03,OP-03
2025-10-01,MP-0217,salida,62.8,CONS-113794,BOD-03,OP-03
2025-10-01,MP-0344,salida,104.2,CONS-113801,BOD-03,OP-01
2025-10-02,MP-0040,entrada,1041,REC-OC-5577,BOD-03,OP-02
2025-10-02,MP-0070,entrada,255,REC-OC-5753,BOD-02,OP-05
2025-10-02,MP-0218,entrada,99,REC-OC-6260,BOD-01,OP-02
2025-10-03,MP-0084,entrada,473,REC-OC-5814,BOD-03,OP-01
2025-10-03,MP-0003,entrada,866,REC-OC-5034,BOD-03,OP-02
2025-10-04,MP-0142,entrada,358,REC-OC-6145,BOD-03,OP-02
2025-10-04,MP-0400,entrada,36,REC-OC-6450,BOD-03,OP-05
2025-10-04,MP-0020,entrada,743,REC-OC-5270,BOD-03,OP-06
2025-10-05,MP-0011,entrada,2075,REC-OC-5139,BOD-01,OP-05
2025-10-05,MP-0018,entrada,1063,REC-OC-5239,BOD-03,OP-02
2025-10-05,MP-0019,salida,38.6,CONS-113032,BOD-02,OP-04
2025-10-05,MP-0022,salida,86.1,CONS-113039,BOD-03,OP-04
2025-10-05,MP-0094,salida,24.0,CONS-113046,BOD-01,OP-05
2025-10-05,MP-0074,salida,24.9,CONS-113053,BOD-01,OP-06
2025-10-05,MP-0370,salida,8.1,CONS-113060,BOD-02,OP-02
2025-10-05,MP-0299,salida,31.2,CONS-113067,BOD-03,OP-06
2025-10-05,MP-0309,salida,28.3,CONS-113074,BOD-01,OP-01
2025-10-05,MP-0418,salida,-26.3,CONS-113081,BOD-01,OP-04
2025-10-05,MP-0008,salida,116.7,CONS-113088,BOD-03,OP-05
2025-10-05,MP-0005,salida,39.9,CONS-113095,BOD-03,OP-04
2025-10-05,MP-0133,salida,31.1,CONS-113102,BOD-02,OP-05
2025-10-05,MP-0101,salida,27.3,CONS-113109,BOD-03,OP-01
2025-10-05,MP-0149,salida,47.0,CONS-113116,BOD-02,OP-06
2025-10-05,MP-0254,salida,32.2,CONS-113130,BOD-02,OP-03
2025-10-05,MP-0161,salida,12.0,CONS-113137,BOD-02,OP-01
2025-10-05,MP-0197,salida,29.1,CONS-113144,BOD-01,OP-06
2025-10-05,MP-0037,salida,77.8,CONS-113151,BOD-02,OP-02
2025-10-05,MP-0137,salida,65.2,CONS-113165,BOD-01,OP-06
2025-10-05,MP-0118,salida,84.5,CONS-113179,BOD-03,OP-01
2025-10-05,MP-0199,salida,80.0,CONS-113186,BOD-03,OP-02
2025-10-05,MP-0027,salida,4.6,CONS-113200,BOD-02,OP-04
2025-10-05,MP-0116,salida,14.0,CONS-113207,BOD-02,OP-03
2025-10-05,MP-0108,salida,58.0,CONS-113214,BOD-01,OP-04
2025-10-05,MP-0293,salida,24.5,CONS-113221,BOD-02,OP-06
2025-10-05,MP-0239,salida,11.6,CONS-113228,BOD-03,OP-03
2025-10-05,MP-0016,salida,130.3,CONS-113235,BOD-01,OP-02
2025-10-05,MP-0030,salida,15.2,CONS-113242,BOD-01,OP-01
2025-10-05,MP-0120,salida,72.9,CONS-113249,BOD-01,OP-04
2025-10-05,MP-0043,salida,42.2,CONS-113256,BOD-01,OP-03
2025-10-05,MP-0369,salida,84.9,CONS-113270,BOD-02,OP-01
2025-10-05,MP-0157,salida,185.4,CONS-113277,BOD-03,OP-04
2025-10-05,MP-0001,salida,91.8,CONS-113284,BOD-01,OP-02
2025-10-05,MP-0014,salida,74.6,CONS-113291,BOD-02,OP-03
2025-10-05,MP-0128,salida,114.4,CONS-113298,BOD-03,OP-06
2025-10-05,MP-0047,salida,39.4,CONS-113305,BOD-02,OP-03
2025-10-05,MP-0244,salida,44.5,CONS-113312,BOD-01,OP-02
2025-10-05,MP-0122,salida,66.2,CONS-113319,BOD-03,OP-04
2025-10-05,MP-0132,salida,109.7,CONS-113326,BOD-03,OP-02
2025-10-05,MP-0131,salida,40.6,CONS-113333,BOD-01,OP-04
2025-10-05,MP-0216,salida,84.9,CONS-113340,BOD-03,OP-06
2025-10-05,MP-0272,salida,10.7,CONS-113347,BOD-03,OP-03
2025-10-05,MP-0010,salida,65.7,CONS-113354,BOD-03,OP-02
2025-10-05,MP-0002,salida,37.3,CONS-113361,BOD-03,OP-04
2025-10-05,MP-0150,salida,-52.3,CONS-113368,BOD-03,OP-06
2025-10-05,MP-0085,salida,56.9,CONS-113375,BOD-01,OP-03
2025-10-05,MP-0202,salida,80.1,CONS-113382,BOD-03,OP-02
2025-10-05,MP-0153,salida,36.8,CONS-113389,BOD-02,OP-05
2025-10-05,MP-0178,salida,17.4,CONS-113396,BOD-03,OP-04
2025-10-05,MP-0229,salida,82.1,CONS-113403,BOD-03,OP-03
2025-10-05,MP-0013,salida,48.3,CONS-113410,BOD-01,OP-05
2025-10-05,MP-0020,salida,48.6,CONS-113417,BOD-02,OP-05
2025-10-05,MP-0106,salida,31.8,CONS-113424,BOD-02,OP-02
2025-10-05,MP-0051,salida,104.8,CONS-113431,BOD-02,OP-03
2025-10-05,MP-0411,salida,-47.9,CONS-113438,BOD-01,OP-04
2025-10-05,MP-0238,salida,45.1,CONS-113445,BOD-02,OP-01
2025-10-05,MP-0004,salida,42.2,CONS-113452,BOD-01,OP-06
2025-10-05,MP-0033,salida,37.3,CONS-113459,BOD-03,OP-04
2025-10-05,MP-0045,salida,23.7,CONS-113466,BOD-01,OP-05
2025-10-05,MP-0386,salida,52.4,CONS-113473,BOD-03,OP-03
2025-10-05,MP-0393,salida,16.8,CONS-113480,BOD-03,OP-05
2025-10-05,MP-0373,salida,94.2,CONS-113487,BOD-03,OP-02
2025-10-05,MP-0015,salida,73.2,CONS-113494,BOD-03,OP-05
2025-10-05,MP-0012,salida,110.9,CONS-113501,BOD-03,OP-05
2025-10-05,MP-0142,salida,111.4,CONS-113508,BOD-02,OP-05
2025-10-05,MP-0102,salida,135.9,CONS-113515,BOD-01,OP-03
2025-10-05,MP-0114,salida,32.4,CONS-113522,BOD-03,OP-02
2025-10-05,MP-0325,salida,87.3,CONS-113529,BOD-03,OP-06
2025-10-05,MP-0193,salida,78.7,CONS-113536,BOD-01,OP-03
2025-10-05,MP-0330,salida,36.3,CONS-113543,BOD-03,OP-01
2025-10-05,MP-0024,salida,65.5,CONS-113550,BOD-01,OP-03
2025-10-05,MP-0117,salida,26.7,CONS-113557,BOD-03,OP-02
2025-10-05,MP-0357,salida,29.3,CONS-113571,BOD-02,OP-01
2025-10-05,MP-0162,salida,4.5,CONS-113578,BOD-02,OP-01
2025-10-05,MP-0009,salida,29.4,CONS-113585,BOD-02,OP-02
2025-10-05,MP-0076,salida,40.7,CONS-113592,BOD-03,OP-01
2025-10-05,MP-0077,salida,-42.9,CONS-113599,BOD-03,OP-03
2025-10-05,MP-0273,salida,45.7,CONS-113606,BOD-01,OP-06
2025-10-05,MP-0026,salida,12.7,CONS-113613,BOD-03,OP-01
2025-10-05,MP-0111,salida,19.5,CONS-113620,BOD-02,OP-05
2025-10-05,MP-0071,salida,15.4,CONS-113627,BOD-03,OP-04
2025-10-05,MP-0388,salida,14.9,CONS-113634,BOD-03,OP-03
2025-10-05,MP-0227,salida,8.9,CONS-113641,BOD-02,OP-04
2025-10-05,MP-0088,salida,52.4,CONS-113648,BOD-01,OP-02
2025-10-05,MP-0143,salida,58.5,CONS-113655,BOD-02,OP-02
2025-10-05,MP-0181,salida,49.2,CONS-113662,BOD-01,OP-04
2025-10-05,MP-0385,salida,14.4,CONS-113669,BOD-02,OP-03
2025-10-05,MP-0321,salida,-26.5,CONS-113676,BOD-03,OP-04
2025-10-05,MP-0343,salida,59.0,CONS-113683,BOD-03,OP-03
2025-10-05,MP-0036,salida,19.7,CONS-113690,BOD-03,OP-03
2025-10-05,MP-0080,salida,21.7,CONS-113697,BOD-02,OP-02
2025-10-05,MP-0139,salida,40.1,CONS-113704,BOD-01,OP-03
2025-10-05,MP-0356,salida,25.7,CONS-113711,BOD-02,OP-02
2025-10-05,MP-0339,salida,8.6,CONS-113718,BOD-01,OP-05
2025-10-05,MP-0078,salida,109.0,CONS-113725,BOD-03,OP-05
2025-10-05,MP-0059,salida,67.2,CONS-113732,BOD-01,OP-06
2025-10-05,MP-0340,salida,52.6,CONS-113746,BOD-01,OP-01
2025-10-05,MP-0390,salida,37.7,CONS-113753,BOD-02,OP-05
2025-10-05,MP-0268,salida,34.5,CONS-113760,BOD-03,OP-05
2025-10-05,MP-0039,salida,12.5,CONS-113767,BOD-02,OP-04
2025-10-05,MP-0032,salida,24.4,CONS-113774,BOD-01,OP-01
2025-10-05,MP-0129,salida,82.8,CONS-113781,BOD-01,OP-06
2025-10-05,MP-0136,salida,71.2,CONS-113788,BOD-01,OP-01
2025-10-05,MP-0217,salida,62.8,CONS-113795,BOD-03,OP-02
2025-10-05,MP-0344,salida,104.2,CONS-113802,BOD-02,OP-02
2025-10-07,MP-0077,entrada,302,REC-OC-5783,BOD-01,OP-03
2025-10-08,MP-0012,entrada,758,REC-OC-5151,BOD-02,OP-06
2025-10-09,MP-0030,entrada,1671,REC-OC-5427,BOD-01,OP-02
2025-10-09,MP-0018,entrada,1649,REC-OC-5261,BOD-02,OP-05
2025-10-09,MP-0107,entrada,258,REC-OC-5954,BOD-02,OP-04
2025-10-09,MP-0019,salida,38.6,CONS-113033,BOD-03,OP-04
2025-10-09,MP-0022,salida,86.1,CONS-113040,BOD-01,OP-05
2025-10-09,MP-0094,salida,-24.0,CONS-113047,BOD-01,OP-03
2025-10-09,MP-0074,salida,24.9,CONS-113054,BOD-02,OP-06
2025-10-09,MP-0370,salida,8.1,CONS-113061,BOD-03,OP-01
2025-10-09,MP-0299,salida,31.2,CONS-113068,BOD-03,OP-02
2025-10-09,MP-0309,salida,28.3,CONS-113075,BOD-01,OP-01
2025-10-09,MP-0418,salida,26.3,CONS-113082,BOD-01,OP-03
2025-10-09,MP-0008,salida,116.7,CONS-113089,BOD-01,OP-03
2025-10-09,MP-0005,salida,39.9,CONS-113096,BOD-02,OP-06
2025-10-09,MP-0133,salida,31.1,CONS-113103,BOD-02,OP-06
2025-10-09,MP-0101,salida,27.3,CONS-113110,BOD-02,OP-06
2025-10-09,MP-0149,salida,47.0,CONS-113117,BOD-01,OP-06
2025-10-09,MP-0189,salida,22.1,CONS-113124,BOD-01,OP-06
2025-10-09,MP-0254,salida,32.2,CONS-113131,BOD-01,OP-06
2025-10-09,MP-0161,salida,12.0,CONS-113138,BOD-01,OP-02
2025-10-09,MP-0197,salida,29.1,CONS-113145,BOD-01,OP-02
2025-10-09,MP-0037,salida,77.8,CONS-113152,BOD-01,OP-03
2025-10-09,MP-0018,salida,12.9,CONS-113159,BOD-03,OP-05
2025-10-09,MP-0137,salida,65.2,CONS-113166,BOD-02,OP-05
2025-10-09,MP-0073,salida,-94.0,CONS-113173,BOD-03,OP-06
2025-10-09,MP-0118,salida,84.5,CONS-113180,BOD-03,OP-02
2025-10-09,MP-0199,salida,80.0,CONS-113187,BOD-02,OP-04
2025-10-09,MP-0232,salida,71.5,CONS-113194,BOD-03,OP-06
2025-10-09,MP-0027,salida,-4.6,CONS-113201,BOD-02,OP-04
2025-10-09,MP-0116,salida,14.0,CONS-113208,BOD-01,OP-04
2025-10-09,MP-0293,salida,24.5,CONS-113222,BOD-03,OP-01
2025-10-09,MP-0239,salida,11.6,CONS-113229,BOD-01,OP-03
2025-10-09,MP-0030,salida,15.2,CONS-113243,BOD-03,OP-06
2025-10-09,MP-0120,salida,72.9,CONS-113250,BOD-01,OP-02
2025-10-09,MP-0043,salida,42.2,CONS-113257,BOD-01,OP-01
2025-10-09,MP-0182,salida,115.2,CONS-113264,BOD-03,OP-01
2025-10-09,MP-0369,salida,84.9,CONS-113271,BOD-03,OP-03
2025-10-09,MP-0157,salida,185.4,CONS-113278,BOD-01,OP-01
2025-10-09,MP-0001,salida,91.8,CONS-113285,BOD-01,OP-06
2025-10-09,MP-0014,salida,74.6,CONS-113292,BOD-01,OP-04
2025-10-09,MP-0128,salida,114.4,CONS-113299,BOD-02,OP-04
2025-10-09,MP-0047,salida,39.4,CONS-113306,BOD-03,OP-01
2025-10-09,MP-0244,salida,44.5,CONS-113313,BOD-03,OP-03
2025-10-09,MP-0122,salida,66.2,CONS-113320,BOD-01,OP-02
2025-10-09,MP-0132,salida,109.7,CONS-113327,BOD-02,OP-01
2025-10-09,MP-0131,salida,40.6,CONS-113334,BOD-02,OP-05
2025-10-09,MP-0216,salida,84.9,CONS-113341,BOD-01,OP-02
2025-10-09,MP-0272,salida,10.7,CONS-113348,BOD-01,OP-02
2025-10-09,MP-0010,salida,65.7,CONS-113355,BOD-03,OP-05
2025-10-09,MP-0002,salida,37.3,CONS-113362,BOD-01,OP-06
2025-10-09,MP-0150,salida,-52.3,CONS-113369,BOD-03,OP-02
2025-10-09,MP-0085,salida,56.9,CONS-113376,BOD-01,OP-03
2025-10-09,MP-0202,salida,80.1,CONS-113383,BOD-03,OP-01
2025-10-09,MP-0153,salida,36.8,CONS-113390,BOD-01,OP-03
2025-10-09,MP-0178,salida,17.4,CONS-113397,BOD-01,OP-04
2025-10-09,MP-0229,salida,82.1,CONS-113404,BOD-01,OP-04
2025-10-09,MP-0013,salida,48.3,CONS-113411,BOD-02,OP-02
2025-10-09,MP-0020,salida,48.6,CONS-113418,BOD-02,OP-04
2025-10-09,MP-0106,salida,31.8,CONS-113425,BOD-03,OP-03
2025-10-09,MP-0051,salida,104.8,CONS-113432,BOD-01,OP-02
2025-10-09,MP-0411,salida,47.9,CONS-113439,BOD-03,OP-05
2025-10-09,MP-0238,salida,-45.1,CONS-113446,BOD-02,OP-06
2025-10-09,MP-0004,salida,42.2,CONS-113453,BOD-01,OP-04
2025-10-09,MP-0033,salida,-37.3,CONS-113460,BOD-01,OP-01
2025-10-09,MP-0045,salida,23.7,CONS-113467,BOD-01,OP-06
2025-10-09,MP-0386,salida,52.4,CONS-113474,BOD-03,OP-01
2025-10-09,MP-0373,salida,94.2,CONS-113488,BOD-01,OP-01
2025-10-09,MP-0015,salida,73.2,CONS-113495,BOD-01,OP-03
2025-10-09,MP-0012,salida,110.9,CONS-113502,BOD-01,OP-01
2025-10-09,MP-0142,salida,111.4,CONS-113509,BOD-03,OP-01
2025-10-09,MP-0102,salida,135.9,CONS-113516,BOD-02,OP-04
2025-10-09,MP-0114,salida,32.4,CONS-113523,BOD-02,OP-02
2025-10-09,MP-0325,salida,87.3,CONS-113530,BOD-02,OP-04
2025-10-09,MP-0193,salida,78.7,CONS-113537,BOD-03,OP-05
2025-10-09,MP-0330,salida,36.3,CONS-113544,BOD-01,OP-06
2025-10-09,MP-0117,salida,26.7,CONS-113558,BOD-03,OP-03
2025-10-09,MP-0060,salida,23.8,CONS-113565,BOD-03,OP-01
2025-10-09,MP-0357,salida,29.3,CONS-113572,BOD-03,OP-03
2025-10-09,MP-0162,salida,4.5,CONS-113579,BOD-02,OP-03
2025-10-09,MP-0009,salida,29.4,CONS-113586,BOD-03,OP-02
2025-10-09,MP-0076,salida,40.7,CONS-113593,BOD-01,OP-04
2025-10-09,MP-0077,salida,42.9,CONS-113600,BOD-01,OP-05
2025-10-09,MP-0273,salida,45.7,CONS-113607,BOD-01,OP-04
2025-10-09,MP-0026,salida,12.7,CONS-113614,BOD-01,OP-04
2025-10-09,MP-0071,salida,15.4,CONS-113628,BOD-03,OP-06
2025-10-09,MP-0227,salida,8.9,CONS-113642,BOD-02,OP-04
2025-10-09,MP-0088,salida,52.4,CONS-113649,BOD-03,OP-06
2025-10-09,MP-0143,salida,58.5,CONS-113656,BOD-03,OP-03
2025-10-09,MP-0181,salida,49.2,CONS-113663,BOD-02,OP-05
2025-10-09,MP-0385,salida,14.4,CONS-113670,BOD-02,OP-04
2025-10-09,MP-0343,salida,59.0,CONS-113684,BOD-02,OP-03
2025-10-09,MP-0036,salida,19.7,CONS-113691,BOD-01,OP-02
2025-10-09,MP-0080,salida,21.7,CONS-113698,BOD-03,OP-04
2025-10-09,MP-0139,salida,40.1,CONS-113705,BOD-02,OP-04
2025-10-09,MP-0356,salida,25.7,CONS-113712,BOD-01,OP-01
2025-10-09,MP-0339,salida,8.6,CONS-113719,BOD-01,OP-01
2025-10-09,MP-0078,salida,109.0,CONS-113726,BOD-03,OP-06
2025-10-09,MP-0059,salida,67.2,CONS-113733,BOD-03,OP-05
2025-10-09,MP-0211,salida,52.6,CONS-113740,BOD-02,OP-04
2025-10-09,MP-0340,salida,52.6,CONS-113747,BOD-02,OP-03
2025-10-09,MP-0390,salida,37.7,CONS-113754,BOD-01,OP-05
2025-10-09,MP-0268,salida,34.5,CONS-113761,BOD-01,OP-06
2025-10-09,MP-0039,salida,12.5,CONS-113768,BOD-02,OP-05
2025-10-09,MP-0032,salida,24.4,CONS-113775,BOD-01,OP-01
2025-10-09,MP-0129,salida,82.8,CONS-113782,BOD-03,OP-05
2025-10-09,MP-0136,salida,71.2,CONS-113789,BOD-01,OP-05
2025-10-09,MP-0217,salida,62.8,CONS-113796,BOD-01,OP-01
2025-10-09,MP-0344,salida,104.2,CONS-113803,BOD-02,OP-04
2025-10-10,MP-0110,entrada,210,REC-OC-5965,BOD-01,OP-04
2025-10-10,MP-0003,entrada,823,REC-OC-5036,BOD-02,OP-06
2025-10-10,MP-0049,entrada,123,REC-OC-5642,BOD-01,OP-02
2025-10-10,MP-0130,entrada,411,REC-OC-6067,BOD-01,OP-06
2025-10-11,MP-0066,entrada,372,REC-OC-5735,BOD-02,OP-06
2025-10-11,MP-0033,ajuste,-13,AJU-120050,BOD-03,AUDIT
2025-10-11,MP-0229,ajuste,19,AJU-120051,BOD-02,AUDIT
2025-10-12,MP-0317,entrada,54,REC-OC-6364,BOD-01,OP-05
2025-10-12,MP-0068,entrada,123,REC-OC-5742,BOD-02,OP-04
2025-10-12,MP-0149,ajuste,-17,AJU-120062,BOD-02,AUDIT
2025-10-13,MP-0019,salida,38.6,CONS-113034,BOD-02,OP-05
2025-10-13,MP-0022,salida,86.1,CONS-113041,BOD-02,OP-05
2025-10-13,MP-0094,salida,24.0,CONS-113048,BOD-03,OP-03
2025-10-13,MP-0074,salida,24.9,CONS-113055,BOD-01,OP-02
2025-10-13,MP-0370,salida,8.1,CONS-113062,BOD-01,OP-02
2025-10-13,MP-0299,salida,31.2,CONS-113069,BOD-01,OP-06
2025-10-13,MP-0309,salida,28.3,CONS-113076,BOD-02,OP-06
2025-10-13,MP-0418,salida,26.3,CONS-113083,BOD-03,OP-06
2025-10-13,MP-0008,salida,116.7,CONS-113090,BOD-02,OP-06
2025-10-13,MP-0005,salida,39.9,CONS-113097,BOD-01,OP-06
2025-10-13,MP-0133,salida,31.1,CONS-113104,BOD-01,OP-04
2025-10-13,MP-0101,salida,27.3,CONS-113111,BOD-01,OP-01
2025-10-13,MP-0149,salida,47.0,CONS-113118,BOD-02,OP-05
2025-10-13,MP-0189,salida,22.1,CONS-113125,BOD-01,OP-02
2025-10-13,MP-0161,salida,12.0,CONS-113139,BOD-03,OP-05
2025-10-13,MP-0197,salida,-29.1,CONS-113146,BOD-01,OP-06
2025-10-13,MP-0037,salida,77.8,CONS-113153,BOD-01,OP-01
2025-10-13,MP-0018,salida,12.9,CONS-113160,BOD-01,OP-04
2025-10-13,MP-0137,salida,65.2,CONS-113167,BOD-03,OP-02
2025-10-13,MP-0073,salida,94.0,CONS-113174,BOD-03,OP-03
2025-10-13,MP-0118,salida,84.5,CONS-113181,BOD-01,OP-04
2025-10-13,MP-0199,salida,80.0,CONS-113188,BOD-03,OP-02
2025-10-13,MP-0232,salida,71.5,CONS-113195,BOD-01,OP-04
2025-10-13,MP-0027,salida,-4.6,CONS-113202,BOD-01,OP-05
2025-10-13,MP-0116,salida,14.0,CONS-113209,BOD-02,OP-01
2025-10-13,MP-0108,salida,58.0,CONS-113216,BOD-02,OP-04
2025-10-13,MP-0239,salida,11.6,CONS-113230,BOD-02,OP-02
2025-10-13,MP-0016,salida,130.3,CONS-113237,BOD-03,OP-01
2025-10-13,MP-0030,salida,15.2,CONS-113244,BOD-01,OP-04
2025-10-13,MP-0120,salida,72.9,CONS-113251,BOD-02,OP-01
2025-10-13,MP-0043,salida,42.2,CONS-113258,BOD-02,OP-02
2025-10-13,MP-0182,salida,115.2,CONS-113265,BOD-03,OP-06
2025-10-13,MP-0369,salida,84.9,CONS-113272,BOD-01,OP-01
2025-10-13,MP-0157,salida,185.4,CONS-113279,BOD-01,OP-05
2025-10-13,MP-0001,salida,91.8,CONS-113286,BOD-03,OP-04
2025-10-13,MP-0014,salida,74.6,CONS-113293,BOD-01,OP-03
2025-10-13,MP-0128,salida,-114.4,CONS-113300,BOD-02,OP-04
2025-10-13,MP-0047,salida,39.4,CONS-113307,BOD-01,OP-01
2025-10-13,MP-0244,salida,44.5,CONS-113314,BOD-03,OP-06
2025-10-13,MP-0122,salida,66.2,CONS-113321,BOD-02,OP-06
2025-10-13,MP-0132,salida,109.7,CONS-113328,BOD-01,OP-04
2025-10-13,MP-0131,salida,40.6,CONS-113335,BOD-01,OP-02
2025-10-13,MP-0216,salida,84.9,CONS-113342,BOD-02,OP-02
2025-10-13,MP-0272,salida,10.7,CONS-113349,BOD-02,OP-06
2025-10-13,MP-0010,salida,65.7,CONS-113356,BOD-02,OP-02
2025-10-13,MP-0002,salida,37.3,CONS-113363,BOD-01,OP-03
2025-10-13,MP-0150,salida,52.3,CONS-113370,BOD-03,OP-06
2025-10-13,MP-0085,salida,56.9,CONS-113377,BOD-01,OP-04
2025-10-13,MP-0202,salida,80.1,CONS-113384,BOD-02,OP-02
2025-10-13,MP-0153,salida,36.8,CONS-113391,BOD-03,OP-03
2025-10-13,MP-0178,salida,17.4,CONS-113398,BOD-03,OP-04
2025-10-13,MP-0229,salida,82.1,CONS-113405,BOD-03,OP-06
2025-10-13,MP-0013,salida,48.3,CONS-113412,BOD-01,OP-05
2025-10-13,MP-0020,salida,48.6,CONS-113419,BOD-03,OP-04
2025-10-13,MP-0106,salida,31.8,CONS-113426,BOD-02,OP-05
2025-10-13,MP-0051,salida,104.8,CONS-113433,BOD-03,OP-02
2025-10-13,MP-0238,salida,45.1,CONS-113447,BOD-03,OP-01
2025-10-13,MP-0004,salida,42.2,CONS-113454,BOD-02,OP-01
2025-10-13,MP-0033,salida,37.3,CONS-113461,BOD-01,OP-01
2025-10-13,MP-0045,salida,23.7,CONS-113468,BOD-01,OP-04
2025-10-13,MP-0386,salida,52.4,CONS-113475,BOD-01,OP-03
2025-10-13,MP-0393,salida,16.8,CONS-113482,BOD-02,OP-01
2025-10-13,MP-0373,salida,94.2,CONS-113489,BOD-03,OP-03
2025-10-13,MP-0015,salida,73.2,CONS-113496,BOD-01,OP-05
2025-10-13,MP-0142,salida,111.4,CONS-113510,BOD-02,OP-01
2025-10-13,MP-0102,salida,135.9,CONS-113517,BOD-02,OP-05
2025-10-13,MP-0114,salida,32.4,CONS-113524,BOD-02,OP-03
2025-10-13,MP-0325,salida,87.3,CONS-113531,BOD-01,OP-06
2025-10-13,MP-0193,salida,78.7,CONS-113538,BOD-01,OP-03
2025-10-13,MP-0330,salida,36.3,CONS-113545,BOD-03,OP-04
2025-10-13,MP-0024,salida,65.5,CONS-113552,BOD-03,OP-04
2025-10-13,MP-0117,salida,26.7,CONS-113559,BOD-01,OP-02
2025-10-13,MP-0060,salida,23.8,CONS-113566,BOD-01,OP-01
2025-10-13,MP-0357,salida,29.3,CONS-113573,BOD-02,OP-03
2025-10-13,MP-0162,salida,4.5,CONS-113580,BOD-02,OP-06
2025-10-13,MP-0009,salida,29.4,CONS-113587,BOD-03,OP-05
2025-10-13,MP-0076,salida,40.7,CONS-113594,BOD-01,OP-04
2025-10-13,MP-0077,salida,42.9,CONS-113601,BOD-02,OP-06
2025-10-13,MP-0273,salida,45.7,CONS-113608,BOD-01,OP-05
2025-10-13,MP-0026,salida,12.7,CONS-113615,BOD-02,OP-01
2025-10-13,MP-0071,salida,15.4,CONS-113629,BOD-02,OP-02
2025-10-13,MP-0388,salida,14.9,CONS-113636,BOD-03,OP-04
2025-10-13,MP-0227,salida,8.9,CONS-113643,BOD-03,OP-04
2025-10-13,MP-0088,salida,52.4,CONS-113650,BOD-01,OP-01
2025-10-13,MP-0143,salida,58.5,CONS-113657,BOD-02,OP-02
2025-10-13,MP-0181,salida,49.2,CONS-113664,BOD-01,OP-05
2025-10-13,MP-0385,salida,14.4,CONS-113671,BOD-03,OP-04
2025-10-13,MP-0321,salida,26.5,CONS-113678,BOD-02,OP-02
2025-10-13,MP-0343,salida,59.0,CONS-113685,BOD-01,OP-01
2025-10-13,MP-0080,salida,21.7,CONS-113699,BOD-03,OP-02
2025-10-13,MP-0139,salida,40.1,CONS-113706,BOD-01,OP-05
2025-10-13,MP-0356,salida,25.7,CONS-113713,BOD-02,OP-02
2025-10-13,MP-0078,salida,109.0,CONS-113727,BOD-03,OP-05
2025-10-13,MP-0059,salida,67.2,CONS-113734,BOD-01,OP-06
2025-10-13,MP-0211,salida,52.6,CONS-113741,BOD-03,OP-05
2025-10-13,MP-0340,salida,52.6,CONS-113748,BOD-02,OP-01
2025-10-13,MP-0390,salida,37.7,CONS-113755,BOD-02,OP-02
2025-10-13,MP-0268,salida,34.5,CONS-113762,BOD-02,OP-03
2025-10-13,MP-0039,salida,12.5,CONS-113769,BOD-02,OP-03
2025-10-13,MP-0032,salida,24.4,CONS-113776,BOD-01,OP-04
2025-10-13,MP-0129,salida,82.8,CONS-113783,BOD-03,OP-03
2025-10-13,MP-0136,salida,71.2,CONS-113790,BOD-01,OP-01
2025-10-13,MP-0217,salida,62.8,CONS-113797,BOD-01,OP-06
2025-10-13,MP-0344,salida,104.2,CONS-113804,BOD-01,OP-04
2025-10-14,MP-0358,ajuste,31,AJU-120068,BOD-01,AUDIT
2025-10-15,MP-0071,entrada,352,REC-OC-5759,BOD-03,OP-06
2025-10-15,MP-0033,entrada,1841,REC-OC-5481,BOD-01,OP-02
2025-10-15,MP-0029,entrada,1178,REC-OC-5396,BOD-02,OP-04
2025-10-15,MP-0164,entrada,42,REC-OC-6204,BOD-03,OP-02
2025-10-15,MP-0102,entrada,219,REC-OC-5930,BOD-01,OP-01
2025-10-15,MP-0398,ajuste,-30,AJU-120033,BOD-01,AUDIT
2025-10-16,MP-0139,entrada,185,REC-OC-6129,BOD-02,OP-02
2025-10-16,MP-0024,entrada,1825,REC-OC-5340,BOD-03,OP-06
2025-10-16,MP-0135,entrada,335,REC-OC-6103,BOD-01,OP-02
2025-10-17,MP-0017,entrada,1902,REC-OC-5235,BOD-03,OP-06
2025-10-17,MP-0019,entrada,493,REC-OC-5266,BOD-03,OP-06
2025-10-17,MP-0008,entrada,746,REC-OC-5094,BOD-02,OP-06
2025-10-17,MP-0037,entrada,650,REC-OC-5547,BOD-01,OP-04
2025-10-17,MP-0019,salida,38.6,CONS-113035,BOD-01,OP-04
2025-10-17,MP-0022,salida,86.1,CONS-113042,BOD-02,OP-06
2025-10-17,MP-0094,salida,24.0,CONS-113049,BOD-01,OP-02
2025-10-17,MP-0074,salida,24.9,CONS-113056,BOD-01,OP-02
2025-10-17,MP-0370,salida,8.1,CONS-113063,BOD-02,OP-06
2025-10-17,MP-0299,salida,-31.2,CONS-113070,BOD-03,OP-06
2025-10-17,MP-0309,salida,28.3,CONS-113077,BOD-03,OP-01
2025-10-17,MP-0418,salida,26.3,CONS-113084,BOD-03,OP-01
2025-10-17,MP-0008,salida,116.7,CONS-113091,BOD-01,OP-04
2025-10-17,MP-0005,salida,39.9,CONS-113098,BOD-02,OP-02
2025-10-17,MP-0133,salida,31.1,CONS-113105,BOD-01,OP-04
2025-10-17,MP-0101,salida,27.3,CONS-113112,BOD-03,OP-06
2025-10-17,MP-0149,salida,47.0,CONS-113119,BOD-02,OP-04
2025-10-17,MP-0189,salida,22.1,CONS-113126,BOD-01,OP-06
2025-10-17,MP-0254,salida,32.2,CONS-113133,BOD-01,OP-04
2025-10-17,MP-0161,salida,12.0,CONS-113140,BOD-03,OP-05
2025-10-17,MP-0197,salida,29.1,CONS-113147,BOD-01,OP-03
2025-10-17,MP-0037,salida,77.8,CONS-113154,BOD-01,OP-04
2025-10-17,MP-0018,salida,12.9,CONS-113161,BOD-01,OP-06
2025-10-17,MP-0137,salida,65.2,CONS-113168,BOD-02,OP-03
2025-10-17,MP-0073,salida,94.0,CONS-113175,BOD-03,OP-06
2025-10-17,MP-0118,salida,84.5,CONS-113182,BOD-02,OP-06
2025-10-17,MP-0199,salida,80.0,CONS-113189,BOD-02,OP-06
2025-10-17,MP-0232,salida,71.5,CONS-113196,BOD-02,OP-04
2025-10-17,MP-0027,salida,4.6,CONS-113203,BOD-02,OP-05
2025-10-17,MP-0116,salida,14.0,CONS-113210,BOD-02,OP-05
2025-10-17,MP-0108,salida,58.0,CONS-113217,BOD-02,OP-01
2025-10-17,MP-0293,salida,24.5,CONS-113224,BOD-01,OP-06
2025-10-17,MP-0239,salida,11.6,CONS-113231,BOD-02,OP-05
2025-10-17,MP-0016,salida,130.3,CONS-113238,BOD-03,OP-04
2025-10-17,MP-0030,salida,15.2,CONS-113245,BOD-02,OP-03
2025-10-17,MP-0120,salida,72.9,CONS-113252,BOD-02,OP-05
2025-10-17,MP-0043,salida,42.2,CONS-113259,BOD-02,OP-03
2025-10-17,MP-0182,salida,115.2,CONS-113266,BOD-03,OP-02
2025-10-17,MP-0369,salida,84.9,CONS-113273,BOD-01,OP-05
2025-10-17,MP-0157,salida,185.4,CONS-113280,BOD-03,OP-02
2025-10-17,MP-0001,salida,91.8,CONS-113287,BOD-03,OP-06
2025-10-17,MP-0128,salida,114.4,CONS-113301,BOD-03,OP-03
2025-10-17,MP-0047,salida,39.4,CONS-113308,BOD-01,OP-03
2025-10-17,MP-0244,salida,44.5,CONS-113315,BOD-03,OP-04
2025-10-17,MP-0122,salida,66.2,CONS-113322,BOD-03,OP-03
2025-10-17,MP-0132,salida,109.7,CONS-113329,BOD-02,OP-04
2025-10-17,MP-0131,salida,40.6,CONS-113336,BOD-01,OP-05
2025-10-17,MP-0216,salida,84.9,CONS-113343,BOD-03,OP-01
2025-10-17,MP-0272,salida,10.7,CONS-113350,BOD-03,OP-04
2025-10-17,MP-0010,salida,65.7,CONS-113357,BOD-02,OP-06
2025-10-17,MP-0002,salida,37.3,CONS-113364,BOD-03,OP-03
2025-10-17,MP-0150,salida,52.3,CONS-113371,BOD-03,OP-01
2025-10-17,MP-0085,salida,56.9,CONS-113378,BOD-03,OP-05
2025-10-17,MP-0202,salida,80.1,CONS-113385,BOD-03,OP-05
2025-10-17,MP-0153,salida,36.8,CONS-113392,BOD-03,OP-05
2025-10-17,MP-0178,salida,17.4,CONS-113399,BOD-03,OP-01
2025-10-17,MP-0229,salida,82.1,CONS-113406,BOD-02,OP-06
2025-10-17,MP-0013,salida,48.3,CONS-113413,BOD-01,OP-05
2025-10-17,MP-0020,salida,48.6,CONS-113420,BOD-01,OP-01
2025-10-17,MP-0106,salida,31.8,CONS-113427,BOD-01,OP-03
2025-10-17,MP-0051,salida,104.8,CONS-113434,BOD-02,OP-02
2025-10-17,MP-0411,salida,47.9,CONS-113441,BOD-01,OP-04
2025-10-17,MP-0238,salida,45.1,CONS-113448,BOD-03,OP-04
2025-10-17,MP-0004,salida,42.2,CONS-113455,BOD-02,OP-05
2025-10-17,MP-0033,salida,37.3,CONS-113462,BOD-03,OP-06
2025-10-17,MP-0045,salida,23.7,CONS-113469,BOD-01,OP-02
2025-10-17,MP-0386,salida,52.4,CONS-113476,BOD-02,OP-06
2025-10-17,MP-0393,salida,16.8,CONS-113483,BOD-01,OP-04
2025-10-17,MP-0015,salida,73.2,CONS-113497,BOD-02,OP-03
2025-10-17,MP-0012,salida,110.9,CONS-113504,BOD-02,OP-02
2025-10-17,MP-0142,salida,111.4,CONS-113511,BOD-02,OP-02
2025-10-17,MP-0114,salida,32.4,CONS-113525,BOD-03,OP-01
2025-10-17,MP-0325,salida,87.3,CONS-113532,BOD-02,OP-01
2025-10-17,MP-0330,salida,36.3,CONS-113546,BOD-01,OP-04
2025-10-17,MP-0024,salida,65.5,CONS-113553,BOD-02,OP-05
2025-10-17,MP-0117,salida,26.7,CONS-113560,BOD-03,OP-06
2025-10-17,MP-0060,salida,23.8,CONS-113567,BOD-02,OP-03
2025-10-17,MP-0357,salida,29.3,CONS-113574,BOD-01,OP-01
2025-10-17,MP-0162,salida,4.5,CONS-113581,BOD-02,OP-01
2025-10-17,MP-0009,salida,29.4,CONS-113588,BOD-03,OP-02
2025-10-17,MP-0076,salida,40.7,CONS-113595,BOD-03,OP-03
2025-10-17,MP-0077,salida,42.9,CONS-113602,BOD-03,OP-05
2025-10-17,MP-0026,salida,12.7,CONS-113616,BOD-03,OP-06
2025-10-17,MP-0111,salida,19.5,CONS-113623,BOD-01,OP-05
2025-10-17,MP-0071,salida,15.4,CONS-113630,BOD-01,OP-03
2025-10-17,MP-0388,salida,14.9,CONS-113637,BOD-03,OP-03
2025-10-17,MP-0227,salida,8.9,CONS-113644,BOD-01,OP-03
2025-10-17,MP-0088,salida,52.4,CONS-113651,BOD-02,OP-02
2025-10-17,MP-0143,salida,58.5,CONS-113658,BOD-02,OP-01
2025-10-17,MP-0181,salida,49.2,CONS-113665,BOD-03,OP-05
2025-10-17,MP-0385,salida,14.4,CONS-113672,BOD-02,OP-03
2025-10-17,MP-0343,salida,59.0,CONS-113686,BOD-01,OP-04
2025-10-17,MP-0080,salida,21.7,CONS-113700,BOD-02,OP-04
2025-10-17,MP-0139,salida,40.1,CONS-113707,BOD-03,OP-03
2025-10-17,MP-0356,salida,25.7,CONS-113714,BOD-02,OP-02
2025-10-17,MP-0339,salida,8.6,CONS-113721,BOD-01,OP-06
2025-10-17,MP-0078,salida,109.0,CONS-113728,BOD-03,OP-04
2025-10-17,MP-0059,salida,67.2,CONS-113735,BOD-03,OP-01
2025-10-17,MP-0211,salida,52.6,CONS-113742,BOD-01,OP-01
2025-10-17,MP-0340,salida,52.6,CONS-113749,BOD-01,OP-06
2025-10-17,MP-0390,salida,37.7,CONS-113756,BOD-03,OP-04
2025-10-17,MP-0268,salida,34.5,CONS-113763,BOD-02,OP-01
2025-10-17,MP-0039,salida,12.5,CONS-113770,BOD-02,OP-06
2025-10-17,MP-0032,salida,24.4,CONS-113777,BOD-03,OP-06
2025-10-17,MP-0129,salida,82.8,CONS-113784,BOD-03,OP-05
2025-10-17,MP-0217,salida,62.8,CONS-113798,BOD-03,OP-06
2025-10-17,MP-0344,salida,104.2,CONS-113805,BOD-01,OP-02
2025-10-18,MP-0057,entrada,301,REC-OC-5687,BOD-02,OP-04
2025-10-18,MP-0024,entrada,1530,REC-OC-5341,BOD-02,OP-02
2025-10-18,MP-0095,entrada,243,REC-OC-5886,BOD-01,OP-01
2025-10-19,MP-0121,entrada,274,REC-OC-6014,BOD-03,OP-01
2025-10-19,MP-0089,entrada,336,REC-OC-5853,BOD-02,OP-04
2025-10-20,MP-0044,entrada,355,REC-OC-5611,BOD-02,OP-03
2025-10-20,MP-0075,entrada,176,REC-OC-5776,BOD-01,OP-04
2025-10-21,MP-0014,entrada,1089,REC-OC-5189,BOD-03,OP-01
2025-10-21,MP-0009,entrada,1992,REC-OC-5113,BOD-02,OP-06
2025-10-21,MP-0019,salida,38.6,CONS-113036,BOD-02,OP-05
2025-10-21,MP-0022,salida,86.1,CONS-113043,BOD-02,OP-06
2025-10-21,MP-0094,salida,24.0,CONS-113050,BOD-01,OP-05
2025-10-21,MP-0074,salida,-24.9,CONS-113057,BOD-03,OP-03
2025-10-21,MP-0370,salida,8.1,CONS-113064,BOD-02,OP-05
2025-10-21,MP-0309,salida,28.3,CONS-113078,BOD-01,OP-03
2025-10-21,MP-0418,salida,26.3,CONS-113085,BOD-01,OP-06
2025-10-21,MP-0008,salida,116.7,CONS-113092,BOD-02,OP-04
2025-10-21,MP-0005,salida,39.9,CONS-113099,BOD-01,OP-05
2025-10-21,MP-0133,salida,-31.1,CONS-113106,BOD-03,OP-03
2025-10-21,MP-0101,salida,27.3,CONS-113113,BOD-02,OP-01
2025-10-21,MP-0189,salida,22.1,CONS-113127,BOD-01,OP-02
2025-10-21,MP-0254,salida,32.2,CONS-113134,BOD-03,OP-06
2025-10-21,MP-0161,salida,12.0,CONS-113141,BOD-02,OP-01
2025-10-21,MP-0197,salida,29.1,CONS-113148,BOD-03,OP-06
2025-10-21,MP-0037,salida,77.8,CONS-113155,BOD-03,OP-01
2025-10-21,MP-0018,salida,12.9,CONS-113162,BOD-01,OP-06
2025-10-21,MP-0137,salida,65.2,CONS-113169,BOD-03,OP-05
2025-10-21,MP-0073,salida,94.0,CONS-113176,BOD-02,OP-03
2025-10-21,MP-0118,salida,84.5,CONS-113183,BOD-03,OP-04
2025-10-21,MP-0199,salida,80.0,CONS-113190,BOD-03,OP-04
2025-10-21,MP-0232,salida,71.5,CONS-113197,BOD-01,OP-02
2025-10-21,MP-0027,salida,4.6,CONS-113204,BOD-01,OP-05
2025-10-21,MP-0116,salida,14.0,CONS-113211,BOD-01,OP-04
2025-10-21,MP-0108,salida,58.0,CONS-113218,BOD-03,OP-06
2025-10-21,MP-0293,salida,24.5,CONS-113225,BOD-03,OP-01
2025-10-21,MP-0239,salida,11.6,CONS-113232,BOD-01,OP-01
2025-10-21,MP-0016,salida,130.3,CONS-113239,BOD-03,OP-06
2025-10-21,MP-0030,salida,15.2,CONS-113246,BOD-01,OP-05
2025-10-21,MP-0120,salida,72.9,CONS-113253,BOD-03,OP-06
2025-10-21,MP-0043,salida,42.2,CONS-113260,BOD-03,OP-03
2025-10-21,MP-0182,salida,115.2,CONS-113267,BOD-03,OP-01
2025-10-21,MP-0369,salida,84.9,CONS-113274,BOD-03,OP-05
2025-10-21,MP-0157,salida,185.4,CONS-113281,BOD-01,OP-04
2025-10-21,MP-0001,salida,91.8,CONS-113288,BOD-02,OP-01
2025-10-21,MP-0128,salida,114.4,CONS-113302,BOD-03,OP-06
2025-10-21,MP-0244,salida,44.5,CONS-113316,BOD-01,OP-05
2025-10-21,MP-0132,salida,109.7,CONS-113330,BOD-02,OP-01
2025-10-21,MP-0131,salida,40.6,CONS-113337,BOD-03,OP-03
2025-10-21,MP-0216,salida,84.9,CONS-113344,BOD-01,OP-03
2025-10-21,MP-0272,salida,10.7,CONS-113351,BOD-03,OP-06
2025-10-21,MP-0010,salida,65.7,CONS-113358,BOD-02,OP-06
2025-10-21,MP-0002,salida,37.3,CONS-113365,BOD-02,OP-04
2025-10-21,MP-0150,salida,52.3,CONS-113372,BOD-03,OP-01
2025-10-21,MP-0085,salida,56.9,CONS-113379,BOD-01,OP-05
2025-10-21,MP-0202,salida,80.1,CONS-113386,BOD-03,OP-01
2025-10-21,MP-0153,salida,36.8,CONS-113393,BOD-01,OP-03
2025-10-21,MP-0178,salida,17.4,CONS-113400,BOD-01,OP-02
2025-10-21,MP-0229,salida,82.1,CONS-113407,BOD-03,OP-03
2025-10-21,MP-0013,salida,48.3,CONS-113414,BOD-02,OP-02
2025-10-21,MP-0020,salida,48.6,CONS-113421,BOD-01,OP-01
2025-10-21,MP-0106,salida,31.8,CONS-113428,BOD-03,OP-01
2025-10-21,MP-0051,salida,104.8,CONS-113435,BOD-03,OP-04
2025-10-21,MP-0411,salida,47.9,CONS-113442,BOD-01,OP-04
2025-10-21,MP-0238,salida,45.1,CONS-113449,BOD-03,OP-05
2025-10-21,MP-0004,salida,42.2,CONS-113456,BOD-02,OP-04
2025-10-21,MP-0033,salida,37.3,CONS-113463,BOD-03,OP-05
2025-10-21,MP-0045,salida,23.7,CONS-113470,BOD-02,OP-02
2025-10-21,MP-0386,salida,52.4,CONS-113477,BOD-03,OP-02
2025-10-21,MP-0393,salida,16.8,CONS-113484,BOD-01,OP-01
2025-10-21,MP-0373,salida,94.2,CONS-113491,BOD-02,OP-05
2025-10-21,MP-0015,salida,73.2,CONS-113498,BOD-02,OP-06
2025-10-21,MP-0012,salida,110.9,CONS-113505,BOD-03,OP-01
2025-10-21,MP-0142,salida,111.4,CONS-113512,BOD-02,OP-03
2025-10-21,MP-0102,salida,135.9,CONS-113519,BOD-03,OP-01
2025-10-21,MP-0114,salida,32.4,CONS-113526,BOD-02,OP-03
2025-10-21,MP-0325,salida,87.3,CONS-113533,BOD-02,OP-01
2025-10-21,MP-0193,salida,78.7,CONS-113540,BOD-01,OP-06
2025-10-21,MP-0330,salida,36.3,CONS-113547,BOD-03,OP-04
2025-10-21,MP-0024,salida,65.5,CONS-113554,BOD-03,OP-05
2025-10-21,MP-0117,salida,26.7,CONS-113561,BOD-02,OP-06
2025-10-21,MP-0060,salida,23.8,CONS-113568,BOD-02,OP-05
2025-10-21,MP-0357,salida,29.3,CONS-113575,BOD-01,OP-05
2025-10-21,MP-0162,salida,4.5,CONS-113582,BOD-02,OP-02
2025-10-21,MP-0009,salida,29.4,CONS-113589,BOD-02,OP-01
2025-10-21,MP-0076,salida,40.7,CONS-113596,BOD-03,OP-04
2025-10-21,MP-0077,salida,42.9,CONS-113603,BOD-01,OP-01
2025-10-21,MP-0026,salida,12.7,CONS-113617,BOD-02,OP-05
2025-10-21,MP-0111,salida,19.5,CONS-113624,BOD-01,OP-01
2025-10-21,MP-0071,salida,15.4,CONS-113631,BOD-02,OP-05
2025-10-21,MP-0388,salida,14.9,CONS-113638,BOD-03,OP-03
2025-10-21,MP-0227,salida,-8.9,CONS-113645,BOD-01,OP-06
2025-10-21,MP-0143,salida,58.5,CONS-113659,BOD-03,OP-03
2025-10-21,MP-0181,salida,49.2,CONS-113666,BOD-03,OP-02
2025-10-21,MP-0385,salida,14.4,CONS-113673,BOD-01,OP-02
2025-10-21,MP-0321,salida,26.5,CONS-113680,BOD-01,OP-01
2025-10-21,MP-0343,salida,59.0,CONS-113687,BOD-01,OP-03
2025-10-21,MP-0036,salida,19.7,CONS-113694,BOD-02,OP-06
2025-10-21,MP-0080,salida,21.7,CONS-113701,BOD-01,OP-05
2025-10-21,MP-0139,salida,40.1,CONS-113708,BOD-03,OP-06
2025-10-21,MP-0356,salida,25.7,CONS-113715,BOD-03,OP-03
2025-10-21,MP-0339,salida,8.6,CONS-113722,BOD-03,OP-01
2025-10-21,MP-0078,salida,109.0,CONS-113729,BOD-01,OP-03
2025-10-21,MP-0059,salida,67.2,CONS-113736,BOD-03,OP-06
2025-10-21,MP-0211,salida,52.6,CONS-113743,BOD-03,OP-03
2025-10-21,MP-0340,salida,52.6,CONS-113750,BOD-01,OP-06
2025-10-21,MP-0390,salida,37.7,CONS-113757,BOD-01,OP-05
2025-10-21,MP-0268,salida,34.5,CONS-113764,BOD-03,OP-03
2025-10-21,MP-0039,salida,12.5,CONS-113771,BOD-03,OP-03
2025-10-21,MP-0032,salida,24.4,CONS-113778,BOD-01,OP-04
2025-10-21,MP-0136,salida,71.2,CONS-113792,BOD-01,OP-03
2025-10-21,MP-0217,salida,62.8,CONS-113799,BOD-03,OP-05
2025-10-21,MP-0344,salida,104.2,CONS-113806,BOD-01,OP-01
2025-10-21,MP-0250,ajuste,-22,AJU-120066,BOD-03,AUDIT
2025-10-22,MP-0032,entrada,1953,REC-OC-5449,BOD-02,OP-01
2025-10-22,MP-0288,entrada,17,REC-OC-6333,BOD-03,OP-01
2025-10-22,MP-0176,entrada,101,REC-OC-6217,BOD-02,OP-04
2025-10-23,MP-0254,entrada,63,REC-OC-6297,BOD-01,OP-05
2025-10-24,MP-0125,entrada,420,REC-OC-6038,BOD-01,OP-05
2025-10-24,MP-0029,entrada,1283,REC-OC-5394,BOD-03,OP-06
2025-10-25,MP-0019,salida,38.6,CONS-113037,BOD-03,OP-03
2025-10-25,MP-0022,salida,86.1,CONS-113044,BOD-01,OP-05
2025-10-25,MP-0094,salida,24.0,CONS-113051,BOD-02,OP-04
2025-10-25,MP-0074,salida,24.9,CONS-113058,BOD-02,OP-05
2025-10-25,MP-0370,salida,8.1,CONS-113065,BOD-01,OP-02
2025-10-25,MP-0299,salida,31.2,CONS-113072,BOD-03,OP-01
2025-10-25,MP-0309,salida,28.3,CONS-113079,BOD-02,OP-05
2025-10-25,MP-0418,salida,26.3,CONS-113086,BOD-02,OP-01
2025-10-25,MP-0008,salida,116.7,CONS-113093,BOD-01,OP-04
2025-10-25,MP-0005,salida,39.9,CONS-113100,BOD-02,OP-04
2025-10-25,MP-0133,salida,31.1,CONS-113107,BOD-03,OP-02
2025-10-25,MP-0101,salida,27.3,CONS-113114,BOD-02,OP-03
2025-10-25,MP-0149,salida,47.0,CONS-113121,BOD-01,OP-04
2025-10-25,MP-0189,salida,22.1,CONS-113128,BOD-01,OP-06
2025-10-25,MP-0254,salida,32.2,CONS-113135,BOD-01,OP-03
2025-10-25,MP-0161,salida,-12.0,CONS-113142,BOD-03,OP-02
2025-10-25,MP-0197,salida,29.1,CONS-113149,BOD-03,OP-03
2025-10-25,MP-0037,salida,77.8,CONS-113156,BOD-03,OP-04
2025-10-25,MP-0018,salida,12.9,CONS-113163,BOD-03,OP-03
2025-10-25,MP-0137,salida,65.2,CONS-113170,BOD-02,OP-02
2025-10-25,MP-0073,salida,94.0,CONS-113177,BOD-02,OP-06
2025-10-25,MP-0118,salida,84.5,CONS-113184,BOD-03,OP-06
2025-10-25,MP-0199,salida,80.0,CONS-113191,BOD-02,OP-01
2025-10-25,MP-0232,salida,71.5,CONS-113198,BOD-03,OP-06
2025-10-25,MP-0027,salida,4.6,CONS-113205,BOD-03,OP-05
2025-10-25,MP-0116,salida,14.0,CONS-113212,BOD-02,OP-01
2025-10-25,MP-0108,salida,58.0,CONS-113219,BOD-03,OP-05
2025-10-25,MP-0293,salida,24.5,CONS-113226,BOD-01,OP-05
2025-10-25,MP-0239,salida,11.6,CONS-113233,BOD-03,OP-01
2025-10-25,MP-0016,salida,130.3,CONS-113240,BOD-03,OP-05
2025-10-25,MP-0120,salida,-72.9,CONS-113254,BOD-03,OP-01
2025-10-25,MP-0043,salida,42.2,CONS-113261,BOD-02,OP-03
2025-10-25,MP-0182,salida,115.2,CONS-113268,BOD-03,OP-05
2025-10-25,MP-0369,salida,84.9,CONS-113275,BOD-03,OP-02
2025-10-25,MP-0157,salida,185.4,CONS-113282,BOD-01,OP-01
2025-10-25,MP-0001,salida,91.8,CONS-113289,BOD-03,OP-04
2025-10-25,MP-0014,salida,74.6,CONS-113296,BOD-01,OP-05
2025-10-25,MP-0128,salida,114.4,CONS-113303,BOD-01,OP-04
2025-10-25,MP-0047,salida,39.4,CONS-113310,BOD-03,OP-02
2025-10-25,MP-0244,salida,44.5,CONS-113317,BOD-01,OP-05
2025-10-25,MP-0122,salida,66.2,CONS-113324,BOD-02,OP-01
2025-10-25,MP-0132,salida,109.7,CONS-113331,BOD-03,OP-03
2025-10-25,MP-0131,salida,40.6,CONS-113338,BOD-03,OP-03
2025-10-25,MP-0216,salida,84.9,CONS-113345,BOD-01,OP-04
2025-10-25,MP-0010,salida,65.7,CONS-113359,BOD-01,OP-01
2025-10-25,MP-0002,salida,37.3,CONS-113366,BOD-03,OP-02
2025-10-25,MP-0150,salida,52.3,CONS-113373,BOD-01,OP-03
2025-10-25,MP-0085,salida,56.9,CONS-113380,BOD-03,OP-04
2025-10-25,MP-0202,salida,80.1,CONS-113387,BOD-03,OP-06
2025-10-25,MP-0153,salida,36.8,CONS-113394,BOD-02,OP-06
2025-10-25,MP-0178,salida,17.4,CONS-113401,BOD-03,OP-04
2025-10-25,MP-0229,salida,82.1,CONS-113408,BOD-01,OP-03
2025-10-25,MP-0013,salida,48.3,CONS-113415,BOD-02,OP-01
2025-10-25,MP-0020,salida,48.6,CONS-113422,BOD-01,OP-02
2025-10-25,MP-0106,salida,31.8,CONS-113429,BOD-01,OP-06
2025-10-25,MP-0411,salida,47.9,CONS-113443,BOD-01,OP-06
2025-10-25,MP-0238,salida,45.1,CONS-113450,BOD-02,OP-05
2025-10-25,MP-0004,salida,42.2,CONS-113457,BOD-03,OP-05
2025-10-25,MP-0033,salida,37.3,CONS-113464,BOD-03,OP-04
2025-10-25,MP-0045,salida,23.7,CONS-113471,BOD-02,OP-05
2025-10-25,MP-0386,salida,-52.4,CONS-113478,BOD-01,OP-01
2025-10-25,MP-0393,salida,16.8,CONS-113485,BOD-01,OP-03
2025-10-25,MP-0373,salida,94.2,CONS-113492,BOD-02,OP-02
2025-10-25,MP-0015,salida,73.2,CONS-113499,BOD-03,OP-06
2025-10-25,MP-0012,salida,110.9,CONS-113506,BOD-01,OP-04
2025-10-25,MP-0142,salida,111.4,CONS-113513,BOD-01,OP-05
2025-10-25,MP-0102,salida,135.9,CONS-113520,BOD-03,OP-03
2025-10-25,MP-0325,salida,87.3,CONS-113534,BOD-01,OP-05
2025-10-25,MP-0193,salida,78.7,CONS-113541,BOD-03,OP-06
2025-10-25,MP-0330,salida,36.3,CONS-113548,BOD-02,OP-03
2025-10-25,MP-0024,salida,65.5,CONS-113555,BOD-02,OP-04
2025-10-25,MP-0117,salida,26.7,CONS-113562,BOD-03,OP-05
2025-10-25,MP-0060,salida,23.8,CONS-113569,BOD-01,OP-06
2025-10-25,MP-0357,salida,29.3,CONS-113576,BOD-02,OP-02
2025-10-25,MP-0162,salida,4.5,CONS-113583,BOD-02,OP-03
2025-10-25,MP-0009,salida,29.4,CONS-113590,BOD-02,OP-04
2025-10-25,MP-0076,salida,40.7,CONS-113597,BOD-01,OP-03
2025-10-25,MP-0077,salida,42.9,CONS-113604,BOD-02,OP-06
2025-10-25,MP-0273,salida,45.7,CONS-113611,BOD-03,OP-04
2025-10-25,MP-0026,salida,12.7,CONS-113618,BOD-01,OP-05
2025-10-25,MP-0111,salida,19.5,CONS-113625,BOD-02,OP-03
2025-10-25,MP-0071,salida,15.4,CONS-113632,BOD-01,OP-03
2025-10-25,MP-0388,salida,14.9,CONS-113639,BOD-01,OP-02
2025-10-25,MP-0227,salida,8.9,CONS-113646,BOD-02,OP-01
2025-10-25,MP-0088,salida,52.4,CONS-113653,BOD-01,OP-03
2025-10-25,MP-0143,salida,58.5,CONS-113660,BOD-02,OP-01
2025-10-25,MP-0181,salida,49.2,CONS-113667,BOD-03,OP-04
2025-10-25,MP-0385,salida,14.4,CONS-113674,BOD-02,OP-01
2025-10-25,MP-0321,salida,26.5,CONS-113681,BOD-03,OP-03
2025-10-25,MP-0343,salida,59.0,CONS-113688,BOD-03,OP-03
2025-10-25,MP-0036,salida,19.7,CONS-113695,BOD-02,OP-01
2025-10-25,MP-0080,salida,21.7,CONS-113702,BOD-03,OP-03
2025-10-25,MP-0139,salida,40.1,CONS-113709,BOD-03,OP-03
2025-10-25,MP-0356,salida,25.7,CONS-113716,BOD-02,OP-03
2025-10-25,MP-0339,salida,8.6,CONS-113723,BOD-03,OP-05
2025-10-25,MP-0078,salida,109.0,CONS-113730,BOD-01,OP-04
2025-10-25,MP-0059,salida,67.2,CONS-113737,BOD-03,OP-01
2025-10-25,MP-0211,salida,52.6,CONS-113744,BOD-03,OP-05
2025-10-25,MP-0340,salida,52.6,CONS-113751,BOD-01,OP-03
2025-10-25,MP-0390,salida,37.7,CONS-113758,BOD-01,OP-03
2025-10-25,MP-0039,salida,12.5,CONS-113772,BOD-01,OP-04
2025-10-25,MP-0032,salida,24.4,CONS-113779,BOD-01,OP-06
2025-10-25,MP-0129,salida,82.8,CONS-113786,BOD-03,OP-02
2025-10-25,MP-0136,salida,71.2,CONS-113793,BOD-02,OP-01
2025-10-25,MP-0217,salida,62.8,CONS-113800,BOD-01,OP-03
2025-10-25,MP-0344,salida,104.2,CONS-113807,BOD-02,OP-06
2025-10-27,MP-0009,entrada,1213,REC-OC-5108,BOD-02,OP-05
2025-10-27,MP-0004,entrada,831,REC-OC-5039,BOD-01,OP-01
2025-10-28,MP-0051,entrada,329,REC-OC-5659,BOD-01,OP-06
2025-10-28,MP-0131,entrada,406,REC-OC-6082,BOD-02,OP-01
2025-10-28,MP-0134,entrada,212,REC-OC-6093,BOD-03,OP-03
2025-10-28,MP-0027,entrada,674,REC-OC-5377,BOD-02,OP-01
2025-10-29,MP-0140,entrada,157,REC-OC-6131,BOD-01,OP-04
2025-10-29,MP-0017,entrada,2010,REC-OC-5228,BOD-03,OP-05
2025-10-30,MP-0105,entrada,139,REC-OC-5945,BOD-03,OP-06
2025-10-30,MP-0402,entrada,61,REC-OC-6453,BOD-03,OP-05
2025-10-31,MP-0146,entrada,385,REC-OC-6167,BOD-02,OP-03
2025-11-01,MP-0054,entrada,253,REC-OC-5668,BOD-03,OP-02
2025-11-01,MP-0012,entrada,1382,REC-OC-5153,BOD-01,OP-06
2025-11-01,MP-0061,entrada,171,REC-OC-5714,BOD-02,OP-04
2025-11-01,MP-0019,salida,42.4,CONS-113808,BOD-01,OP-01
2025-11-01,MP-0022,salida,74.6,CONS-113815,BOD-03,OP-01
2025-11-01,MP-0094,salida,24.8,CONS-113822,BOD-02,OP-04
2025-11-01,MP-0074,salida,25.7,CONS-113829,BOD-03,OP-05
2025-11-01,MP-0370,salida,8.3,CONS-113836,BOD-01,OP-01
2025-11-01,MP-0299,salida,32.2,CONS-113843,BOD-01,OP-05
2025-11-01,MP-0309,salida,29.2,CONS-113850,BOD-02,OP-05
2025-11-01,MP-0418,salida,27.1,CONS-113857,BOD-02,OP-05
2025-11-01,MP-0008,salida,121.9,CONS-113864,BOD-03,OP-06
2025-11-01,MP-0005,salida,61.9,CONS-113871,BOD-03,OP-03
2025-11-01,MP-0133,salida,46.1,CONS-113878,BOD-02,OP-02
2025-11-01,MP-0101,salida,40.5,CONS-113885,BOD-02,OP-02
2025-11-01,MP-0149,salida,75.7,CONS-113892,BOD-03,OP-04
2025-11-01,MP-0189,salida,32.8,CONS-113899,BOD-02,OP-02
2025-11-01,MP-0254,salida,47.7,CONS-113906,BOD-03,OP-04
2025-11-01,MP-0161,salida,17.8,CONS-113913,BOD-03,OP-02
2025-11-01,MP-0197,salida,43.2,CONS-113920,BOD-03,OP-04
2025-11-01,MP-0037,salida,65.4,CONS-113927,BOD-03,OP-03
2025-11-01,MP-0018,salida,10.9,CONS-113934,BOD-03,OP-02
2025-11-01,MP-0137,salida,-54.9,CONS-113941,BOD-01,OP-06
2025-11-01,MP-0073,salida,79.1,CONS-113948,BOD-03,OP-01
2025-11-01,MP-0118,salida,71.0,CONS-113955,BOD-03,OP-02
2025-11-01,MP-0232,salida,60.2,CONS-113969,BOD-01,OP-06
2025-11-01,MP-0027,salida,7.8,CONS-113976,BOD-03,OP-02
2025-11-01,MP-0116,salida,23.6,CONS-113983,BOD-02,OP-06
2025-11-01,MP-0108,salida,56.7,CONS-113990,BOD-02,OP-03
2025-11-01,MP-0293,salida,41.4,CONS-113997,BOD-03,OP-04
2025-11-01,MP-0239,salida,19.7,CONS-114004,BOD-02,OP-02
2025-11-01,MP-0016,salida,87.4,CONS-114011,BOD-03,OP-05
2025-11-01,MP-0030,salida,8.5,CONS-114018,BOD-02,OP-01
2025-11-01,MP-0120,salida,40.4,CONS-114025,BOD-03,OP-04
2025-11-01,MP-0043,salida,23.4,CONS-114032,BOD-03,OP-04
2025-11-01,MP-0182,salida,-77.5,CONS-114039,BOD-01,OP-05
2025-11-01,MP-0369,salida,47.1,CONS-114046,BOD-01,OP-01
2025-11-01,MP-0157,salida,129.3,CONS-114053,BOD-02,OP-06
2025-11-01,MP-0001,salida,72.6,CONS-114060,BOD-01,OP-03
2025-11-01,MP-0014,salida,59.0,CONS-114067,BOD-01,OP-05
2025-11-01,MP-0128,salida,79.0,CONS-114074,BOD-01,OP-01
2025-11-01,MP-0047,salida,31.2,CONS-114081,BOD-03,OP-04
2025-11-01,MP-0244,salida,35.2,CONS-114088,BOD-01,OP-06
2025-11-01,MP-0122,salida,55.5,CONS-114095,BOD-01,OP-02
2025-11-01,MP-0132,salida,92.0,CONS-114102,BOD-01,OP-04
2025-11-01,MP-0131,salida,34.0,CONS-114109,BOD-03,OP-02
2025-11-01,MP-0272,salida,9.0,CONS-114123,BOD-03,OP-06
2025-11-01,MP-0010,salida,52.9,CONS-114130,BOD-03,OP-03
2025-11-01,MP-0002,salida,30.1,CONS-114137,BOD-03,OP-03
2025-11-01,MP-0150,salida,42.1,CONS-114144,BOD-01,OP-01
2025-11-01,MP-0085,salida,70.7,CONS-114151,BOD-02,OP-06
2025-11-01,MP-0202,salida,64.5,CONS-114158,BOD-02,OP-04
2025-11-01,MP-0153,salida,29.7,CONS-114165,BOD-01,OP-02
2025-11-01,MP-0178,salida,14.0,CONS-114172,BOD-03,OP-01
2025-11-01,MP-0229,salida,66.1,CONS-114179,BOD-02,OP-03
2025-11-01,MP-0013,salida,63.2,CONS-114186,BOD-01,OP-05
2025-11-01,MP-0020,salida,80.8,CONS-114193,BOD-01,OP-06
2025-11-01,MP-0106,salida,41.6,CONS-114200,BOD-01,OP-04
2025-11-01,MP-0051,salida,100.6,CONS-114207,BOD-03,OP-05
2025-11-01,MP-0411,salida,62.7,CONS-114214,BOD-02,OP-01
2025-11-01,MP-0238,salida,59.0,CONS-114221,BOD-02,OP-01
2025-11-01,MP-0033,salida,22.4,CONS-114235,BOD-01,OP-06
2025-11-01,MP-0045,salida,14.2,CONS-114242,BOD-02,OP-03
2025-11-01,MP-0386,salida,31.4,CONS-114249,BOD-02,OP-01
2025-11-01,MP-0393,salida,10.1,CONS-114256,BOD-03,OP-01
2025-11-01,MP-0373,salida,-95.0,CONS-114263,BOD-01,OP-05
2025-11-01,MP-0015,salida,54.3,CONS-114270,BOD-02,OP-04
2025-11-01,MP-0012,salida,82.3,CONS-114277,BOD-03,OP-01
2025-11-01,MP-0142,salida,82.7,CONS-114284,BOD-01,OP-06
2025-11-01,MP-0102,salida,100.8,CONS-114291,BOD-02,OP-04
2025-11-01,MP-0325,salida,64.8,CONS-114305,BOD-01,OP-05
2025-11-01,MP-0193,salida,58.4,CONS-114312,BOD-01,OP-04
2025-11-01,MP-0330,salida,26.9,CONS-114319,BOD-03,OP-01
2025-11-01,MP-0024,salida,144.4,CONS-114326,BOD-01,OP-02
2025-11-01,MP-0117,salida,56.0,CONS-114333,BOD-01,OP-04
2025-11-01,MP-0060,salida,50.0,CONS-114340,BOD-03,OP-03
2025-11-01,MP-0162,salida,9.5,CONS-114354,BOD-02,OP-01
2025-11-01,MP-0076,salida,83.4,CONS-114368,BOD-03,OP-05
2025-11-01,MP-0077,salida,-87.9,CONS-114375,BOD-03,OP-06
2025-11-01,MP-0273,salida,93.7,CONS-114382,BOD-03,OP-05
2025-11-01,MP-0026,salida,69.6,CONS-114389,BOD-02,OP-05
2025-11-01,MP-0071,salida,84.9,CONS-114403,BOD-02,OP-06
2025-11-01,MP-0388,salida,81.7,CONS-114410,BOD-02,OP-03
2025-11-01,MP-0227,salida,-49.0,CONS-114417,BOD-02,OP-02
2025-11-01,MP-0088,salida,83.6,CONS-114424,BOD-02,OP-05
2025-11-01,MP-0143,salida,93.5,CONS-114431,BOD-02,OP-01
2025-11-01,MP-0181,salida,78.5,CONS-114438,BOD-03,OP-04
2025-11-01,MP-0385,salida,23.0,CONS-114445,BOD-03,OP-06
2025-11-01,MP-0321,salida,42.4,CONS-114452,BOD-02,OP-04
2025-11-01,MP-0343,salida,94.1,CONS-114459,BOD-01,OP-06
2025-11-01,MP-0036,salida,24.0,CONS-114466,BOD-03,OP-02
2025-11-01,MP-0080,salida,26.6,CONS-114473,BOD-02,OP-04
2025-11-01,MP-0139,salida,49.0,CONS-114480,BOD-01,OP-02
2025-11-01,MP-0356,salida,31.4,CONS-114487,BOD-02,OP-02
2025-11-01,MP-0339,salida,10.5,CONS-114494,BOD-02,OP-05
2025-11-01,MP-0078,salida,-72.7,CONS-114501,BOD-03,OP-06
2025-11-01,MP-0059,salida,44.8,CONS-114508,BOD-03,OP-03
2025-11-01,MP-0211,salida,35.1,CONS-114515,BOD-01,OP-05
2025-11-01,MP-0390,salida,25.2,CONS-114529,BOD-02,OP-06
2025-11-01,MP-0268,salida,23.0,CONS-114536,BOD-01,OP-05
2025-11-01,MP-0039,salida,8.8,CONS-114543,BOD-01,OP-01
2025-11-01,MP-0032,salida,17.3,CONS-114550,BOD-02,OP-05
2025-11-01,MP-0129,salida,58.5,CONS-114557,BOD-02,OP-01
2025-11-01,MP-0136,salida,50.3,CONS-114564,BOD-03,OP-02
2025-11-01,MP-0217,salida,44.4,CONS-114571,BOD-02,OP-02
2025-11-01,MP-0344,salida,73.6,CONS-114578,BOD-02,OP-04
2025-11-02,MP-0140,entrada,109,REC-OC-6132,BOD-01,OP-05
2025-11-03,MP-0022,entrada,870,REC-OC-5291,BOD-03,OP-01
2025-11-03,MP-0022,entrada,1143,REC-OC-5299,BOD-02,OP-02
2025-11-04,MP-0027,entrada,570,REC-OC-5380,BOD-02,OP-06
2025-11-04,MP-0100,entrada,281,REC-OC-5916,BOD-02,OP-04
2025-11-05,MP-0418,entrada,73,REC-OC-6469,BOD-01,OP-03
2025-11-05,MP-0089,entrada,264,REC-OC-5846,BOD-01,OP-03
2025-11-05,MP-0022,salida,74.6,CONS-113816,BOD-01,OP-06
2025-11-05,MP-0094,salida,24.8,CONS-113823,BOD-03,OP-02
2025-11-05,MP-0074,salida,25.7,CONS-113830,BOD-02,OP-03
2025-11-05,MP-0370,salida,-8.3,CONS-113837,BOD-02,OP-05
2025-11-05,MP-0299,salida,32.2,CONS-113844,BOD-03,OP-01
2025-11-05,MP-0309,salida,29.2,CONS-113851,BOD-03,OP-04
2025-11-05,MP-0418,salida,27.1,CONS-113858,BOD-01,OP-01
2025-11-05,MP-0008,salida,121.9,CONS-113865,BOD-01,OP-01
2025-11-05,MP-0005,salida,61.9,CONS-113872,BOD-03,OP-03
2025-11-05,MP-0133,salida,46.1,CONS-113879,BOD-03,OP-05
2025-11-05,MP-0101,salida,40.5,CONS-113886,BOD-01,OP-06
2025-11-05,MP-0149,salida,75.7,CONS-113893,BOD-01,OP-04
2025-11-05,MP-0189,salida,32.8,CONS-113900,BOD-03,OP-02
2025-11-05,MP-0254,salida,47.7,CONS-113907,BOD-03,OP-06
2025-11-05,MP-0161,salida,17.8,CONS-113914,BOD-02,OP-01
2025-11-05,MP-0037,salida,65.4,CONS-113928,BOD-02,OP-03
2025-11-05,MP-0018,salida,10.9,CONS-113935,BOD-02,OP-04
2025-11-05,MP-0137,salida,54.9,CONS-113942,BOD-01,OP-06
2025-11-05,MP-0073,salida,79.1,CONS-113949,BOD-01,OP-01
2025-11-05,MP-0118,salida,71.0,CONS-113956,BOD-02,OP-01
2025-11-05,MP-0199,salida,67.2,CONS-113963,BOD-01,OP-02
2025-11-05,MP-0232,salida,60.2,CONS-113970,BOD-02,OP-03
2025-11-05,MP-0027,salida,7.8,CONS-113977,BOD-02,OP-05
2025-11-05,MP-0116,salida,-23.6,CONS-113984,BOD-01,OP-03
2025-11-05,MP-0108,salida,56.7,CONS-113991,BOD-03,OP-01
2025-11-05,MP-0293,salida,41.4,CONS-113998,BOD-02,OP-06
2025-11-05,MP-0239,salida,19.7,CONS-114005,BOD-03,OP-06
2025-11-05,MP-0016,salida,87.4,CONS-114012,BOD-01,OP-03
2025-11-05,MP-0120,salida,40.4,CONS-114026,BOD-02,OP-01
2025-11-05,MP-0043,salida,23.4,CONS-114033,BOD-03,OP-06
2025-11-05,MP-0182,salida,77.5,CONS-114040,BOD-02,OP-03
2025-11-05,MP-0369,salida,47.1,CONS-114047,BOD-02,OP-05
2025-11-05,MP-0157,salida,129.3,CONS-114054,BOD-02,OP-06
2025-11-05,MP-0001,salida,72.6,CONS-114061,BOD-02,OP-05
2025-11-05,MP-0014,salida,59.0,CONS-114068,BOD-03,OP-04
2025-11-05,MP-0128,salida,79.0,CONS-114075,BOD-01,OP-02
2025-11-05,MP-0244,salida,35.2,CONS-114089,BOD-01,OP-03
2025-11-05,MP-0122,salida,55.5,CONS-114096,BOD-02,OP-06
2025-11-05,MP-0132,salida,92.0,CONS-114103,BOD-02,OP-01
2025-11-05,MP-0131,salida,34.0,CONS-114110,BOD-02,OP-05
2025-11-05,MP-0216,salida,71.1,CONS-114117,BOD-02,OP-04
2025-11-05,MP-0272,salida,9.0,CONS-114124,BOD-02,OP-03
2025-11-05,MP-0010,salida,52.9,CONS-114131,BOD-01,OP-02
2025-11-05,MP-0002,salida,30.1,CONS-114138,BOD-03,OP-05
2025-11-05,MP-0150,salida,42.1,CONS-114145,BOD-02,OP-03
2025-11-05,MP-0085,salida,70.7,CONS-114152,BOD-02,OP-01
2025-11-05,MP-0202,salida,64.5,CONS-114159,BOD-01,OP-04
2025-11-05,MP-0153,salida,29.7,CONS-114166,BOD-01,OP-05
2025-11-05,MP-0178,salida,14.0,CONS-114173,BOD-01,OP-06
2025-11-05,MP-0229,salida,66.1,CONS-114180,BOD-01,OP-01
2025-11-05,MP-0013,salida,63.2,CONS-114187,BOD-03,OP-06
2025-11-05,MP-0020,salida,80.8,CONS-114194,BOD-03,OP-06
2025-11-05,MP-0106,salida,41.6,CONS-114201,BOD-03,OP-06
2025-11-05,MP-0051,salida,100.6,CONS-114208,BOD-03,OP-04
2025-11-05,MP-0411,salida,62.7,CONS-114215,BOD-02,OP-03
2025-11-05,MP-0238,salida,59.0,CONS-114222,BOD-01,OP-04
2025-11-05,MP-0004,salida,25.3,CONS-114229,BOD-01,OP-03
2025-11-05,MP-0033,salida,22.4,CONS-114236,BOD-02,OP-06
2025-11-05,MP-0045,salida,14.2,CONS-114243,BOD-03,OP-04
2025-11-05,MP-0386,salida,31.4,CONS-114250,BOD-01,OP-02
2025-11-05,MP-0393,salida,10.1,CONS-114257,BOD-02,OP-03
2025-11-05,MP-0373,salida,95.0,CONS-114264,BOD-03,OP-06
2025-11-05,MP-0015,salida,54.3,CONS-114271,BOD-03,OP-06
2025-11-05,MP-0012,salida,82.3,CONS-114278,BOD-01,OP-03
2025-11-05,MP-0142,salida,82.7,CONS-114285,BOD-01,OP-03
2025-11-05,MP-0102,salida,100.8,CONS-114292,BOD-03,OP-03
2025-11-05,MP-0114,salida,24.1,CONS-114299,BOD-02,OP-02
2025-11-05,MP-0325,salida,64.8,CONS-114306,BOD-01,OP-02
2025-11-05,MP-0193,salida,58.4,CONS-114313,BOD-02,OP-06
2025-11-05,MP-0330,salida,26.9,CONS-114320,BOD-03,OP-03
2025-11-05,MP-0024,salida,144.4,CONS-114327,BOD-03,OP-01
2025-11-05,MP-0117,salida,56.0,CONS-114334,BOD-01,OP-04
2025-11-05,MP-0060,salida,50.0,CONS-114341,BOD-03,OP-04
2025-11-05,MP-0357,salida,61.6,CONS-114348,BOD-02,OP-01
2025-11-05,MP-0162,salida,9.5,CONS-114355,BOD-03,OP-04
2025-11-05,MP-0009,salida,60.3,CONS-114362,BOD-02,OP-03
2025-11-05,MP-0076,salida,83.4,CONS-114369,BOD-02,OP-02
2025-11-05,MP-0077,salida,87.9,CONS-114376,BOD-01,OP-05
2025-11-05,MP-0026,salida,69.6,CONS-114390,BOD-03,OP-02
2025-11-05,MP-0071,salida,84.9,CONS-114404,BOD-01,OP-06
2025-11-05,MP-0388,salida,81.7,CONS-114411,BOD-02,OP-03
2025-11-05,MP-0227,salida,49.0,CONS-114418,BOD-02,OP-02
2025-11-05,MP-0088,salida,83.6,CONS-114425,BOD-03,OP-04
2025-11-05,MP-0143,salida,93.5,CONS-114432,BOD-02,OP-06
2025-11-05,MP-0181,salida,78.5,CONS-114439,BOD-02,OP-04
2025-11-05,MP-0385,salida,23.0,CONS-114446,BOD-02,OP-06
2025-11-05,MP-0343,salida,94.1,CONS-114460,BOD-03,OP-01
2025-11-05,MP-0036,salida,24.0,CONS-114467,BOD-03,OP-01
2025-11-05,MP-0080,salida,26.6,CONS-114474,BOD-03,OP-01
2025-11-05,MP-0139,salida,49.0,CONS-114481,BOD-01,OP-05
2025-11-05,MP-0356,salida,31.4,CONS-114488,BOD-01,OP-06
2025-11-05,MP-0339,salida,10.5,CONS-114495,BOD-02,OP-03
2025-11-05,MP-0078,salida,72.7,CONS-114502,BOD-03,OP-03
2025-11-05,MP-0059,salida,44.8,CONS-114509,BOD-01,OP-04
2025-11-05,MP-0211,salida,35.1,CONS-114516,BOD-03,OP-06
2025-11-05,MP-0340,salida,35.1,CONS-114523,BOD-03,OP-04
2025-11-05,MP-0390,salida,25.2,CONS-114530,BOD-02,OP-05
2025-11-05,MP-0268,salida,23.0,CONS-114537,BOD-02,OP-01
2025-11-05,MP-0039,salida,8.8,CONS-114544,BOD-02,OP-05
2025-11-05,MP-0032,salida,17.3,CONS-114551,BOD-03,OP-03
2025-11-05,MP-0136,salida,50.3,CONS-114565,BOD-02,OP-04
2025-11-05,MP-0217,salida,44.4,CONS-114572,BOD-01,OP-01
2025-11-05,MP-0344,salida,73.6,CONS-114579,BOD-03,OP-01
2025-11-06,MP-0030,entrada,1311,REC-OC-5409,BOD-01,OP-01
2025-11-06,MP-0219,entrada,83,REC-OC-6262,BOD-03,OP-01
2025-11-07,MP-0009,entrada,1829,REC-OC-5107,BOD-02,OP-02
2025-11-07,MP-0275,ajuste,29,AJU-120038,BOD-01,AUDIT
2025-11-08,MP-0064,entrada,251,REC-OC-5726,BOD-01,OP-02
2025-11-08,MP-0048,entrada,296,REC-OC-5637,BOD-02,OP-02
2025-11-08,MP-0062,entrada,355,REC-OC-5720,BOD-01,OP-05
2025-11-09,MP-0031,entrada,734,REC-OC-5439,BOD-02,OP-04
2025-11-09,MP-0209,entrada,3,REC-OC-6251,BOD-03,OP-02
2025-11-09,MP-0019,salida,42.4,CONS-113810,BOD-03,OP-04
2025-11-09,MP-0022,salida,74.6,CONS-113817,BOD-03,OP-02
2025-11-09,MP-0094,salida,24.8,CONS-113824,BOD-01,OP-06
2025-11-09,MP-0074,salida,25.7,CONS-113831,BOD-02,OP-03
2025-11-09,MP-0370,salida,8.3,CONS-113838,BOD-02,OP-05
2025-11-09,MP-0299,salida,32.2,CONS-113845,BOD-03,OP-04
2025-11-09,MP-0309,salida,29.2,CONS-113852,BOD-03,OP-01
2025-11-09,MP-0418,salida,27.1,CONS-113859,BOD-02,OP-01
2025-11-09,MP-0008,salida,121.9,CONS-113866,BOD-02,OP-03
2025-11-09,MP-0005,salida,61.9,CONS-113873,BOD-02,OP-02
2025-11-09,MP-0133,salida,46.1,CONS-113880,BOD-03,OP-03
2025-11-09,MP-0101,salida,40.5,CONS-113887,BOD-01,OP-02
2025-11-09,MP-0149,salida,75.7,CONS-113894,BOD-01,OP-02
2025-11-09,MP-0189,salida,32.8,CONS-113901,BOD-03,OP-03
2025-11-09,MP-0254,salida,47.7,CONS-113908,BOD-02,OP-04
2025-11-09,MP-0161,salida,17.8,CONS-113915,BOD-03,OP-03
2025-11-09,MP-0197,salida,43.2,CONS-113922,BOD-01,OP-04
2025-11-09,MP-0037,salida,65.4,CONS-113929,BOD-01,OP-02
2025-11-09,MP-0018,salida,10.9,CONS-113936,BOD-02,OP-05
2025-11-09,MP-0137,salida,54.9,CONS-113943,BOD-02,OP-02
2025-11-09,MP-0073,salida,79.1,CONS-113950,BOD-01,OP-03
2025-11-09,MP-0118,salida,71.0,CONS-113957,BOD-01,OP-01
2025-11-09,MP-0199,salida,67.2,CONS-113964,BOD-01,OP-01
2025-11-09,MP-0232,salida,60.2,CONS-113971,BOD-02,OP-06
2025-11-09,MP-0027,salida,7.8,CONS-113978,BOD-03,OP-05
2025-11-09,MP-0116,salida,23.6,CONS-113985,BOD-01,OP-01
2025-11-09,MP-0108,salida,56.7,CONS-113992,BOD-01,OP-05
2025-11-09,MP-0293,salida,41.4,CONS-113999,BOD-03,OP-05
2025-11-09,MP-0239,salida,19.7,CONS-114006,BOD-03,OP-06
2025-11-09,MP-0016,salida,87.4,CONS-114013,BOD-01,OP-02
2025-11-09,MP-0030,salida,8.5,CONS-114020,BOD-02,OP-05
2025-11-09,MP-0120,salida,40.4,CONS-114027,BOD-03,OP-01
2025-11-09,MP-0043,salida,23.4,CONS-114034,BOD-02,OP-03
2025-11-09,MP-0182,salida,77.5,CONS-114041,BOD-02,OP-04
2025-11-09,MP-0369,salida,47.1,CONS-114048,BOD-03,OP-05
2025-11-09,MP-0157,salida,129.3,CONS-114055,BOD-02,OP-04
2025-11-09,MP-0001,salida,72.6,CONS-114062,BOD-03,OP-03
2025-11-09,MP-0014,salida,59.0,CONS-114069,BOD-01,OP-04
2025-11-09,MP-0128,salida,79.0,CONS-114076,BOD-01,OP-06
2025-11-09,MP-0047,salida,31.2,CONS-114083,BOD-03,OP-02
2025-11-09,MP-0244,salida,35.2,CONS-114090,BOD-02,OP-03
2025-11-09,MP-0122,salida,55.5,CONS-114097,BOD-03,OP-05
2025-11-09,MP-0132,salida,92.0,CONS-114104,BOD-03,OP-02
2025-11-09,MP-0131,salida,34.0,CONS-114111,BOD-03,OP-06
2025-11-09,MP-0272,salida,9.0,CONS-114125,BOD-03,OP-02
2025-11-09,MP-0010,salida,52.9,CONS-114132,BOD-03,OP-06
2025-11-09,MP-0002,salida,30.1,CONS-114139,BOD-01,OP-03
2025-11-09,MP-0150,salida,42.1,CONS-114146,BOD-03,OP-04
2025-11-09,MP-0085,salida,70.7,CONS-114153,BOD-03,OP-03
2025-11-09,MP-0202,salida,64.5,CONS-114160,BOD-03,OP-06
2025-11-09,MP-0153,salida,29.7,CONS-114167,BOD-01,OP-04
2025-11-09,MP-0178,salida,14.0,CONS-114174,BOD-02,OP-01
2025-11-09,MP-0229,salida,66.1,CONS-114181,BOD-01,OP-05
2025-11-09,MP-0013,salida,63.2,CONS-114188,BOD-03,OP-06
2025-11-09,MP-0020,salida,80.8,CONS-114195,BOD-01,OP-04
2025-11-09,MP-0106,salida,41.6,CONS-114202,BOD-02,OP-06
2025-11-09,MP-0051,salida,100.6,CONS-114209,BOD-03,OP-01
2025-11-09,MP-0411,salida,62.7,CONS-114216,BOD-03,OP-06
2025-11-09,MP-0238,salida,59.0,CONS-114223,BOD-01,OP-04
2025-11-09,MP-0004,salida,25.3,CONS-114230,BOD-03,OP-04
2025-11-09,MP-0033,salida,-22.4,CONS-114237,BOD-03,OP-06
2025-11-09,MP-0045,salida,14.2,CONS-114244,BOD-01,OP-03
2025-11-09,MP-0386,salida,31.4,CONS-114251,BOD-01,OP-06
2025-11-09,MP-0393,salida,10.1,CONS-114258,BOD-03,OP-04
2025-11-09,MP-0373,salida,95.0,CONS-114265,BOD-01,OP-06
2025-11-09,MP-0015,salida,54.3,CONS-114272,BOD-03,OP-01
2025-11-09,MP-0142,salida,82.7,CONS-114286,BOD-01,OP-05
2025-11-09,MP-0114,salida,24.1,CONS-114300,BOD-03,OP-06
2025-11-09,MP-0325,salida,64.8,CONS-114307,BOD-02,OP-01
2025-11-09,MP-0193,salida,58.4,CONS-114314,BOD-03,OP-06
2025-11-09,MP-0330,salida,26.9,CONS-114321,BOD-01,OP-06
2025-11-09,MP-0024,salida,144.4,CONS-114328,BOD-03,OP-04
2025-11-09,MP-0117,salida,56.0,CONS-114335,BOD-01,OP-03
2025-11-09,MP-0060,salida,50.0,CONS-114342,BOD-03,OP-04
2025-11-09,MP-0357,salida,61.6,CONS-114349,BOD-02,OP-06
2025-11-09,MP-0162,salida,9.5,CONS-114356,BOD-02,OP-03
2025-11-09,MP-0009,salida,60.3,CONS-114363,BOD-02,OP-05
2025-11-09,MP-0076,salida,83.4,CONS-114370,BOD-02,OP-03
2025-11-09,MP-0273,salida,93.7,CONS-114384,BOD-01,OP-04
2025-11-09,MP-0026,salida,69.6,CONS-114391,BOD-02,OP-02
2025-11-09,MP-0071,salida,84.9,CONS-114405,BOD-02,OP-05
2025-11-09,MP-0227,salida,49.0,CONS-114419,BOD-03,OP-04
2025-11-09,MP-0088,salida,83.6,CONS-114426,BOD-02,OP-03
2025-11-09,MP-0143,salida,93.5,CONS-114433,BOD-01,OP-04
2025-11-09,MP-0181,salida,78.5,CONS-114440,BOD-01,OP-06
2025-11-09,MP-0385,salida,23.0,CONS-114447,BOD-02,OP-05
2025-11-09,MP-0321,salida,42.4,CONS-114454,BOD-01,OP-02
2025-11-09,MP-0343,salida,94.1,CONS-114461,BOD-02,OP-03
2025-11-09,MP-0036,salida,-24.0,CONS-114468,BOD-02,OP-05
2025-11-09,MP-0139,salida,49.0,CONS-114482,BOD-02,OP-04
2025-11-09,MP-0356,salida,31.4,CONS-114489,BOD-02,OP-05
2025-11-09,MP-0339,salida,10.5,CONS-114496,BOD-03,OP-03
2025-11-09,MP-0078,salida,72.7,CONS-114503,BOD-02,OP-02
2025-11-09,MP-0059,salida,44.8,CONS-114510,BOD-01,OP-04
2025-11-09,MP-0211,salida,35.1,CONS-114517,BOD-01,OP-06
2025-11-09,MP-0340,salida,35.1,CONS-114524,BOD-01,OP-02
2025-11-09,MP-0390,salida,25.2,CONS-114531,BOD-02,OP-02
2025-11-09,MP-0268,salida,23.0,CONS-114538,BOD-03,OP-06
2025-11-09,MP-0039,salida,8.8,CONS-114545,BOD-01,OP-06
2025-11-09,MP-0129,salida,58.5,CONS-114559,BOD-01,OP-04
2025-11-09,MP-0136,salida,50.3,CONS-114566,BOD-01,OP-06
2025-11-09,MP-0217,salida,44.4,CONS-114573,BOD-02,OP-06
2025-11-09,MP-0344,salida,73.6,CONS-114580,BOD-02,OP-03
2025-11-11,MP-0038,entrada,880,REC-OC-5559,BOD-01,OP-02
2025-11-11,MP-0006,entrada,734,REC-OC-5073,BOD-03,OP-04
2025-11-11,MP-0088,entrada,501,REC-OC-5844,BOD-01,OP-04
2025-11-12,MP-0018,entrada,1383,REC-OC-5262,BOD-02,OP-03
2025-11-12,MP-0016,entrada,1142,REC-OC-5207,BOD-03,OP-04
2025-11-12,MP-0251,entrada,45,REC-OC-6294,BOD-03,OP-06
2025-11-13,MP-0019,salida,42.4,CONS-113811,BOD-01,OP-01
2025-11-13,MP-0022,salida,74.6,CONS-113818,BOD-02,OP-05
2025-11-13,MP-0094,salida,24.8,CONS-113825,BOD-03,OP-06
2025-11-13,MP-0074,salida,25.7,CONS-113832,BOD-02,OP-01
2025-11-13,MP-0370,salida,8.3,CONS-113839,BOD-03,OP-06
2025-11-13,MP-0299,salida,32.2,CONS-113846,BOD-03,OP-05
2025-11-13,MP-0309,salida,29.2,CONS-113853,BOD-02,OP-02
2025-11-13,MP-0418,salida,27.1,CONS-113860,BOD-03,OP-03
2025-11-13,MP-0008,salida,121.9,CONS-113867,BOD-02,OP-02
2025-11-13,MP-0005,salida,61.9,CONS-113874,BOD-03,OP-03
2025-11-13,MP-0133,salida,46.1,CONS-113881,BOD-03,OP-03
2025-11-13,MP-0101,salida,40.5,CONS-113888,BOD-01,OP-02
2025-11-13,MP-0149,salida,75.7,CONS-113895,BOD-03,OP-01
2025-11-13,MP-0189,salida,32.8,CONS-113902,BOD-02,OP-03
2025-11-13,MP-0254,salida,47.7,CONS-113909,BOD-03,OP-06
2025-11-13,MP-0161,salida,17.8,CONS-113916,BOD-03,OP-03
2025-11-13,MP-0197,salida,43.2,CONS-113923,BOD-03,OP-02
2025-11-13,MP-0037,salida,65.4,CONS-113930,BOD-01,OP-06
2025-11-13,MP-0018,salida,10.9,CONS-113937,BOD-01,OP-02
2025-11-13,MP-0137,salida,54.9,CONS-113944,BOD-02,OP-04
2025-11-13,MP-0073,salida,79.1,CONS-113951,BOD-02,OP-02
2025-11-13,MP-0118,salida,71.0,CONS-113958,BOD-01,OP-04
2025-11-13,MP-0199,salida,67.2,CONS-113965,BOD-01,OP-04
2025-11-13,MP-0232,salida,60.2,CONS-113972,BOD-03,OP-04
2025-11-13,MP-0027,salida,7.8,CONS-113979,BOD-03,OP-03
2025-11-13,MP-0108,salida,56.7,CONS-113993,BOD-01,OP-01
2025-11-13,MP-0239,salida,19.7,CONS-114007,BOD-02,OP-05
2025-11-13,MP-0016,salida,87.4,CONS-114014,BOD-02,OP-04
2025-11-13,MP-0030,salida,8.5,CONS-114021,BOD-03,OP-04
2025-11-13,MP-0120,salida,40.4,CONS-114028,BOD-02,OP-01
2025-11-13,MP-0043,salida,23.4,CONS-114035,BOD-02,OP-03
2025-11-13,MP-0182,salida,77.5,CONS-114042,BOD-02,OP-01
2025-11-13,MP-0369,salida,47.1,CONS-114049,BOD-03,OP-02
2025-11-13,MP-0157,salida,129.3,CONS-114056,BOD-03,OP-06
2025-11-13,MP-0001,salida,72.6,CONS-114063,BOD-03,OP-05
2025-11-13,MP-0014,salida,59.0,CONS-114070,BOD-01,OP-03
2025-11-13,MP-0128,salida,79.0,CONS-114077,BOD-01,OP-06
2025-11-13,MP-0244,salida,-35.2,CONS-114091,BOD-02,OP-01
2025-11-13,MP-0122,salida,55.5,CONS-114098,BOD-02,OP-01
2025-11-13,MP-0132,salida,92.0,CONS-114105,BOD-01,OP-03
2025-11-13,MP-0131,salida,34.0,CONS-114112,BOD-02,OP-05
2025-11-13,MP-0216,salida,71.1,CONS-114119,BOD-02,OP-01
2025-11-13,MP-0272,salida,9.0,CONS-114126,BOD-02,OP-06
2025-11-13,MP-0010,salida,52.9,CONS-114133,BOD-02,OP-01
2025-11-13,MP-0002,salida,30.1,CONS-114140,BOD-02,OP-02
2025-11-13,MP-0150,salida,42.1,CONS-114147,BOD-02,OP-05
2025-11-13,MP-0085,salida,70.7,CONS-114154,BOD-01,OP-01
2025-11-13,MP-0202,salida,64.5,CONS-114161,BOD-02,OP-02
2025-11-13,MP-0153,salida,29.7,CONS-114168,BOD-01,OP-02
2025-11-13,MP-0178,salida,14.0,CONS-114175,BOD-03,OP-01
2025-11-13,MP-0229,salida,66.1,CONS-114182,BOD-01,OP-01
2025-11-13,MP-0013,salida,63.2,CONS-114189,BOD-03,OP-01
2025-11-13,MP-0106,salida,41.6,CONS-114203,BOD-03,OP-02
2025-11-13,MP-0051,salida,100.6,CONS-114210,BOD-01,OP-02
2025-11-13,MP-0411,salida,62.7,CONS-114217,BOD-03,OP-04
2025-11-13,MP-0238,salida,59.0,CONS-114224,BOD-03,OP-03
2025-11-13,MP-0004,salida,25.3,CONS-114231,BOD-02,OP-03
2025-11-13,MP-0033,salida,22.4,CONS-114238,BOD-03,OP-06
2025-11-13,MP-0045,salida,14.2,CONS-114245,BOD-01,OP-01
2025-11-13,MP-0386,salida,31.4,CONS-114252,BOD-03,OP-01
2025-11-13,MP-0393,salida,10.1,CONS-114259,BOD-02,OP-02
2025-11-13,MP-0373,salida,95.0,CONS-114266,BOD-02,OP-05
2025-11-13,MP-0015,salida,54.3,CONS-114273,BOD-01,OP-02
2025-11-13,MP-0142,salida,82.7,CONS-114287,BOD-01,OP-03
2025-11-13,MP-0102,salida,100.8,CONS-114294,BOD-02,OP-03
2025-11-13,MP-0114,salida,24.1,CONS-114301,BOD-02,OP-03
2025-11-13,MP-0325,salida,64.8,CONS-114308,BOD-01,OP-06
2025-11-13,MP-0193,salida,58.4,CONS-114315,BOD-01,OP-01
2025-11-13,MP-0330,salida,26.9,CONS-114322,BOD-03,OP-01
2025-11-13,MP-0024,salida,-144.4,CONS-114329,BOD-02,OP-03
2025-11-13,MP-0117,salida,56.0,CONS-114336,BOD-02,OP-04
2025-11-13,MP-0060,salida,50.0,CONS-114343,BOD-01,OP-04
2025-11-13,MP-0357,salida,61.6,CONS-114350,BOD-02,OP-05
2025-11-13,MP-0162,salida,9.5,CONS-114357,BOD-02,OP-05
2025-11-13,MP-0009,salida,60.3,CONS-114364,BOD-01,OP-04
2025-11-13,MP-0076,salida,83.4,CONS-114371,BOD-01,OP-06
2025-11-13,MP-0077,salida,87.9,CONS-114378,BOD-01,OP-01
2025-11-13,MP-0273,salida,93.7,CONS-114385,BOD-03,OP-02
2025-11-13,MP-0026,salida,69.6,CONS-114392,BOD-03,OP-05
2025-11-13,MP-0071,salida,84.9,CONS-114406,BOD-01,OP-04
2025-11-13,MP-0388,salida,81.7,CONS-114413,BOD-01,OP-01
2025-11-13,MP-0227,salida,49.0,CONS-114420,BOD-02,OP-05
2025-11-13,MP-0143,salida,93.5,CONS-114434,BOD-03,OP-01
2025-11-13,MP-0181,salida,78.5,CONS-114441,BOD-02,OP-01
2025-11-13,MP-0385,salida,23.0,CONS-114448,BOD-02,OP-06
2025-11-13,MP-0321,salida,42.4,CONS-114455,BOD-03,OP-01
2025-11-13,MP-0343,salida,94.1,CONS-114462,BOD-02,OP-02
2025-11-13,MP-0036,salida,-24.0,CONS-114469,BOD-02,OP-04
2025-11-13,MP-0080,salida,26.6,CONS-114476,BOD-02,OP-04
2025-11-13,MP-0139,salida,49.0,CONS-114483,BOD-01,OP-03
2025-11-13,MP-0356,salida,31.4,CONS-114490,BOD-02,OP-02
2025-11-13,MP-0339,salida,10.5,CONS-114497,BOD-02,OP-06
2025-11-13,MP-0059,salida,44.8,CONS-114511,BOD-02,OP-05
2025-11-13,MP-0211,salida,35.1,CONS-114518,BOD-01,OP-02
2025-11-13,MP-0340,salida,35.1,CONS-114525,BOD-03,OP-03
2025-11-13,MP-0390,salida,25.2,CONS-114532,BOD-01,OP-03
2025-11-13,MP-0268,salida,23.0,CONS-114539,BOD-03,OP-04
2025-11-13,MP-0039,salida,8.8,CONS-114546,BOD-02,OP-05
2025-11-13,MP-0032,salida,17.3,CONS-114553,BOD-02,OP-04
2025-11-13,MP-0129,salida,58.5,CONS-114560,BOD-02,OP-03
2025-11-13,MP-0344,salida,73.6,CONS-114581,BOD-02,OP-03
2025-11-14,MP-0058,entrada,522,REC-OC-5703,BOD-01,OP-04
2025-11-14,MP-0356,ajuste,18,AJU-120082,BOD-03,AUDIT
2025-11-15,MP-0387,entrada,107,REC-OC-6436,BOD-02,OP-06
2025-11-16,MP-0020,entrada,528,REC-OC-5278,BOD-03,OP-05
2025-11-16,MP-0013,entrada,864,REC-OC-5175,BOD-01,OP-01
2025-11-17,MP-0032,entrada,2201,REC-OC-5463,BOD-03,OP-02
2025-11-17,MP-0005,entrada,1118,REC-OC-5059,BOD-02,OP-06
2025-11-17,MP-0031,entrada,563,REC-OC-5438,BOD-03,OP-05
2025-11-17,MP-0077,entrada,456,REC-OC-5785,BOD-01,OP-05
2025-11-17,MP-0019,salida,42.4,CONS-113812,BOD-01,OP-01
2025-11-17,MP-0022,salida,74.6,CONS-113819,BOD-01,OP-05
2025-11-17,MP-0094,salida,24.8,CONS-113826,BOD-02,OP-01
2025-11-17,MP-0074,salida,25.7,CONS-113833,BOD-01,OP-03
2025-11-17,MP-0370,salida,8.3,CONS-113840,BOD-02,OP-04
2025-11-17,MP-0299,salida,32.2,CONS-113847,BOD-02,OP-04
2025-11-17,MP-0309,salida,29.2,CONS-113854,BOD-03,OP-01
2025-11-17,MP-0418,salida,27.1,CONS-113861,BOD-02,OP-01
2025-11-17,MP-0005,salida,61.9,CONS-113875,BOD-01,OP-06
2025-11-17,MP-0133,salida,46.1,CONS-113882,BOD-02,OP-04
2025-11-17,MP-0101,salida,40.5,CONS-113889,BOD-03,OP-02
2025-11-17,MP-0149,salida,-75.7,CONS-113896,BOD-03,OP-05
2025-11-17,MP-0189,salida,32.8,CONS-113903,BOD-02,OP-03
2025-11-17,MP-0197,salida,43.2,CONS-113924,BOD-02,OP-03
2025-11-17,MP-0037,salida,65.4,CONS-113931,BOD-03,OP-04
2025-11-17,MP-0018,salida,10.9,CONS-113938,BOD-03,OP-01
2025-11-17,MP-0137,salida,54.9,CONS-113945,BOD-01,OP-03
2025-11-17,MP-0073,salida,79.1,CONS-113952,BOD-02,OP-03
2025-11-17,MP-0118,salida,71.0,CONS-113959,BOD-01,OP-02
2025-11-17,MP-0199,salida,67.2,CONS-113966,BOD-03,OP-04
2025-11-17,MP-0232,salida,60.2,CONS-113973,BOD-02,OP-03
2025-11-17,MP-0027,salida,7.8,CONS-113980,BOD-03,OP-04
2025-11-17,MP-0116,salida,23.6,CONS-113987,BOD-01,OP-03
2025-11-17,MP-0108,salida,56.7,CONS-113994,BOD-01,OP-05
2025-11-17,MP-0293,salida,41.4,CONS-114001,BOD-01,OP-03
2025-11-17,MP-0239,salida,19.7,CONS-114008,BOD-03,OP-02
2025-11-17,MP-0016,salida,87.4,CONS-114015,BOD-03,OP-02
2025-11-17,MP-0030,salida,8.5,CONS-114022,BOD-02,OP-01
2025-11-17,MP-0120,salida,-40.4,CONS-114029,BOD-03,OP-06
2025-11-17,MP-0043,salida,23.4,CONS-114036,BOD-01,OP-05
2025-11-17,MP-0182,salida,77.5,CONS-114043,BOD-01,OP-04
2025-11-17,MP-0369,salida,47.1,CONS-114050,BOD-03,OP-04
2025-11-17,MP-0157,salida,129.3,CONS-114057,BOD-02,OP-04
2025-11-17,MP-0001,salida,72.6,CONS-114064,BOD-03,OP-06
2025-11-17,MP-0014,salida,-59.0,CONS-114071,BOD-03,OP-04
2025-11-17,MP-0128,salida,79.0,CONS-114078,BOD-02,OP-06
2025-11-17,MP-0047,salida,31.2,CONS-114085,BOD-03,OP-01
2025-11-17,MP-0244,salida,35.2,CONS-114092,BOD-03,OP-03
2025-11-17,MP-0122,salida,55.5,CONS-114099,BOD-01,OP-01
2025-11-17,MP-0132,salida,92.0,CONS-114106,BOD-02,OP-06
2025-11-17,MP-0131,salida,34.0,CONS-114113,BOD-01,OP-06
2025-11-17,MP-0216,salida,71.1,CONS-114120,BOD-01,OP-05
2025-11-17,MP-0272,salida,9.0,CONS-114127,BOD-03,OP-01
2025-11-17,MP-0002,salida,30.1,CONS-114141,BOD-01,OP-03
2025-11-17,MP-0150,salida,42.1,CONS-114148,BOD-02,OP-05
2025-11-17,MP-0085,salida,70.7,CONS-114155,BOD-01,OP-01
2025-11-17,MP-0202,salida,64.5,CONS-114162,BOD-01,OP-02
2025-11-17,MP-0153,salida,29.7,CONS-114169,BOD-03,OP-03
2025-11-17,MP-0178,salida,14.0,CONS-114176,BOD-01,OP-03
2025-11-17,MP-0229,salida,66.1,CONS-114183,BOD-02,OP-03
2025-11-17,MP-0020,salida,80.8,CONS-114197,BOD-03,OP-04
2025-11-17,MP-0106,salida,41.6,CONS-114204,BOD-01,OP-02
2025-11-17,MP-0051,salida,100.6,CONS-114211,BOD-01,OP-06
2025-11-17,MP-0411,salida,62.7,CONS-114218,BOD-02,OP-05
2025-11-17,MP-0238,salida,59.0,CONS-114225,BOD-01,OP-06
2025-11-17,MP-0004,salida,25.3,CONS-114232,BOD-01,OP-01
2025-11-17,MP-0033,salida,22.4,CONS-114239,BOD-03,OP-06
2025-11-17,MP-0045,salida,14.2,CONS-114246,BOD-02,OP-03
2025-11-17,MP-0386,salida,31.4,CONS-114253,BOD-03,OP-03
2025-11-17,MP-0373,salida,95.0,CONS-114267,BOD-03,OP-05
2025-11-17,MP-0015,salida,54.3,CONS-114274,BOD-03,OP-02
2025-11-17,MP-0012,salida,82.3,CONS-114281,BOD-01,OP-03
2025-11-17,MP-0142,salida,82.7,CONS-114288,BOD-03,OP-01
2025-11-17,MP-0102,salida,100.8,CONS-114295,BOD-01,OP-05
2025-11-17,MP-0114,salida,24.1,CONS-114302,BOD-03,OP-01
2025-11-17,MP-0325,salida,64.8,CONS-114309,BOD-02,OP-02
2025-11-17,MP-0193,salida,58.4,CONS-114316,BOD-02,OP-01
2025-11-17,MP-0330,salida,26.9,CONS-114323,BOD-03,OP-06
2025-11-17,MP-0024,salida,144.4,CONS-114330,BOD-02,OP-04
2025-11-17,MP-0117,salida,56.0,CONS-114337,BOD-02,OP-06
2025-11-17,MP-0060,salida,50.0,CONS-114344,BOD-01,OP-05
2025-11-17,MP-0357,salida,61.6,CONS-114351,BOD-03,OP-03
2025-11-17,MP-0162,salida,9.5,CONS-114358,BOD-03,OP-02
2025-11-17,MP-0009,salida,60.3,CONS-114365,BOD-03,OP-04
2025-11-17,MP-0076,salida,83.4,CONS-114372,BOD-02,OP-05
2025-11-17,MP-0077,salida,87.9,CONS-114379,BOD-03,OP-03
2025-11-17,MP-0273,salida,93.7,CONS-114386,BOD-02,OP-05
2025-11-17,MP-0026,salida,69.6,CONS-114393,BOD-01,OP-02
2025-11-17,MP-0111,salida,107.0,CONS-114400,BOD-03,OP-04
2025-11-17,MP-0071,salida,84.9,CONS-114407,BOD-02,OP-06
2025-11-17,MP-0388,salida,81.7,CONS-114414,BOD-03,OP-02
2025-11-17,MP-0227,salida,49.0,CONS-114421,BOD-03,OP-01
2025-11-17,MP-0088,salida,83.6,CONS-114428,BOD-01,OP-04
2025-11-17,MP-0143,salida,-93.5,CONS-114435,BOD-01,OP-03
2025-11-17,MP-0181,salida,78.5,CONS-114442,BOD-01,OP-02
2025-11-17,MP-0385,salida,23.0,CONS-114449,BOD-02,OP-01
2025-11-17,MP-0343,salida,94.1,CONS-114463,BOD-01,OP-06
2025-11-17,MP-0036,salida,24.0,CONS-114470,BOD-02,OP-01
2025-11-17,MP-0080,salida,26.6,CONS-114477,BOD-02,OP-03
2025-11-17,MP-0139,salida,49.0,CONS-114484,BOD-01,OP-04
2025-11-17,MP-0356,salida,31.4,CONS-114491,BOD-01,OP-03
2025-11-17,MP-0339,salida,10.5,CONS-114498,BOD-01,OP-02
2025-11-17,MP-0078,salida,-72.7,CONS-114505,BOD-01,OP-06
2025-11-17,MP-0059,salida,44.8,CONS-114512,BOD-02,OP-01
2025-11-17,MP-0211,salida,35.1,CONS-114519,BOD-03,OP-05
2025-11-17,MP-0340,salida,35.1,CONS-114526,BOD-01,OP-03
2025-11-17,MP-0390,salida,25.2,CONS-114533,BOD-01,OP-03
2025-11-17,MP-0268,salida,23.0,CONS-114540,BOD-02,OP-01
2025-11-17,MP-0039,salida,8.8,CONS-114547,BOD-02,OP-03
2025-11-17,MP-0032,salida,17.3,CONS-114554,BOD-03,OP-02
2025-11-17,MP-0129,salida,58.5,CONS-114561,BOD-03,OP-02
2025-11-17,MP-0136,salida,50.3,CONS-114568,BOD-01,OP-05
2025-11-17,MP-0217,salida,44.4,CONS-114575,BOD-01,OP-03
2025-11-17,MP-0344,salida,-73.6,CONS-114582,BOD-02,OP-01
2025-11-18,MP-0097,entrada,208,REC-OC-5893,BOD-03,OP-05
2025-11-18,MP-0121,entrada,465,REC-OC-6021,BOD-02,OP-04
2025-11-18,MP-0050,entrada,472,REC-OC-5649,BOD-03,OP-03
2025-11-19,MP-0030,entrada,2506,REC-OC-5420,BOD-03,OP-01
2025-11-20,MP-0031,entrada,549,REC-OC-5441,BOD-02,OP-06
2025-11-21,MP-0056,entrada,219,REC-OC-5682,BOD-01,OP-05
2025-11-21,MP-0265,entrada,5,REC-OC-6309,BOD-02,OP-03
2025-11-21,MP-0019,salida,42.4,CONS-113813,BOD-02,OP-02
2025-11-21,MP-0094,salida,24.8,CONS-113827,BOD-02,OP-06
2025-11-21,MP-0074,salida,25.7,CONS-113834,BOD-01,OP-01
2025-11-21,MP-0370,salida,8.3,CONS-113841,BOD-01,OP-05
2025-11-21,MP-0299,salida,32.2,CONS-113848,BOD-03,OP-01
2025-11-21,MP-0309,salida,29.2,CONS-113855,BOD-01,OP-03
2025-11-21,MP-0418,salida,27.1,CONS-113862,BOD-03,OP-03
2025-11-21,MP-0008,salida,121.9,CONS-113869,BOD-03,OP-05
2025-11-21,MP-0005,salida,61.9,CONS-113876,BOD-02,OP-03
2025-11-21,MP-0101,salida,40.5,CONS-113890,BOD-02,OP-03
2025-11-21,MP-0149,salida,75.7,CONS-113897,BOD-02,OP-04
2025-11-21,MP-0189,salida,32.8,CONS-113904,BOD-01,OP-02
2025-11-21,MP-0161,salida,17.8,CONS-113918,BOD-01,OP-05
2025-11-21,MP-0037,salida,65.4,CONS-113932,BOD-02,OP-03
2025-11-21,MP-0018,salida,10.9,CONS-113939,BOD-03,OP-04
2025-11-21,MP-0137,salida,54.9,CONS-113946,BOD-02,OP-04
2025-11-21,MP-0073,salida,79.1,CONS-113953,BOD-03,OP-06
2025-11-21,MP-0118,salida,71.0,CONS-113960,BOD-02,OP-02
2025-11-21,MP-0199,salida,67.2,CONS-113967,BOD-01,OP-05
2025-11-21,MP-0027,salida,7.8,CONS-113981,BOD-03,OP-03
2025-11-21,MP-0116,salida,23.6,CONS-113988,BOD-01,OP-06
2025-11-21,MP-0108,salida,56.7,CONS-113995,BOD-01,OP-03
2025-11-21,MP-0293,salida,41.4,CONS-114002,BOD-02,OP-01
2025-11-21,MP-0239,salida,19.7,CONS-114009,BOD-03,OP-06
2025-11-21,MP-0016,salida,87.4,CONS-114016,BOD-03,OP-03
2025-11-21,MP-0030,salida,8.5,CONS-114023,BOD-03,OP-02
2025-11-21,MP-0120,salida,40.4,CONS-114030,BOD-03,OP-03
2025-11-21,MP-0043,salida,23.4,CONS-114037,BOD-01,OP-03
2025-11-21,MP-0182,salida,77.5,CONS-114044,BOD-03,OP-06
2025-11-21,MP-0369,salida,-47.1,CONS-114051,BOD-03,OP-03
2025-11-21,MP-0157,salida,129.3,CONS-114058,BOD-02,OP-02
2025-11-21,MP-0001,salida,72.6,CONS-114065,BOD-01,OP-01
2025-11-21,MP-0014,salida,59.0,CONS-114072,BOD-02,OP-06
2025-11-21,MP-0128,salida,-79.0,CONS-114079,BOD-03,OP-04
2025-11-21,MP-0047,salida,31.2,CONS-114086,BOD-01,OP-03
2025-11-21,MP-0244,salida,35.2,CONS-114093,BOD-01,OP-01
2025-11-21,MP-0122,salida,55.5,CONS-114100,BOD-02,OP-06
2025-11-21,MP-0132,salida,92.0,CONS-114107,BOD-02,OP-05
2025-11-21,MP-0216,salida,71.1,CONS-114121,BOD-02,OP-06
2025-11-21,MP-0272,salida,9.0,CONS-114128,BOD-03,OP-06
2025-11-21,MP-0010,salida,52.9,CONS-114135,BOD-02,OP-06
2025-11-21,MP-0002,salida,30.1,CONS-114142,BOD-03,OP-04
2025-11-21,MP-0150,salida,42.1,CONS-114149,BOD-03,OP-06
2025-11-21,MP-0085,salida,70.7,CONS-114156,BOD-01,OP-04
2025-11-21,MP-0202,salida,64.5,CONS-114163,BOD-02,OP-06
2025-11-21,MP-0153,salida,29.7,CONS-114170,BOD-01,OP-06
2025-11-21,MP-0178,salida,14.0,CONS-114177,BOD-01,OP-05
2025-11-21,MP-0229,salida,66.1,CONS-114184,BOD-03,OP-03
2025-11-21,MP-0013,salida,63.2,CONS-114191,BOD-02,OP-05
2025-11-21,MP-0020,salida,-80.8,CONS-114198,BOD-02,OP-01
2025-11-21,MP-0106,salida,41.6,CONS-114205,BOD-02,OP-06
2025-11-21,MP-0051,salida,100.6,CONS-114212,BOD-03,OP-04
2025-11-21,MP-0411,salida,62.7,CONS-114219,BOD-03,OP-02
2025-11-21,MP-0238,salida,59.0,CONS-114226,BOD-03,OP-06
2025-11-21,MP-0033,salida,22.4,CONS-114240,BOD-02,OP-03
2025-11-21,MP-0045,salida,14.2,CONS-114247,BOD-03,OP-02
2025-11-21,MP-0386,salida,31.4,CONS-114254,BOD-02,OP-03
2025-11-21,MP-0393,salida,10.1,CONS-114261,BOD-03,OP-02
2025-11-21,MP-0373,salida,95.0,CONS-114268,BOD-02,OP-02
2025-11-21,MP-0015,salida,54.3,CONS-114275,BOD-02,OP-06
2025-11-21,MP-0012,salida,82.3,CONS-114282,BOD-02,OP-04
2025-11-21,MP-0142,salida,82.7,CONS-114289,BOD-02,OP-05
2025-11-21,MP-0102,salida,100.8,CONS-114296,BOD-01,OP-06
2025-11-21,MP-0325,salida,64.8,CONS-114310,BOD-02,OP-04
2025-11-21,MP-0193,salida,58.4,CONS-114317,BOD-02,OP-02
2025-11-21,MP-0330,salida,26.9,CONS-114324,BOD-02,OP-04
2025-11-21,MP-0024,salida,144.4,CONS-114331,BOD-01,OP-05
2025-11-21,MP-0117,salida,56.0,CONS-114338,BOD-02,OP-06
2025-11-21,MP-0060,salida,50.0,CONS-114345,BOD-01,OP-02
2025-11-21,MP-0357,salida,61.6,CONS-114352,BOD-02,OP-01
2025-11-21,MP-0162,salida,9.5,CONS-114359,BOD-02,OP-06
2025-11-21,MP-0009,salida,60.3,CONS-114366,BOD-02,OP-03
2025-11-21,MP-0076,salida,83.4,CONS-114373,BOD-03,OP-05
2025-11-21,MP-0077,salida,87.9,CONS-114380,BOD-02,OP-01
2025-11-21,MP-0273,salida,93.7,CONS-114387,BOD-01,OP-03
2025-11-21,MP-0026,salida,69.6,CONS-114394,BOD-03,OP-02
2025-11-21,MP-0111,salida,107.0,CONS-114401,BOD-01,OP-01
2025-11-21,MP-0071,salida,84.9,CONS-114408,BOD-02,OP-04
2025-11-21,MP-0227,salida,49.0,CONS-114422,BOD-02,OP-05
2025-11-21,MP-0088,salida,83.6,CONS-114429,BOD-02,OP-04
2025-11-21,MP-0181,salida,-78.5,CONS-114443,BOD-02,OP-02
2025-11-21,MP-0385,salida,23.0,CONS-114450,BOD-02,OP-03
2025-11-21,MP-0321,salida,42.4,CONS-114457,BOD-03,OP-03
2025-11-21,MP-0343,salida,94.1,CONS-114464,BOD-01,OP-04
2025-11-21,MP-0036,salida,24.0,CONS-114471,BOD-03,OP-06
2025-11-21,MP-0080,salida,26.6,CONS-114478,BOD-02,OP-02
2025-11-21,MP-0139,salida,49.0,CONS-114485,BOD-02,OP-03
2025-11-21,MP-0356,salida,31.4,CONS-114492,BOD-01,OP-05
2025-11-21,MP-0339,salida,10.5,CONS-114499,BOD-02,OP-02
2025-11-21,MP-0078,salida,72.7,CONS-114506,BOD-01,OP-02
2025-11-21,MP-0059,salida,44.8,CONS-114513,BOD-01,OP-06
2025-11-21,MP-0211,salida,35.1,CONS-114520,BOD-03,OP-04
2025-11-21,MP-0340,salida,35.1,CONS-114527,BOD-01,OP-03
2025-11-21,MP-0390,salida,25.2,CONS-114534,BOD-02,OP-02
2025-11-21,MP-0268,salida,23.0,CONS-114541,BOD-02,OP-06
2025-11-21,MP-0039,salida,8.8,CONS-114548,BOD-03,OP-01
2025-11-21,MP-0032,salida,17.3,CONS-114555,BOD-02,OP-01
2025-11-21,MP-0129,salida,58.5,CONS-114562,BOD-01,OP-06
2025-11-21,MP-0136,salida,50.3,CONS-114569,BOD-03,OP-06
2025-11-21,MP-0217,salida,44.4,CONS-114576,BOD-03,OP-03
2025-11-21,MP-0344,salida,73.6,CONS-114583,BOD-03,OP-02
2025-11-22,MP-0318,entrada,101,REC-OC-6365,BOD-01,OP-01
2025-11-22,MP-0022,entrada,1020,REC-OC-5308,BOD-02,OP-02
2025-11-23,MP-0042,entrada,451,REC-OC-5598,BOD-02,OP-02
2025-11-23,MP-0103,entrada,492,REC-OC-5932,BOD-01,OP-05
2025-11-24,MP-0035,entrada,1384,REC-OC-5524,BOD-02,OP-05
2025-11-24,MP-0087,entrada,456,REC-OC-5827,BOD-03,OP-01
2025-11-24,MP-0126,ajuste,3,AJU-120049,BOD-02,AUDIT
2025-11-25,MP-0019,salida,42.4,CONS-113814,BOD-01,OP-05
2025-11-25,MP-0022,salida,74.6,CONS-113821,BOD-02,OP-02
2025-11-25,MP-0094,salida,24.8,CONS-113828,BOD-02,OP-06
2025-11-25,MP-0074,salida,25.7,CONS-113835,BOD-02,OP-05
2025-11-25,MP-0370,salida,8.3,CONS-113842,BOD-03,OP-04
2025-11-25,MP-0299,salida,-32.2,CONS-113849,BOD-01,OP-01
2025-11-25,MP-0309,salida,29.2,CONS-113856,BOD-01,OP-02
2025-11-25,MP-0418,salida,27.1,CONS-113863,BOD-03,OP-01
2025-11-25,MP-0008,salida,121.9,CONS-113870,BOD-01,OP-03
2025-11-25,MP-0005,salida,61.9,CONS-113877,BOD-01,OP-06
2025-11-25,MP-0133,salida,46.1,CONS-113884,BOD-01,OP-04
2025-11-25,MP-0101,salida,40.5,CONS-113891,BOD-01,OP-01
2025-11-25,MP-0149,salida,75.7,CONS-113898,BOD-01,OP-03
2025-11-25,MP-0189,salida,32.8,CONS-113905,BOD-02,OP-04
2025-11-25,MP-0254,salida,47.7,CONS-113912,BOD-03,OP-01
2025-11-25,MP-0161,salida,17.8,CONS-113919,BOD-01,OP-06
2025-11-25,MP-0197,salida,43.2,CONS-113926,BOD-02,OP-05
2025-11-25,MP-0037,salida,65.4,CONS-113933,BOD-02,OP-03
2025-11-25,MP-0018,salida,10.9,CONS-113940,BOD-02,OP-03
2025-11-25,MP-0137,salida,54.9,CONS-113947,BOD-03,OP-04
2025-11-25,MP-0073,salida,79.1,CONS-113954,BOD-01,OP-04
2025-11-25,MP-0118,salida,71.0,CONS-113961,BOD-01,OP-06
2025-11-25,MP-0232,salida,60.2,CONS-113975,BOD-01,OP-05
2025-11-25,MP-0027,salida,7.8,CONS-113982,BOD-03,OP-03
2025-11-25,MP-0116,salida,23.6,CONS-113989,BOD-03,OP-06
2025-11-25,MP-0108,salida,56.7,CONS-113996,BOD-03,OP-02
2025-11-25,MP-0293,salida,-41.4,CONS-114003,BOD-01,OP-03
2025-11-25,MP-0239,salida,19.7,CONS-114010,BOD-01,OP-02
2025-11-25,MP-0016,salida,87.4,CONS-114017,BOD-02,OP-03
2025-11-25,MP-0030,salida,8.5,CONS-114024,BOD-02,OP-06
2025-11-25,MP-0120,salida,40.4,CONS-114031,BOD-03,OP-04
2025-11-25,MP-0043,salida,23.4,CONS-114038,BOD-01,OP-01
2025-11-25,MP-0182,salida,77.5,CONS-114045,BOD-03,OP-03
2025-11-25,MP-0369,salida,47.1,CONS-114052,BOD-03,OP-06
2025-11-25,MP-0157,salida,129.3,CONS-114059,BOD-02,OP-06
2025-11-25,MP-0001,salida,72.6,CONS-114066,BOD-03,OP-05
2025-11-25,MP-0014,salida,59.0,CONS-114073,BOD-03,OP-06
2025-11-25,MP-0128,salida,79.0,CONS-114080,BOD-01,OP-05
2025-11-25,MP-0047,salida,31.2,CONS-114087,BOD-01,OP-04
2025-11-25,MP-0244,salida,35.2,CONS-114094,BOD-02,OP-02
2025-11-25,MP-0122,salida,55.5,CONS-114101,BOD-02,OP-02
2025-11-25,MP-0132,salida,92.0,CONS-114108,BOD-01,OP-05
2025-11-25,MP-0131,salida,34.0,CONS-114115,BOD-03,OP-02
2025-11-25,MP-0216,salida,71.1,CONS-114122,BOD-03,OP-02
2025-11-25,MP-0272,salida,9.0,CONS-114129,BOD-01,OP-06
2025-11-25,MP-0010,salida,52.9,CONS-114136,BOD-02,OP-01
2025-11-25,MP-0002,salida,30.1,CONS-114143,BOD-02,OP-04
2025-11-25,MP-0150,salida,42.1,CONS-114150,BOD-03,OP-06
2025-11-25,MP-0085,salida,70.7,CONS-114157,BOD-01,OP-05
2025-11-25,MP-0202,salida,64.5,CONS-114164,BOD-02,OP-02
2025-11-25,MP-0153,salida,29.7,CONS-114171,BOD-02,OP-05
2025-11-25,MP-0178,salida,14.0,CONS-114178,BOD-03,OP-02
2025-11-25,MP-0229,salida,-66.1,CONS-114185,BOD-03,OP-03
2025-11-25,MP-0020,salida,80.8,CONS-114199,BOD-02,OP-06
2025-11-25,MP-0106,salida,-41.6,CONS-114206,BOD-01,OP-05
2025-11-25,MP-0051,salida,100.6,CONS-114213,BOD-01,OP-01
2025-11-25,MP-0411,salida,62.7,CONS-114220,BOD-01,OP-01
2025-11-25,MP-0004,salida,25.3,CONS-114234,BOD-03,OP-04
2025-11-25,MP-0033,salida,22.4,CONS-114241,BOD-03,OP-02
2025-11-25,MP-0045,salida,14.2,CONS-114248,BOD-02,OP-05
2025-11-25,MP-0386,salida,31.4,CONS-114255,BOD-03,OP-01
2025-11-25,MP-0393,salida,10.1,CONS-114262,BOD-02,OP-04
2025-11-25,MP-0373,salida,95.0,CONS-114269,BOD-02,OP-01
2025-11-25,MP-0015,salida,54.3,CONS-114276,BOD-02,OP-03
2025-11-25,MP-0012,salida,82.3,CONS-114283,BOD-02,OP-03
2025-11-25,MP-0142,salida,82.7,CONS-114290,BOD-03,OP-02
2025-11-25,MP-0102,salida,100.8,CONS-114297,BOD-02,OP-01
2025-11-25,MP-0114,salida,24.1,CONS-114304,BOD-01,OP-02
2025-11-25,MP-0325,salida,64.8,CONS-114311,BOD-01,OP-03
2025-11-25,MP-0193,salida,58.4,CONS-114318,BOD-01,OP-01
2025-11-25,MP-0330,salida,26.9,CONS-114325,BOD-03,OP-02
2025-11-25,MP-0024,salida,144.4,CONS-114332,BOD-02,OP-05
2025-11-25,MP-0117,salida,56.0,CONS-114339,BOD-03,OP-04
2025-11-25,MP-0060,salida,50.0,CONS-114346,BOD-02,OP-01
2025-11-25,MP-0357,salida,61.6,CONS-114353,BOD-02,OP-06
2025-11-25,MP-0162,salida,9.5,CONS-114360,BOD-02,OP-05
2025-11-25,MP-0076,salida,83.4,CONS-114374,BOD-01,OP-01
2025-11-25,MP-0077,salida,87.9,CONS-114381,BOD-03,OP-06
2025-11-25,MP-0273,salida,93.7,CONS-114388,BOD-01,OP-02
2025-11-25,MP-0026,salida,69.6,CONS-114395,BOD-03,OP-06
2025-11-25,MP-0111,salida,107.0,CONS-114402,BOD-01,OP-05
2025-11-25,MP-0071,salida,84.9,CONS-114409,BOD-02,OP-06
2025-11-25,MP-0388,salida,81.7,CONS-114416,BOD-02,OP-03
2025-11-25,MP-0227,salida,49.0,CONS-114423,BOD-02,OP-05
2025-11-25,MP-0088,salida,83.6,CONS-114430,BOD-01,OP-06
2025-11-25,MP-0143,salida,-93.5,CONS-114437,BOD-02,OP-04
2025-11-25,MP-0181,salida,78.5,CONS-114444,BOD-01,OP-03
2025-11-25,MP-0385,salida,23.0,CONS-114451,BOD-03,OP-05
2025-11-25,MP-0321,salida,42.4,CONS-114458,BOD-02,OP-02
2025-11-25,MP-0343,salida,94.1,CONS-114465,BOD-02,OP-05
2025-11-25,MP-0036,salida,24.0,CONS-114472,BOD-03,OP-01
2025-11-25,MP-0080,salida,26.6,CONS-114479,BOD-03,OP-02
2025-11-25,MP-0139,salida,49.0,CONS-114486,BOD-01,OP-01
2025-11-25,MP-0356,salida,31.4,CONS-114493,BOD-03,OP-03
2025-11-25,MP-0078,salida,72.7,CONS-114507,BOD-02,OP-06
2025-11-25,MP-0059,salida,44.8,CONS-114514,BOD-02,OP-02
2025-11-25,MP-0211,salida,35.1,CONS-114521,BOD-03,OP-06
2025-11-25,MP-0340,salida,35.1,CONS-114528,BOD-02,OP-04
2025-11-25,MP-0390,salida,25.2,CONS-114535,BOD-02,OP-01
2025-11-25,MP-0268,salida,23.0,CONS-114542,BOD-02,OP-01
2025-11-25,MP-0039,salida,8.8,CONS-114549,BOD-03,OP-03
2025-11-25,MP-0032,salida,17.3,CONS-114556,BOD-02,OP-03
2025-11-25,MP-0129,salida,58.5,CONS-114563,BOD-02,OP-02
2025-11-25,MP-0136,salida,50.3,CONS-114570,BOD-02,OP-03
2025-11-25,MP-0217,salida,44.4,CONS-114577,BOD-02,OP-03
2025-11-25,MP-0344,salida,73.6,CONS-114584,BOD-02,OP-03
2025-11-26,MP-0038,entrada,630,REC-OC-5551,BOD-03,OP-03
2025-11-26,MP-0182,entrada,13,REC-OC-6224,BOD-02,OP-03
2025-11-27,MP-0308,entrada,86,REC-OC-6353,BOD-03,OP-06
2025-11-27,MP-0097,entrada,140,REC-OC-5894,BOD-01,OP-05
2025-11-27,MP-0088,entrada,375,REC-OC-5835,BOD-03,OP-03
2025-11-28,MP-0115,entrada,234,REC-OC-5985,BOD-02,OP-05
2025-11-28,MP-0030,entrada,1817,REC-OC-5436,BOD-01,OP-04
2025-11-28,MP-0080,entrada,172,REC-OC-5792,BOD-03,OP-02
2025-11-28,MP-0127,entrada,256,REC-OC-6049,BOD-03,OP-02
2025-11-29,MP-0111,entrada,123,REC-OC-5971,BOD-02,OP-05
2025-11-29,MP-0109,entrada,335,REC-OC-5964,BOD-02,OP-04
2025-11-30,MP-0029,entrada,911,REC-OC-5397,BOD-03,OP-04
2025-12-01,MP-0138,entrada,352,REC-OC-6120,BOD-02,OP-01
2025-12-01,MP-0019,salida,42.3,CONS-114585,BOD-02,OP-06
2025-12-01,MP-0022,salida,72.1,CONS-114592,BOD-03,OP-01
2025-12-01,MP-0094,salida,13.9,CONS-114599,BOD-01,OP-05
2025-12-01,MP-0074,salida,14.5,CONS-114606,BOD-03,OP-05
2025-12-01,MP-0370,salida,4.7,CONS-114613,BOD-01,OP-06
2025-12-01,MP-0309,salida,16.4,CONS-114627,BOD-01,OP-06
2025-12-01,MP-0418,salida,15.2,CONS-114634,BOD-01,OP-01
2025-12-01,MP-0008,salida,44.5,CONS-114641,BOD-03,OP-06
2025-12-01,MP-0005,salida,26.8,CONS-114648,BOD-03,OP-02
2025-12-01,MP-0133,salida,34.3,CONS-114655,BOD-01,OP-01
2025-12-01,MP-0101,salida,30.2,CONS-114662,BOD-03,OP-01
2025-12-01,MP-0149,salida,-82.8,CONS-114669,BOD-03,OP-05
2025-12-01,MP-0189,salida,24.4,CONS-114676,BOD-02,OP-03
2025-12-01,MP-0254,salida,35.5,CONS-114683,BOD-03,OP-06
2025-12-01,MP-0161,salida,13.3,CONS-114690,BOD-02,OP-02
2025-12-01,MP-0197,salida,32.1,CONS-114697,BOD-03,OP-01
2025-12-01,MP-0037,salida,97.3,CONS-114704,BOD-02,OP-03
2025-12-01,MP-0018,salida,16.2,CONS-114711,BOD-01,OP-03
2025-12-01,MP-0137,salida,81.6,CONS-114718,BOD-02,OP-05
2025-12-01,MP-0073,salida,-117.5,CONS-114725,BOD-02,OP-06
2025-12-01,MP-0118,salida,105.6,CONS-114732,BOD-01,OP-06
2025-12-01,MP-0199,salida,99.9,CONS-114739,BOD-01,OP-05
2025-12-01,MP-0232,salida,89.4,CONS-114746,BOD-01,OP-04
2025-12-01,MP-0027,salida,10.1,CONS-114753,BOD-01,OP-01
2025-12-01,MP-0116,salida,30.3,CONS-114760,BOD-03,OP-03
2025-12-01,MP-0108,salida,68.0,CONS-114767,BOD-01,OP-02
2025-12-01,MP-0293,salida,53.3,CONS-114774,BOD-02,OP-04
2025-12-01,MP-0239,salida,25.3,CONS-114781,BOD-02,OP-03
2025-12-01,MP-0016,salida,45.7,CONS-114788,BOD-01,OP-02
2025-12-01,MP-0030,salida,6.8,CONS-114795,BOD-01,OP-01
2025-12-01,MP-0120,salida,32.5,CONS-114802,BOD-02,OP-04
2025-12-01,MP-0043,salida,18.8,CONS-114809,BOD-02,OP-04
2025-12-01,MP-0182,salida,66.6,CONS-114816,BOD-03,OP-05
2025-12-01,MP-0369,salida,37.8,CONS-114823,BOD-02,OP-06
2025-12-01,MP-0157,salida,58.4,CONS-114830,BOD-01,OP-02
2025-12-01,MP-0001,salida,65.1,CONS-114837,BOD-03,OP-06
2025-12-01,MP-0014,salida,52.9,CONS-114844,BOD-01,OP-06
2025-12-01,MP-0128,salida,118.0,CONS-114851,BOD-02,OP-01
2025-12-01,MP-0047,salida,28.0,CONS-114858,BOD-03,OP-06
2025-12-01,MP-0244,salida,31.5,CONS-114865,BOD-01,OP-06
2025-12-01,MP-0122,salida,14.0,CONS-114872,BOD-03,OP-06
2025-12-01,MP-0132,salida,23.3,CONS-114879,BOD-03,OP-01
2025-12-01,MP-0131,salida,8.6,CONS-114886,BOD-01,OP-03
2025-12-01,MP-0216,salida,18.0,CONS-114893,BOD-03,OP-06
2025-12-01,MP-0272,salida,2.3,CONS-114900,BOD-02,OP-06
2025-12-01,MP-0010,salida,22.8,CONS-114907,BOD-03,OP-06
2025-12-01,MP-0002,salida,13.0,CONS-114914,BOD-03,OP-01
2025-12-01,MP-0150,salida,18.1,CONS-114921,BOD-01,OP-01
2025-12-01,MP-0085,salida,21.0,CONS-114928,BOD-03,OP-06
2025-12-01,MP-0202,salida,27.8,CONS-114935,BOD-02,OP-05
2025-12-01,MP-0153,salida,12.8,CONS-114942,BOD-03,OP-02
2025-12-01,MP-0178,salida,6.0,CONS-114949,BOD-03,OP-05
2025-12-01,MP-0229,salida,28.5,CONS-114956,BOD-02,OP-01
2025-12-01,MP-0013,salida,59.6,CONS-114963,BOD-02,OP-04
2025-12-01,MP-0020,salida,88.2,CONS-114970,BOD-01,OP-06
2025-12-01,MP-0106,salida,39.2,CONS-114977,BOD-02,OP-06
2025-12-01,MP-0051,salida,133.9,CONS-114984,BOD-01,OP-05
2025-12-01,MP-0411,salida,59.2,CONS-114991,BOD-01,OP-03
2025-12-01,MP-0238,salida,55.7,CONS-114998,BOD-02,OP-05
2025-12-01,MP-0004,salida,55.9,CONS-115005,BOD-03,OP-01
2025-12-01,MP-0033,salida,49.4,CONS-115012,BOD-01,OP-04
2025-12-01,MP-0386,salida,69.3,CONS-115026,BOD-02,OP-03
2025-12-01,MP-0393,salida,22.2,CONS-115033,BOD-03,OP-04
2025-12-01,MP-0373,salida,157.2,CONS-115040,BOD-02,OP-05
2025-12-01,MP-0015,salida,20.1,CONS-115047,BOD-02,OP-02
2025-12-01,MP-0012,salida,30.4,CONS-115054,BOD-03,OP-01
2025-12-01,MP-0102,salida,37.3,CONS-115068,BOD-02,OP-05
2025-12-01,MP-0114,salida,-8.9,CONS-115075,BOD-02,OP-03
2025-12-01,MP-0325,salida,23.9,CONS-115082,BOD-03,OP-06
2025-12-01,MP-0193,salida,21.6,CONS-115089,BOD-01,OP-02
2025-12-01,MP-0330,salida,10.0,CONS-115096,BOD-02,OP-01
2025-12-01,MP-0024,salida,173.8,CONS-115103,BOD-01,OP-01
2025-12-01,MP-0117,salida,67.5,CONS-115110,BOD-03,OP-02
2025-12-01,MP-0060,salida,60.4,CONS-115117,BOD-03,OP-04
2025-12-01,MP-0162,salida,11.4,CONS-115131,BOD-02,OP-02
2025-12-01,MP-0009,salida,75.0,CONS-115138,BOD-01,OP-01
2025-12-01,MP-0076,salida,103.7,CONS-115145,BOD-03,OP-04
2025-12-01,MP-0077,salida,109.3,CONS-115152,BOD-02,OP-04
2025-12-01,MP-0273,salida,116.6,CONS-115159,BOD-01,OP-02
2025-12-01,MP-0026,salida,67.1,CONS-115166,BOD-02,OP-06
2025-12-01,MP-0111,salida,103.1,CONS-115173,BOD-03,OP-04
2025-12-01,MP-0071,salida,81.8,CONS-115180,BOD-01,OP-05
2025-12-01,MP-0388,salida,78.7,CONS-115187,BOD-02,OP-04
2025-12-01,MP-0227,salida,47.2,CONS-115194,BOD-02,OP-01
2025-12-01,MP-0088,salida,20.2,CONS-115201,BOD-03,OP-05
2025-12-01,MP-0143,salida,22.6,CONS-115208,BOD-02,OP-01
2025-12-01,MP-0181,salida,19.0,CONS-115215,BOD-02,OP-04
2025-12-01,MP-0385,salida,5.6,CONS-115222,BOD-01,OP-04
2025-12-01,MP-0321,salida,10.2,CONS-115229,BOD-02,OP-05
2025-12-01,MP-0343,salida,22.8,CONS-115236,BOD-03,OP-01
2025-12-01,MP-0036,salida,40.2,CONS-115243,BOD-01,OP-04
2025-12-01,MP-0080,salida,44.4,CONS-115250,BOD-02,OP-06
2025-12-01,MP-0139,salida,81.9,CONS-115257,BOD-03,OP-06
2025-12-01,MP-0356,salida,52.4,CONS-115264,BOD-03,OP-06
2025-12-01,MP-0339,salida,17.5,CONS-115271,BOD-02,OP-05
2025-12-01,MP-0078,salida,86.6,CONS-115278,BOD-02,OP-06
2025-12-01,MP-0059,salida,53.3,CONS-115285,BOD-02,OP-02
2025-12-01,MP-0211,salida,41.8,CONS-115292,BOD-02,OP-02
2025-12-01,MP-0340,salida,41.8,CONS-115299,BOD-02,OP-05
2025-12-01,MP-0390,salida,30.0,CONS-115306,BOD-01,OP-06
2025-12-01,MP-0268,salida,27.4,CONS-115313,BOD-03,OP-04
2025-12-01,MP-0039,salida,3.9,CONS-115320,BOD-01,OP-06
2025-12-01,MP-0032,salida,-7.7,CONS-115327,BOD-01,OP-04
2025-12-01,MP-0129,salida,26.1,CONS-115334,BOD-01,OP-01
2025-12-01,MP-0136,salida,22.5,CONS-115341,BOD-01,OP-03
2025-12-01,MP-0217,salida,19.8,CONS-115348,BOD-01,OP-02
2025-12-01,MP-0344,salida,32.9,CONS-115355,BOD-03,OP-05
2025-12-01,MP-0293,ajuste,29,AJU-120070,BOD-03,AUDIT
2025-12-02,MP-0031,entrada,663,REC-OC-5437,BOD-01,OP-04
2025-12-02,MP-0101,entrada,248,REC-OC-5926,BOD-02,OP-06
2025-12-03,MP-0147,entrada,480,REC-OC-6170,BOD-01,OP-01
2025-12-03,MP-0128,entrada,391,REC-OC-6052,BOD-02,OP-04
2025-12-03,MP-0216,entrada,94,REC-OC-6258,BOD-01,OP-04
2025-12-04,MP-0037,entrada,670,REC-OC-5546,BOD-03,OP-03
2025-12-04,MP-0192,entrada,35,REC-OC-6234,BOD-01,OP-05
2025-12-04,MP-0369,entrada,46,REC-OC-6418,BOD-03,OP-01
2025-12-04,MP-0144,entrada,137,REC-OC-6148,BOD-02,OP-03
2025-12-05,MP-0318,entrada,89,REC-OC-6366,BOD-02,OP-04
2025-12-05,MP-0019,salida,42.3,CONS-114586,BOD-03,OP-02
2025-12-05,MP-0022,salida,72.1,CONS-114593,BOD-01,OP-01
2025-12-05,MP-0094,salida,13.9,CONS-114600,BOD-03,OP-01
2025-12-05,MP-0074,salida,14.5,CONS-114607,BOD-01,OP-02
2025-12-05,MP-0370,salida,4.7,CONS-114614,BOD-01,OP-04
2025-12-05,MP-0299,salida,18.1,CONS-114621,BOD-02,OP-06
2025-12-05,MP-0309,salida,16.4,CONS-114628,BOD-01,OP-01
2025-12-05,MP-0418,salida,15.2,CONS-114635,BOD-02,OP-01
2025-12-05,MP-0008,salida,44.5,CONS-114642,BOD-01,OP-05
2025-12-05,MP-0133,salida,34.3,CONS-114656,BOD-01,OP-03
2025-12-05,MP-0101,salida,30.2,CONS-114663,BOD-02,OP-05
2025-12-05,MP-0149,salida,82.8,CONS-114670,BOD-02,OP-02
2025-12-05,MP-0189,salida,24.4,CONS-114677,BOD-02,OP-03
2025-12-05,MP-0254,salida,-35.5,CONS-114684,BOD-02,OP-04
2025-12-05,MP-0161,salida,13.3,CONS-114691,BOD-03,OP-03
2025-12-05,MP-0197,salida,32.1,CONS-114698,BOD-03,OP-03
2025-12-05,MP-0037,salida,97.3,CONS-114705,BOD-03,OP-03
2025-12-05,MP-0018,salida,16.2,CONS-114712,BOD-02,OP-01
2025-12-05,MP-0137,salida,81.6,CONS-114719,BOD-02,OP-06
2025-12-05,MP-0073,salida,117.5,CONS-114726,BOD-02,OP-05
2025-12-05,MP-0118,salida,105.6,CONS-114733,BOD-01,OP-04
2025-12-05,MP-0199,salida,99.9,CONS-114740,BOD-02,OP-06
2025-12-05,MP-0232,salida,89.4,CONS-114747,BOD-01,OP-05
2025-12-05,MP-0027,salida,10.1,CONS-114754,BOD-02,OP-05
2025-12-05,MP-0116,salida,30.3,CONS-114761,BOD-01,OP-06
2025-12-05,MP-0108,salida,68.0,CONS-114768,BOD-01,OP-06
2025-12-05,MP-0239,salida,25.3,CONS-114782,BOD-03,OP-01
2025-12-05,MP-0030,salida,6.8,CONS-114796,BOD-03,OP-05
2025-12-05,MP-0120,salida,32.5,CONS-114803,BOD-02,OP-03
2025-12-05,MP-0043,salida,18.8,CONS-114810,BOD-02,OP-04
2025-12-05,MP-0182,salida,66.6,CONS-114817,BOD-01,OP-04
2025-12-05,MP-0369,salida,37.8,CONS-114824,BOD-02,OP-01
2025-12-05,MP-0157,salida,-58.4,CONS-114831,BOD-02,OP-04
2025-12-05,MP-0001,salida,-65.1,CONS-114838,BOD-03,OP-03
2025-12-05,MP-0014,salida,52.9,CONS-114845,BOD-01,OP-05
2025-12-05,MP-0128,salida,118.0,CONS-114852,BOD-02,OP-03
2025-12-05,MP-0047,salida,28.0,CONS-114859,BOD-03,OP-02
2025-12-05,MP-0122,salida,14.0,CONS-114873,BOD-01,OP-02
2025-12-05,MP-0132,salida,23.3,CONS-114880,BOD-02,OP-04
2025-12-05,MP-0131,salida,8.6,CONS-114887,BOD-03,OP-06
2025-12-05,MP-0216,salida,18.0,CONS-114894,BOD-01,OP-06
2025-12-05,MP-0272,salida,2.3,CONS-114901,BOD-02,OP-03
2025-12-05,MP-0010,salida,22.8,CONS-114908,BOD-02,OP-01
2025-12-05,MP-0002,salida,13.0,CONS-114915,BOD-01,OP-01
2025-12-05,MP-0150,salida,18.1,CONS-114922,BOD-02,OP-01
2025-12-05,MP-0085,salida,21.0,CONS-114929,BOD-03,OP-04
2025-12-05,MP-0202,salida,27.8,CONS-114936,BOD-02,OP-04
2025-12-05,MP-0153,salida,-12.8,CONS-114943,BOD-03,OP-02
2025-12-05,MP-0178,salida,6.0,CONS-114950,BOD-03,OP-06
2025-12-05,MP-0229,salida,28.5,CONS-114957,BOD-02,OP-03
2025-12-05,MP-0013,salida,59.6,CONS-114964,BOD-02,OP-01
2025-12-05,MP-0020,salida,88.2,CONS-114971,BOD-01,OP-04
2025-12-05,MP-0106,salida,39.2,CONS-114978,BOD-03,OP-06
2025-12-05,MP-0051,salida,133.9,CONS-114985,BOD-01,OP-02
2025-12-05,MP-0411,salida,59.2,CONS-114992,BOD-01,OP-06
2025-12-05,MP-0238,salida,55.7,CONS-114999,BOD-01,OP-06
2025-12-05,MP-0004,salida,55.9,CONS-115006,BOD-02,OP-02
2025-12-05,MP-0033,salida,49.4,CONS-115013,BOD-02,OP-04
2025-12-05,MP-0045,salida,31.3,CONS-115020,BOD-02,OP-03
2025-12-05,MP-0386,salida,-69.3,CONS-115027,BOD-02,OP-04
2025-12-05,MP-0393,salida,22.2,CONS-115034,BOD-01,OP-05
2025-12-05,MP-0373,salida,157.2,CONS-115041,BOD-01,OP-03
2025-12-05,MP-0012,salida,30.4,CONS-115055,BOD-01,OP-04
2025-12-05,MP-0142,salida,30.6,CONS-115062,BOD-03,OP-05
2025-12-05,MP-0102,salida,37.3,CONS-115069,BOD-02,OP-02
2025-12-05,MP-0114,salida,8.9,CONS-115076,BOD-02,OP-03
2025-12-05,MP-0325,salida,23.9,CONS-115083,BOD-03,OP-06
2025-12-05,MP-0330,salida,10.0,CONS-115097,BOD-01,OP-04
2025-12-05,MP-0024,salida,173.8,CONS-115104,BOD-01,OP-06
2025-12-05,MP-0117,salida,67.5,CONS-115111,BOD-01,OP-01
2025-12-05,MP-0060,salida,60.4,CONS-115118,BOD-03,OP-03
2025-12-05,MP-0357,salida,74.3,CONS-115125,BOD-01,OP-06
2025-12-05,MP-0162,salida,11.4,CONS-115132,BOD-02,OP-01
2025-12-05,MP-0009,salida,75.0,CONS-115139,BOD-01,OP-04
2025-12-05,MP-0077,salida,109.3,CONS-115153,BOD-02,OP-03
2025-12-05,MP-0273,salida,116.6,CONS-115160,BOD-03,OP-06
2025-12-05,MP-0026,salida,67.1,CONS-115167,BOD-01,OP-02
2025-12-05,MP-0111,salida,103.1,CONS-115174,BOD-02,OP-06
2025-12-05,MP-0388,salida,78.7,CONS-115188,BOD-01,OP-03
2025-12-05,MP-0227,salida,47.2,CONS-115195,BOD-02,OP-01
2025-12-05,MP-0088,salida,20.2,CONS-115202,BOD-01,OP-04
2025-12-05,MP-0143,salida,22.6,CONS-115209,BOD-01,OP-05
2025-12-05,MP-0181,salida,19.0,CONS-115216,BOD-01,OP-05
2025-12-05,MP-0385,salida,5.6,CONS-115223,BOD-01,OP-04
2025-12-05,MP-0321,salida,10.2,CONS-115230,BOD-03,OP-02
2025-12-05,MP-0343,salida,22.8,CONS-115237,BOD-02,OP-03
2025-12-05,MP-0036,salida,40.2,CONS-115244,BOD-02,OP-01
2025-12-05,MP-0080,salida,44.4,CONS-115251,BOD-02,OP-04
2025-12-05,MP-0139,salida,81.9,CONS-115258,BOD-01,OP-06
2025-12-05,MP-0356,salida,52.4,CONS-115265,BOD-02,OP-05
2025-12-05,MP-0339,salida,17.5,CONS-115272,BOD-03,OP-04
2025-12-05,MP-0059,salida,53.3,CONS-115286,BOD-02,OP-03
2025-12-05,MP-0211,salida,41.8,CONS-115293,BOD-02,OP-02
2025-12-05,MP-0390,salida,30.0,CONS-115307,BOD-01,OP-05
2025-12-05,MP-0268,salida,27.4,CONS-115314,BOD-03,OP-05
2025-12-05,MP-0039,salida,3.9,CONS-115321,BOD-03,OP-02
2025-12-05,MP-0032,salida,7.7,CONS-115328,BOD-03,OP-03
2025-12-05,MP-0129,salida,26.1,CONS-115335,BOD-03,OP-06
2025-12-05,MP-0136,salida,22.5,CONS-115342,BOD-03,OP-05
2025-12-05,MP-0217,salida,19.8,CONS-115349,BOD-02,OP-05
2025-12-05,MP-0344,salida,32.9,CONS-115356,BOD-01,OP-05
2025-12-06,MP-0137,entrada,471,REC-OC-6115,BOD-01,OP-05
2025-12-06,MP-0300,entrada,94,REC-OC-6345,BOD-01,OP-06
2025-12-06,MP-0040,entrada,1344,REC-OC-5591,BOD-03,OP-05
2025-12-06,MP-0014,entrada,1404,REC-OC-5186,BOD-02,OP-02
2025-12-07,MP-0016,entrada,1057,REC-OC-5214,BOD-03,OP-03
2025-12-07,MP-0154,ajuste,-10,AJU-120078,BOD-03,AUDIT
2025-12-08,MP-0024,entrada,1329,REC-OC-5349,BOD-03,OP-03
2025-12-09,MP-0045,entrada,424,REC-OC-5620,BOD-02,OP-03
2025-12-09,MP-0035,entrada,1376,REC-OC-5522,BOD-03,OP-02
2025-12-09,MP-0019,salida,42.3,CONS-114587,BOD-02,OP-05
2025-12-09,MP-0022,salida,72.1,CONS-114594,BOD-03,OP-04
2025-12-09,MP-0094,salida,13.9,CONS-114601,BOD-03,OP-02
2025-12-09,MP-0074,salida,14.5,CONS-114608,BOD-01,OP-06
2025-12-09,MP-0370,salida,4.7,CONS-114615,BOD-03,OP-06
2025-12-09,MP-0299,salida,18.1,CONS-114622,BOD-03,OP-01
2025-12-09,MP-0309,salida,16.4,CONS-114629,BOD-03,OP-05
2025-12-09,MP-0418,salida,15.2,CONS-114636,BOD-03,OP-03
2025-12-09,MP-0008,salida,44.5,CONS-114643,BOD-03,OP-05
2025-12-09,MP-0005,salida,26.8,CONS-114650,BOD-02,OP-03
2025-12-09,MP-0133,salida,34.3,CONS-114657,BOD-01,OP-03
2025-12-09,MP-0101,salida,30.2,CONS-114664,BOD-01,OP-05
2025-12-09,MP-0149,salida,82.8,CONS-114671,BOD-02,OP-06
2025-12-09,MP-0189,salida,24.4,CONS-114678,BOD-03,OP-06
2025-12-09,MP-0254,salida,35.5,CONS-114685,BOD-02,OP-01
2025-12-09,MP-0161,salida,13.3,CONS-114692,BOD-01,OP-06
2025-12-09,MP-0197,salida,32.1,CONS-114699,BOD-02,OP-03
2025-12-09,MP-0037,salida,97.3,CONS-114706,BOD-03,OP-03
2025-12-09,MP-0018,salida,16.2,CONS-114713,BOD-02,OP-01
2025-12-09,MP-0137,salida,81.6,CONS-114720,BOD-03,OP-05
2025-12-09,MP-0073,salida,117.5,CONS-114727,BOD-01,OP-03
2025-12-09,MP-0118,salida,105.6,CONS-114734,BOD-01,OP-05
2025-12-09,MP-0199,salida,99.9,CONS-114741,BOD-03,OP-04
2025-12-09,MP-0232,salida,89.4,CONS-114748,BOD-03,OP-03
2025-12-09,MP-0027,salida,10.1,CONS-114755,BOD-03,OP-02
2025-12-09,MP-0116,salida,30.3,CONS-114762,BOD-01,OP-03
2025-12-09,MP-0108,salida,68.0,CONS-114769,BOD-01,OP-06
2025-12-09,MP-0293,salida,53.3,CONS-114776,BOD-02,OP-02
2025-12-09,MP-0239,salida,25.3,CONS-114783,BOD-02,OP-04
2025-12-09,MP-0016,salida,45.7,CONS-114790,BOD-03,OP-04
2025-12-09,MP-0030,salida,6.8,CONS-114797,BOD-03,OP-02
2025-12-09,MP-0120,salida,32.5,CONS-114804,BOD-03,OP-03
2025-12-09,MP-0043,salida,18.8,CONS-114811,BOD-01,OP-01
2025-12-09,MP-0182,salida,66.6,CONS-114818,BOD-03,OP-03
2025-12-09,MP-0369,salida,37.8,CONS-114825,BOD-01,OP-04
2025-12-09,MP-0157,salida,58.4,CONS-114832,BOD-02,OP-03
2025-12-09,MP-0001,salida,65.1,CONS-114839,BOD-02,OP-03
2025-12-09,MP-0014,salida,52.9,CONS-114846,BOD-01,OP-04
2025-12-09,MP-0128,salida,118.0,CONS-114853,BOD-01,OP-03
2025-12-09,MP-0047,salida,28.0,CONS-114860,BOD-02,OP-03
2025-12-09,MP-0244,salida,31.5,CONS-114867,BOD-01,OP-02
2025-12-09,MP-0122,salida,14.0,CONS-114874,BOD-01,OP-04
2025-12-09,MP-0132,salida,23.3,CONS-114881,BOD-01,OP-04
2025-12-09,MP-0216,salida,18.0,CONS-114895,BOD-03,OP-02
2025-12-09,MP-0272,salida,-2.3,CONS-114902,BOD-01,OP-06
2025-12-09,MP-0010,salida,22.8,CONS-114909,BOD-02,OP-06
2025-12-09,MP-0150,salida,18.1,CONS-114923,BOD-01,OP-03
2025-12-09,MP-0085,salida,21.0,CONS-114930,BOD-01,OP-03
2025-12-09,MP-0202,salida,27.8,CONS-114937,BOD-01,OP-05
2025-12-09,MP-0153,salida,12.8,CONS-114944,BOD-03,OP-03
2025-12-09,MP-0178,salida,6.0,CONS-114951,BOD-02,OP-01
2025-12-09,MP-0229,salida,28.5,CONS-114958,BOD-03,OP-02
2025-12-09,MP-0020,salida,88.2,CONS-114972,BOD-03,OP-04
2025-12-09,MP-0106,salida,39.2,CONS-114979,BOD-02,OP-05
2025-12-09,MP-0051,salida,133.9,CONS-114986,BOD-01,OP-03
2025-12-09,MP-0411,salida,59.2,CONS-114993,BOD-01,OP-01
2025-12-09,MP-0004,salida,-55.9,CONS-115007,BOD-03,OP-02
2025-12-09,MP-0033,salida,49.4,CONS-115014,BOD-01,OP-03
2025-12-09,MP-0045,salida,31.3,CONS-115021,BOD-03,OP-03
2025-12-09,MP-0386,salida,69.3,CONS-115028,BOD-03,OP-05
2025-12-09,MP-0393,salida,22.2,CONS-115035,BOD-01,OP-06
2025-12-09,MP-0373,salida,157.2,CONS-115042,BOD-03,OP-04
2025-12-09,MP-0015,salida,20.1,CONS-115049,BOD-01,OP-02
2025-12-09,MP-0012,salida,30.4,CONS-115056,BOD-02,OP-03
2025-12-09,MP-0102,salida,37.3,CONS-115070,BOD-02,OP-05
2025-12-09,MP-0114,salida,8.9,CONS-115077,BOD-02,OP-04
2025-12-09,MP-0325,salida,23.9,CONS-115084,BOD-01,OP-04
2025-12-09,MP-0193,salida,21.6,CONS-115091,BOD-03,OP-06
2025-12-09,MP-0330,salida,10.0,CONS-115098,BOD-03,OP-06
2025-12-09,MP-0024,salida,173.8,CONS-115105,BOD-01,OP-05
2025-12-09,MP-0117,salida,67.5,CONS-115112,BOD-01,OP-01
2025-12-09,MP-0060,salida,60.4,CONS-115119,BOD-02,OP-03
2025-12-09,MP-0357,salida,74.3,CONS-115126,BOD-01,OP-04
2025-12-09,MP-0162,salida,11.4,CONS-115133,BOD-02,OP-02
2025-12-09,MP-0009,salida,75.0,CONS-115140,BOD-03,OP-04
2025-12-09,MP-0076,salida,103.7,CONS-115147,BOD-01,OP-01
2025-12-09,MP-0077,salida,109.3,CONS-115154,BOD-02,OP-02
2025-12-09,MP-0273,salida,116.6,CONS-115161,BOD-02,OP-02
2025-12-09,MP-0026,salida,67.1,CONS-115168,BOD-01,OP-01
2025-12-09,MP-0111,salida,103.1,CONS-115175,BOD-01,OP-05
2025-12-09,MP-0071,salida,81.8,CONS-115182,BOD-01,OP-06
2025-12-09,MP-0388,salida,78.7,CONS-115189,BOD-03,OP-03
2025-12-09,MP-0227,salida,47.2,CONS-115196,BOD-01,OP-05
2025-12-09,MP-0088,salida,20.2,CONS-115203,BOD-01,OP-04
2025-12-09,MP-0143,salida,22.6,CONS-115210,BOD-01,OP-06
2025-12-09,MP-0181,salida,19.0,CONS-115217,BOD-02,OP-02
2025-12-09,MP-0321,salida,10.2,CONS-115231,BOD-01,OP-04
2025-12-09,MP-0343,salida,22.8,CONS-115238,BOD-01,OP-06
2025-12-09,MP-0036,salida,40.2,CONS-115245,BOD-01,OP-01
2025-12-09,MP-0080,salida,44.4,CONS-115252,BOD-03,OP-02
2025-12-09,MP-0139,salida,81.9,CONS-115259,BOD-03,OP-02
2025-12-09,MP-0356,salida,52.4,CONS-115266,BOD-02,OP-03
2025-12-09,MP-0339,salida,17.5,CONS-115273,BOD-03,OP-05
2025-12-09,MP-0078,salida,86.6,CONS-115280,BOD-02,OP-01
2025-12-09,MP-0059,salida,53.3,CONS-115287,BOD-01,OP-02
2025-12-09,MP-0340,salida,41.8,CONS-115301,BOD-03,OP-04
2025-12-09,MP-0390,salida,30.0,CONS-115308,BOD-02,OP-01
2025-12-09,MP-0268,salida,27.4,CONS-115315,BOD-02,OP-05
2025-12-09,MP-0039,salida,3.9,CONS-115322,BOD-02,OP-05
2025-12-09,MP-0129,salida,26.1,CONS-115336,BOD-01,OP-03
2025-12-09,MP-0136,salida,22.5,CONS-115343,BOD-01,OP-05
2025-12-09,MP-0217,salida,19.8,CONS-115350,BOD-01,OP-01
2025-12-09,MP-0344,salida,32.9,CONS-115357,BOD-03,OP-03
2025-12-10,MP-0029,entrada,1255,REC-OC-5403,BOD-02,OP-01
2025-12-10,MP-0084,entrada,512,REC-OC-5813,BOD-02,OP-06
2025-12-10,MP-0001,entrada,523,REC-OC-5008,BOD-01,OP-01
2025-12-12,MP-0004,entrada,883,REC-OC-5040,BOD-03,OP-06
2025-12-12,MP-0051,entrada,348,REC-OC-5656,BOD-02,OP-01
2025-12-13,MP-0019,salida,42.3,CONS-114588,BOD-01,OP-06
2025-12-13,MP-0022,salida,72.1,CONS-114595,BOD-02,OP-02
2025-12-13,MP-0094,salida,13.9,CONS-114602,BOD-01,OP-06
2025-12-13,MP-0370,salida,4.7,CONS-114616,BOD-02,OP-06
2025-12-13,MP-0299,salida,18.1,CONS-114623,BOD-01,OP-06
2025-12-13,MP-0309,salida,16.4,CONS-114630,BOD-03,OP-01
2025-12-13,MP-0418,salida,-15.2,CONS-114637,BOD-02,OP-06
2025-12-13,MP-0008,salida,44.5,CONS-114644,BOD-01,OP-05
2025-12-13,MP-0005,salida,26.8,CONS-114651,BOD-01,OP-01
2025-12-13,MP-0133,salida,34.3,CONS-114658,BOD-03,OP-03
2025-12-13,MP-0101,salida,30.2,CONS-114665,BOD-02,OP-04
2025-12-13,MP-0149,salida,82.8,CONS-114672,BOD-03,OP-05
2025-12-13,MP-0189,salida,24.4,CONS-114679,BOD-02,OP-04
2025-12-13,MP-0254,salida,35.5,CONS-114686,BOD-01,OP-01
2025-12-13,MP-0161,salida,13.3,CONS-114693,BOD-02,OP-03
2025-12-13,MP-0197,salida,32.1,CONS-114700,BOD-03,OP-04
2025-12-13,MP-0037,salida,97.3,CONS-114707,BOD-02,OP-06
2025-12-13,MP-0018,salida,16.2,CONS-114714,BOD-02,OP-01
2025-12-13,MP-0137,salida,81.6,CONS-114721,BOD-01,OP-04
2025-12-13,MP-0073,salida,117.5,CONS-114728,BOD-02,OP-01
2025-12-13,MP-0118,salida,105.6,CONS-114735,BOD-02,OP-03
2025-12-13,MP-0199,salida,99.9,CONS-114742,BOD-02,OP-05
2025-12-13,MP-0232,salida,89.4,CONS-114749,BOD-02,OP-02
2025-12-13,MP-0027,salida,10.1,CONS-114756,BOD-01,OP-02
2025-12-13,MP-0116,salida,30.3,CONS-114763,BOD-03,OP-01
2025-12-13,MP-0108,salida,68.0,CONS-114770,BOD-02,OP-02
2025-12-13,MP-0293,salida,53.3,CONS-114777,BOD-03,OP-02
2025-12-13,MP-0239,salida,25.3,CONS-114784,BOD-02,OP-06
2025-12-13,MP-0016,salida,45.7,CONS-114791,BOD-02,OP-06
2025-12-13,MP-0030,salida,6.8,CONS-114798,BOD-03,OP-03
2025-12-13,MP-0120,salida,32.5,CONS-114805,BOD-03,OP-01
2025-12-13,MP-0043,salida,18.8,CONS-114812,BOD-01,OP-03
2025-12-13,MP-0182,salida,66.6,CONS-114819,BOD-03,OP-05
2025-12-13,MP-0369,salida,37.8,CONS-114826,BOD-03,OP-04
2025-12-13,MP-0157,salida,58.4,CONS-114833,BOD-01,OP-03
2025-12-13,MP-0001,salida,65.1,CONS-114840,BOD-03,OP-02
2025-12-13,MP-0014,salida,-52.9,CONS-114847,BOD-01,OP-03
2025-12-13,MP-0244,salida,31.5,CONS-114868,BOD-02,OP-06
2025-12-13,MP-0122,salida,14.0,CONS-114875,BOD-03,OP-03
2025-12-13,MP-0132,salida,23.3,CONS-114882,BOD-02,OP-02
2025-12-13,MP-0216,salida,18.0,CONS-114896,BOD-03,OP-05
2025-12-13,MP-0272,salida,2.3,CONS-114903,BOD-02,OP-05
2025-12-13,MP-0010,salida,-22.8,CONS-114910,BOD-02,OP-02
2025-12-13,MP-0002,salida,13.0,CONS-114917,BOD-03,OP-05
2025-12-13,MP-0150,salida,-18.1,CONS-114924,BOD-03,OP-03
2025-12-13,MP-0085,salida,21.0,CONS-114931,BOD-01,OP-06
2025-12-13,MP-0202,salida,27.8,CONS-114938,BOD-02,OP-01
2025-12-13,MP-0178,salida,6.0,CONS-114952,BOD-02,OP-02
2025-12-13,MP-0229,salida,28.5,CONS-114959,BOD-02,OP-05
2025-12-13,MP-0013,salida,59.6,CONS-114966,BOD-02,OP-01
2025-12-13,MP-0020,salida,88.2,CONS-114973,BOD-02,OP-04
2025-12-13,MP-0106,salida,39.2,CONS-114980,BOD-03,OP-03
2025-12-13,MP-0051,salida,133.9,CONS-114987,BOD-02,OP-03
2025-12-13,MP-0411,salida,59.2,CONS-114994,BOD-02,OP-06
2025-12-13,MP-0238,salida,55.7,CONS-115001,BOD-02,OP-04
2025-12-13,MP-0004,salida,55.9,CONS-115008,BOD-01,OP-05
2025-12-13,MP-0033,salida,49.4,CONS-115015,BOD-01,OP-02
2025-12-13,MP-0045,salida,31.3,CONS-115022,BOD-03,OP-05
2025-12-13,MP-0386,salida,69.3,CONS-115029,BOD-01,OP-01
2025-12-13,MP-0393,salida,22.2,CONS-115036,BOD-03,OP-01
2025-12-13,MP-0373,salida,157.2,CONS-115043,BOD-01,OP-02
2025-12-13,MP-0015,salida,20.1,CONS-115050,BOD-03,OP-02
2025-12-13,MP-0012,salida,30.4,CONS-115057,BOD-03,OP-06
2025-12-13,MP-0142,salida,30.6,CONS-115064,BOD-03,OP-02
2025-12-13,MP-0102,salida,37.3,CONS-115071,BOD-03,OP-01
2025-12-13,MP-0114,salida,8.9,CONS-115078,BOD-01,OP-01
2025-12-13,MP-0325,salida,23.9,CONS-115085,BOD-02,OP-03
2025-12-13,MP-0193,salida,21.6,CONS-115092,BOD-02,OP-02
2025-12-13,MP-0330,salida,10.0,CONS-115099,BOD-01,OP-04
2025-12-13,MP-0024,salida,173.8,CONS-115106,BOD-02,OP-01
2025-12-13,MP-0117,salida,67.5,CONS-115113,BOD-02,OP-04
2025-12-13,MP-0060,salida,60.4,CONS-115120,BOD-03,OP-05
2025-12-13,MP-0357,salida,74.3,CONS-115127,BOD-01,OP-05
2025-12-13,MP-0162,salida,11.4,CONS-115134,BOD-03,OP-02
2025-12-13,MP-0009,salida,75.0,CONS-115141,BOD-02,OP-02
2025-12-13,MP-0076,salida,103.7,CONS-115148,BOD-01,OP-02
2025-12-13,MP-0077,salida,109.3,CONS-115155,BOD-03,OP-04
2025-12-13,MP-0273,salida,116.6,CONS-115162,BOD-02,OP-03
2025-12-13,MP-0026,salida,67.1,CONS-115169,BOD-01,OP-02
2025-12-13,MP-0111,salida,103.1,CONS-115176,BOD-03,OP-05
2025-12-13,MP-0071,salida,81.8,CONS-115183,BOD-01,OP-02
2025-12-13,MP-0388,salida,78.7,CONS-115190,BOD-03,OP-04
2025-12-13,MP-0227,salida,-47.2,CONS-115197,BOD-02,OP-02
2025-12-13,MP-0088,salida,20.2,CONS-115204,BOD-03,OP-01
2025-12-13,MP-0143,salida,22.6,CONS-115211,BOD-03,OP-05
2025-12-13,MP-0181,salida,19.0,CONS-115218,BOD-03,OP-01
2025-12-13,MP-0385,salida,5.6,CONS-115225,BOD-01,OP-03
2025-12-13,MP-0321,salida,10.2,CONS-115232,BOD-01,OP-01
2025-12-13,MP-0343,salida,22.8,CONS-115239,BOD-03,OP-05
2025-12-13,MP-0036,salida,40.2,CONS-115246,BOD-03,OP-06
2025-12-13,MP-0080,salida,44.4,CONS-115253,BOD-02,OP-05
2025-12-13,MP-0139,salida,81.9,CONS-115260,BOD-03,OP-01
2025-12-13,MP-0356,salida,52.4,CONS-115267,BOD-01,OP-03
2025-12-13,MP-0339,salida,17.5,CONS-115274,BOD-03,OP-02
2025-12-13,MP-0078,salida,86.6,CONS-115281,BOD-01,OP-01
2025-12-13,MP-0059,salida,53.3,CONS-115288,BOD-03,OP-04
2025-12-13,MP-0211,salida,41.8,CONS-115295,BOD-01,OP-04
2025-12-13,MP-0340,salida,41.8,CONS-115302,BOD-02,OP-06
2025-12-13,MP-0390,salida,30.0,CONS-115309,BOD-02,OP-02
2025-12-13,MP-0268,salida,27.4,CONS-115316,BOD-01,OP-02
2025-12-13,MP-0039,salida,3.9,CONS-115323,BOD-03,OP-02
2025-12-13,MP-0032,salida,7.7,CONS-115330,BOD-01,OP-06
2025-12-13,MP-0129,salida,26.1,CONS-115337,BOD-01,OP-04
2025-12-13,MP-0136,salida,22.5,CONS-115344,BOD-02,OP-02
2025-12-13,MP-0217,salida,19.8,CONS-115351,BOD-02,OP-06
2025-12-13,MP-0344,salida,32.9,CONS-115358,BOD-02,OP-01
2025-12-13,MP-0212,ajuste,-2,AJU-120079,BOD-01,AUDIT
2025-12-14,MP-0034,entrada,1667,REC-OC-5507,BOD-01,OP-04
2025-12-15,MP-0126,entrada,347,REC-OC-6043,BOD-01,OP-06
2025-12-15,MP-0373,entrada,57,REC-OC-6422,BOD-03,OP-01
2025-12-15,MP-0011,entrada,1886,REC-OC-5134,BOD-01,OP-02
2025-12-15,MP-0263,entrada,32,REC-OC-6307,BOD-03,OP-05
2025-12-15,MP-0006,entrada,869,REC-OC-5074,BOD-03,OP-06
2025-12-17,MP-0022,salida,72.1,CONS-114596,BOD-01,OP-02
2025-12-17,MP-0094,salida,13.9,CONS-114603,BOD-03,OP-06
2025-12-17,MP-0074,salida,14.5,CONS-114610,BOD-03,OP-05
2025-12-17,MP-0370,salida,4.7,CONS-114617,BOD-03,OP-03
2025-12-17,MP-0299,salida,18.1,CONS-114624,BOD-03,OP-06
2025-12-17,MP-0309,salida,16.4,CONS-114631,BOD-02,OP-06
2025-12-17,MP-0418,salida,15.2,CONS-114638,BOD-03,OP-02
2025-12-17,MP-0008,salida,44.5,CONS-114645,BOD-01,OP-04
2025-12-17,MP-0005,salida,26.8,CONS-114652,BOD-01,OP-02
2025-12-17,MP-0133,salida,34.3,CONS-114659,BOD-01,OP-04
2025-12-17,MP-0101,salida,30.2,CONS-114666,BOD-02,OP-06
2025-12-17,MP-0149,salida,82.8,CONS-114673,BOD-02,OP-04
2025-12-17,MP-0254,salida,35.5,CONS-114687,BOD-03,OP-04
2025-12-17,MP-0161,salida,13.3,CONS-114694,BOD-01,OP-03
2025-12-17,MP-0197,salida,32.1,CONS-114701,BOD-01,OP-03
2025-12-17,MP-0037,salida,97.3,CONS-114708,BOD-03,OP-03
2025-12-17,MP-0018,salida,16.2,CONS-114715,BOD-01,OP-02
2025-12-17,MP-0137,salida,81.6,CONS-114722,BOD-02,OP-05
2025-12-17,MP-0073,salida,117.5,CONS-114729,BOD-02,OP-04
2025-12-17,MP-0118,salida,105.6,CONS-114736,BOD-01,OP-02
2025-12-17,MP-0199,salida,99.9,CONS-114743,BOD-01,OP-01
2025-12-17,MP-0232,salida,89.4,CONS-114750,BOD-01,OP-02
2025-12-17,MP-0027,salida,10.1,CONS-114757,BOD-02,OP-05
2025-12-17,MP-0116,salida,30.3,CONS-114764,BOD-03,OP-02
2025-12-17,MP-0108,salida,68.0,CONS-114771,BOD-01,OP-01
2025-12-17,MP-0293,salida,53.3,CONS-114778,BOD-03,OP-01
2025-12-17,MP-0239,salida,25.3,CONS-114785,BOD-02,OP-04
2025-12-17,MP-0016,salida,45.7,CONS-114792,BOD-01,OP-04
2025-12-17,MP-0030,salida,6.8,CONS-114799,BOD-03,OP-03
2025-12-17,MP-0120,salida,32.5,CONS-114806,BOD-02,OP-04
2025-12-17,MP-0182,salida,66.6,CONS-114820,BOD-02,OP-03
2025-12-17,MP-0369,salida,37.8,CONS-114827,BOD-01,OP-03
2025-12-17,MP-0157,salida,58.4,CONS-114834,BOD-02,OP-02
2025-12-17,MP-0001,salida,65.1,CONS-114841,BOD-01,OP-04
2025-12-17,MP-0014,salida,52.9,CONS-114848,BOD-01,OP-06
2025-12-17,MP-0128,salida,118.0,CONS-114855,BOD-01,OP-04
2025-12-17,MP-0047,salida,28.0,CONS-114862,BOD-02,OP-06
2025-12-17,MP-0244,salida,31.5,CONS-114869,BOD-01,OP-06
2025-12-17,MP-0122,salida,14.0,CONS-114876,BOD-03,OP-01
2025-12-17,MP-0132,salida,23.3,CONS-114883,BOD-01,OP-01
2025-12-17,MP-0131,salida,8.6,CONS-114890,BOD-01,OP-03
2025-12-17,MP-0216,salida,18.0,CONS-114897,BOD-01,OP-02
2025-12-17,MP-0272,salida,2.3,CONS-114904,BOD-01,OP-03
2025-12-17,MP-0010,salida,22.8,CONS-114911,BOD-02,OP-06
2025-12-17,MP-0150,salida,18.1,CONS-114925,BOD-03,OP-03
2025-12-17,MP-0085,salida,21.0,CONS-114932,BOD-01,OP-06
2025-12-17,MP-0202,salida,27.8,CONS-114939,BOD-01,OP-03
2025-12-17,MP-0153,salida,12.8,CONS-114946,BOD-01,OP-05
2025-12-17,MP-0178,salida,6.0,CONS-114953,BOD-03,OP-01
2025-12-17,MP-0013,salida,59.6,CONS-114967,BOD-03,OP-06
2025-12-17,MP-0020,salida,88.2,CONS-114974,BOD-03,OP-05
2025-12-17,MP-0106,salida,39.2,CONS-114981,BOD-02,OP-06
2025-12-17,MP-0051,salida,133.9,CONS-114988,BOD-03,OP-05
2025-12-17,MP-0411,salida,59.2,CONS-114995,BOD-02,OP-01
2025-12-17,MP-0238,salida,55.7,CONS-115002,BOD-02,OP-02
2025-12-17,MP-0004,salida,55.9,CONS-115009,BOD-03,OP-03
2025-12-17,MP-0033,salida,49.4,CONS-115016,BOD-01,OP-04
2025-12-17,MP-0045,salida,31.3,CONS-115023,BOD-01,OP-05
2025-12-17,MP-0386,salida,69.3,CONS-115030,BOD-01,OP-03
2025-12-17,MP-0393,salida,22.2,CONS-115037,BOD-02,OP-04
2025-12-17,MP-0373,salida,157.2,CONS-115044,BOD-01,OP-03
2025-12-17,MP-0015,salida,20.1,CONS-115051,BOD-02,OP-06
2025-12-17,MP-0012,salida,30.4,CONS-115058,BOD-02,OP-05
2025-12-17,MP-0142,salida,30.6,CONS-115065,BOD-03,OP-06
2025-12-17,MP-0102,salida,37.3,CONS-115072,BOD-03,OP-05
2025-12-17,MP-0114,salida,8.9,CONS-115079,BOD-02,OP-01
2025-12-17,MP-0325,salida,23.9,CONS-115086,BOD-02,OP-03
2025-12-17,MP-0193,salida,21.6,CONS-115093,BOD-01,OP-05
2025-12-17,MP-0330,salida,10.0,CONS-115100,BOD-01,OP-03
2025-12-17,MP-0024,salida,173.8,CONS-115107,BOD-03,OP-03
2025-12-17,MP-0117,salida,67.5,CONS-115114,BOD-02,OP-05
2025-12-17,MP-0060,salida,60.4,CONS-115121,BOD-03,OP-06
2025-12-17,MP-0357,salida,74.3,CONS-115128,BOD-01,OP-06
2025-12-17,MP-0162,salida,11.4,CONS-115135,BOD-01,OP-03
2025-12-17,MP-0009,salida,75.0,CONS-115142,BOD-02,OP-03
2025-12-17,MP-0077,salida,109.3,CONS-115156,BOD-02,OP-02
2025-12-17,MP-0273,salida,116.6,CONS-115163,BOD-03,OP-04
2025-12-17,MP-0026,salida,67.1,CONS-115170,BOD-01,OP-03
2025-12-17,MP-0111,salida,103.1,CONS-115177,BOD-03,OP-04
2025-12-17,MP-0071,salida,81.8,CONS-115184,BOD-01,OP-01
2025-12-17,MP-0388,salida,78.7,CONS-115191,BOD-01,OP-01
2025-12-17,MP-0227,salida,47.2,CONS-115198,BOD-03,OP-05
2025-12-17,MP-0088,salida,20.2,CONS-115205,BOD-01,OP-06
2025-12-17,MP-0143,salida,22.6,CONS-115212,BOD-01,OP-03
2025-12-17,MP-0181,salida,19.0,CONS-115219,BOD-02,OP-01
2025-12-17,MP-0385,salida,5.6,CONS-115226,BOD-01,OP-01
2025-12-17,MP-0321,salida,10.2,CONS-115233,BOD-01,OP-04
2025-12-17,MP-0343,salida,22.8,CONS-115240,BOD-03,OP-04
2025-12-17,MP-0036,salida,40.2,CONS-115247,BOD-02,OP-01
2025-12-17,MP-0080,salida,44.4,CONS-115254,BOD-03,OP-04
2025-12-17,MP-0139,salida,81.9,CONS-115261,BOD-02,OP-04
2025-12-17,MP-0356,salida,52.4,CONS-115268,BOD-01,OP-01
2025-12-17,MP-0339,salida,17.5,CONS-115275,BOD-02,OP-04
2025-12-17,MP-0078,salida,86.6,CONS-115282,BOD-03,OP-04
2025-12-17,MP-0211,salida,41.8,CONS-115296,BOD-03,OP-01
2025-12-17,MP-0340,salida,41.8,CONS-115303,BOD-03,OP-01
2025-12-17,MP-0390,salida,30.0,CONS-115310,BOD-02,OP-01
2025-12-17,MP-0268,salida,27.4,CONS-115317,BOD-02,OP-06
2025-12-17,MP-0039,salida,3.9,CONS-115324,BOD-03,OP-02
2025-12-17,MP-0032,salida,7.7,CONS-115331,BOD-03,OP-05
2025-12-17,MP-0129,salida,26.1,CONS-115338,BOD-03,OP-06
2025-12-17,MP-0217,salida,19.8,CONS-115352,BOD-01,OP-02
2025-12-17,MP-0344,salida,32.9,CONS-115359,BOD-02,OP-02
2025-12-19,MP-0412,entrada,13,REC-OC-6463,BOD-02,OP-02
2025-12-19,MP-0090,entrada,335,REC-OC-5856,BOD-03,OP-06
2025-12-19,MP-0130,entrada,469,REC-OC-6071,BOD-02,OP-05
2025-12-19,MP-0058,entrada,449,REC-OC-5693,BOD-03,OP-06
2025-12-19,MP-0064,entrada,187,REC-OC-5723,BOD-01,OP-06
2025-12-19,MP-0130,entrada,455,REC-OC-6068,BOD-01,OP-04
2025-12-20,MP-0015,entrada,870,REC-OC-5206,BOD-01,OP-02
2025-12-20,MP-0017,entrada,2134,REC-OC-5223,BOD-01,OP-02
2025-12-21,MP-0171,entrada,68,REC-OC-6212,BOD-01,OP-04
2025-12-21,MP-0019,salida,42.3,CONS-114590,BOD-01,OP-03
2025-12-21,MP-0022,salida,72.1,CONS-114597,BOD-01,OP-02
2025-12-21,MP-0094,salida,13.9,CONS-114604,BOD-02,OP-01
2025-12-21,MP-0074,salida,14.5,CONS-114611,BOD-02,OP-01
2025-12-21,MP-0299,salida,18.1,CONS-114625,BOD-02,OP-01
2025-12-21,MP-0309,salida,16.4,CONS-114632,BOD-03,OP-02
2025-12-21,MP-0418,salida,15.2,CONS-114639,BOD-03,OP-03
2025-12-21,MP-0008,salida,44.5,CONS-114646,BOD-01,OP-02
2025-12-21,MP-0005,salida,26.8,CONS-114653,BOD-01,OP-04
2025-12-21,MP-0101,salida,30.2,CONS-114667,BOD-02,OP-05
2025-12-21,MP-0149,salida,82.8,CONS-114674,BOD-02,OP-03
2025-12-21,MP-0189,salida,24.4,CONS-114681,BOD-02,OP-02
2025-12-21,MP-0254,salida,35.5,CONS-114688,BOD-01,OP-04
2025-12-21,MP-0161,salida,-13.3,CONS-114695,BOD-02,OP-05
2025-12-21,MP-0197,salida,32.1,CONS-114702,BOD-02,OP-02
2025-12-21,MP-0037,salida,97.3,CONS-114709,BOD-02,OP-03
2025-12-21,MP-0018,salida,16.2,CONS-114716,BOD-02,OP-01
2025-12-21,MP-0137,salida,-81.6,CONS-114723,BOD-01,OP-01
2025-12-21,MP-0073,salida,117.5,CONS-114730,BOD-03,OP-03
2025-12-21,MP-0118,salida,105.6,CONS-114737,BOD-01,OP-06
2025-12-21,MP-0199,salida,99.9,CONS-114744,BOD-02,OP-02
2025-12-21,MP-0232,salida,89.4,CONS-114751,BOD-03,OP-03
2025-12-21,MP-0027,salida,10.1,CONS-114758,BOD-01,OP-02
2025-12-21,MP-0116,salida,30.3,CONS-114765,BOD-03,OP-05
2025-12-21,MP-0108,salida,68.0,CONS-114772,BOD-02,OP-06
2025-12-21,MP-0293,salida,53.3,CONS-114779,BOD-03,OP-04
2025-12-21,MP-0239,salida,25.3,CONS-114786,BOD-01,OP-03
2025-12-21,MP-0016,salida,45.7,CONS-114793,BOD-02,OP-01
2025-12-21,MP-0030,salida,6.8,CONS-114800,BOD-01,OP-03
2025-12-21,MP-0120,salida,32.5,CONS-114807,BOD-03,OP-05
2025-12-21,MP-0043,salida,18.8,CONS-114814,BOD-02,OP-02
2025-12-21,MP-0182,salida,66.6,CONS-114821,BOD-02,OP-06
2025-12-21,MP-0369,salida,37.8,CONS-114828,BOD-01,OP-03
2025-12-21,MP-0157,salida,58.4,CONS-114835,BOD-03,OP-04
2025-12-21,MP-0001,salida,65.1,CONS-114842,BOD-02,OP-02
2025-12-21,MP-0014,salida,52.9,CONS-114849,BOD-01,OP-02
2025-12-21,MP-0047,salida,28.0,CONS-114863,BOD-01,OP-02
2025-12-21,MP-0244,salida,31.5,CONS-114870,BOD-03,OP-01
2025-12-21,MP-0122,salida,14.0,CONS-114877,BOD-03,OP-03
2025-12-21,MP-0132,salida,23.3,CONS-114884,BOD-01,OP-04
2025-12-21,MP-0131,salida,8.6,CONS-114891,BOD-03,OP-01
2025-12-21,MP-0216,salida,18.0,CONS-114898,BOD-01,OP-03
2025-12-21,MP-0272,salida,2.3,CONS-114905,BOD-02,OP-05
2025-12-21,MP-0010,salida,22.8,CONS-114912,BOD-01,OP-04
2025-12-21,MP-0002,salida,13.0,CONS-114919,BOD-02,OP-03
2025-12-21,MP-0150,salida,18.1,CONS-114926,BOD-02,OP-05
2025-12-21,MP-0085,salida,21.0,CONS-114933,BOD-03,OP-05
2025-12-21,MP-0202,salida,27.8,CONS-114940,BOD-01,OP-05
2025-12-21,MP-0153,salida,12.8,CONS-114947,BOD-03,OP-02
2025-12-21,MP-0178,salida,6.0,CONS-114954,BOD-03,OP-05
2025-12-21,MP-0229,salida,28.5,CONS-114961,BOD-02,OP-02
2025-12-21,MP-0013,salida,59.6,CONS-114968,BOD-03,OP-04
2025-12-21,MP-0020,salida,88.2,CONS-114975,BOD-02,OP-03
2025-12-21,MP-0106,salida,39.2,CONS-114982,BOD-01,OP-06
2025-12-21,MP-0051,salida,133.9,CONS-114989,BOD-03,OP-02
2025-12-21,MP-0411,salida,59.2,CONS-114996,BOD-02,OP-05
2025-12-21,MP-0004,salida,55.9,CONS-115010,BOD-02,OP-05
2025-12-21,MP-0033,salida,49.4,CONS-115017,BOD-03,OP-05
2025-12-21,MP-0045,salida,31.3,CONS-115024,BOD-02,OP-06
2025-12-21,MP-0386,salida,69.3,CONS-115031,BOD-03,OP-04
2025-12-21,MP-0393,salida,22.2,CONS-115038,BOD-03,OP-02
2025-12-21,MP-0373,salida,157.2,CONS-115045,BOD-03,OP-04
2025-12-21,MP-0015,salida,20.1,CONS-115052,BOD-01,OP-03
2025-12-21,MP-0012,salida,30.4,CONS-115059,BOD-03,OP-01
2025-12-21,MP-0142,salida,30.6,CONS-115066,BOD-03,OP-04
2025-12-21,MP-0102,salida,37.3,CONS-115073,BOD-03,OP-06
2025-12-21,MP-0114,salida,8.9,CONS-115080,BOD-02,OP-04
2025-12-21,MP-0325,salida,23.9,CONS-115087,BOD-01,OP-02
2025-12-21,MP-0193,salida,21.6,CONS-115094,BOD-02,OP-05
2025-12-21,MP-0330,salida,10.0,CONS-115101,BOD-01,OP-04
2025-12-21,MP-0024,salida,173.8,CONS-115108,BOD-03,OP-01
2025-12-21,MP-0060,salida,60.4,CONS-115122,BOD-03,OP-01
2025-12-21,MP-0357,salida,74.3,CONS-115129,BOD-01,OP-02
2025-12-21,MP-0162,salida,11.4,CONS-115136,BOD-02,OP-02
2025-12-21,MP-0009,salida,75.0,CONS-115143,BOD-03,OP-01
2025-12-21,MP-0076,salida,103.7,CONS-115150,BOD-02,OP-03
2025-12-21,MP-0077,salida,-109.3,CONS-115157,BOD-03,OP-02
2025-12-21,MP-0273,salida,116.6,CONS-115164,BOD-01,OP-03
2025-12-21,MP-0026,salida,67.1,CONS-115171,BOD-01,OP-02
2025-12-21,MP-0111,salida,-103.1,CONS-115178,BOD-02,OP-02
2025-12-21,MP-0071,salida,81.8,CONS-115185,BOD-01,OP-01
2025-12-21,MP-0388,salida,78.7,CONS-115192,BOD-03,OP-06
2025-12-21,MP-0088,salida,20.2,CONS-115206,BOD-03,OP-05
2025-12-21,MP-0143,salida,22.6,CONS-115213,BOD-02,OP-03
2025-12-21,MP-0181,salida,19.0,CONS-115220,BOD-02,OP-01
2025-12-21,MP-0321,salida,10.2,CONS-115234,BOD-02,OP-05
2025-12-21,MP-0036,salida,40.2,CONS-115248,BOD-01,OP-04
2025-12-21,MP-0080,salida,44.4,CONS-115255,BOD-01,OP-05
2025-12-21,MP-0139,salida,81.9,CONS-115262,BOD-01,OP-01
2025-12-21,MP-0356,salida,52.4,CONS-115269,BOD-03,OP-06
2025-12-21,MP-0339,salida,17.5,CONS-115276,BOD-02,OP-05
2025-12-21,MP-0078,salida,86.6,CONS-115283,BOD-01,OP-01
2025-12-21,MP-0211,salida,41.8,CONS-115297,BOD-03,OP-04
2025-12-21,MP-0340,salida,41.8,CONS-115304,BOD-02,OP-04
2025-12-21,MP-0390,salida,30.0,CONS-115311,BOD-02,OP-02
2025-12-21,MP-0268,salida,27.4,CONS-115318,BOD-01,OP-05
2025-12-21,MP-0039,salida,3.9,CONS-115325,BOD-02,OP-01
2025-12-21,MP-0032,salida,7.7,CONS-115332,BOD-02,OP-01
2025-12-21,MP-0129,salida,26.1,CONS-115339,BOD-03,OP-06
2025-12-21,MP-0136,salida,22.5,CONS-115346,BOD-03,OP-01
2025-12-21,MP-0217,salida,19.8,CONS-115353,BOD-02,OP-02
2025-12-21,MP-0344,salida,32.9,CONS-115360,BOD-01,OP-03
2025-12-22,MP-0124,entrada,215,REC-OC-6029,BOD-01,OP-01
2025-12-22,MP-0385,entrada,81,REC-OC-6434,BOD-03,OP-05
2025-12-23,MP-0004,entrada,943,REC-OC-5045,BOD-02,OP-04
2025-12-23,MP-0195,entrada,47,REC-OC-6237,BOD-01,OP-06
2025-12-25,MP-0410,entrada,19,REC-OC-6461,BOD-03,OP-04
2025-12-25,MP-0057,entrada,415,REC-OC-5691,BOD-01,OP-06
2025-12-25,MP-0231,entrada,37,REC-OC-6274,BOD-03,OP-02
2025-12-25,MP-0357,entrada,50,REC-OC-6406,BOD-01,OP-06
2025-12-25,MP-0019,salida,42.3,CONS-114591,BOD-03,OP-05
2025-12-25,MP-0022,salida,72.1,CONS-114598,BOD-03,OP-02
2025-12-25,MP-0094,salida,13.9,CONS-114605,BOD-01,OP-02
2025-12-25,MP-0074,salida,-14.5,CONS-114612,BOD-01,OP-03
2025-12-25,MP-0370,salida,4.7,CONS-114619,BOD-01,OP-01
2025-12-25,MP-0299,salida,18.1,CONS-114626,BOD-02,OP-03
2025-12-25,MP-0309,salida,16.4,CONS-114633,BOD-03,OP-03
2025-12-25,MP-0418,salida,15.2,CONS-114640,BOD-03,OP-03
2025-12-25,MP-0008,salida,44.5,CONS-114647,BOD-01,OP-04
2025-12-25,MP-0005,salida,26.8,CONS-114654,BOD-03,OP-03
2025-12-25,MP-0133,salida,34.3,CONS-114661,BOD-01,OP-05
2025-12-25,MP-0101,salida,30.2,CONS-114668,BOD-02,OP-04
2025-12-25,MP-0149,salida,82.8,CONS-114675,BOD-01,OP-05
2025-12-25,MP-0189,salida,24.4,CONS-114682,BOD-03,OP-01
2025-12-25,MP-0254,salida,35.5,CONS-114689,BOD-01,OP-06
2025-12-25,MP-0161,salida,13.3,CONS-114696,BOD-02,OP-05
2025-12-25,MP-0197,salida,32.1,CONS-114703,BOD-03,OP-02
2025-12-25,MP-0037,salida,-97.3,CONS-114710,BOD-02,OP-04
2025-12-25,MP-0018,salida,16.2,CONS-114717,BOD-02,OP-01
2025-12-25,MP-0137,salida,81.6,CONS-114724,BOD-03,OP-01
2025-12-25,MP-0073,salida,117.5,CONS-114731,BOD-03,OP-02
2025-12-25,MP-0118,salida,105.6,CONS-114738,BOD-01,OP-04
2025-12-25,MP-0199,salida,99.9,CONS-114745,BOD-02,OP-02
2025-12-25,MP-0232,salida,89.4,CONS-114752,BOD-01,OP-06
2025-12-25,MP-0116,salida,30.3,CONS-114766,BOD-02,OP-02
2025-12-25,MP-0293,salida,53.3,CONS-114780,BOD-03,OP-01
2025-12-25,MP-0239,salida,25.3,CONS-114787,BOD-02,OP-01
2025-12-25,MP-0016,salida,45.7,CONS-114794,BOD-03,OP-06
2025-12-25,MP-0030,salida,6.8,CONS-114801,BOD-02,OP-02
2025-12-25,MP-0120,salida,32.5,CONS-114808,BOD-03,OP-05
2025-12-25,MP-0043,salida,18.8,CONS-114815,BOD-02,OP-03
2025-12-25,MP-0369,salida,37.8,CONS-114829,BOD-01,OP-05
2025-12-25,MP-0157,salida,58.4,CONS-114836,BOD-03,OP-05
2025-12-25,MP-0001,salida,65.1,CONS-114843,BOD-02,OP-01
2025-12-25,MP-0014,salida,52.9,CONS-114850,BOD-01,OP-03
2025-12-25,MP-0128,salida,118.0,CONS-114857,BOD-01,OP-04
2025-12-25,MP-0047,salida,28.0,CONS-114864,BOD-03,OP-05
2025-12-25,MP-0244,salida,31.5,CONS-114871,BOD-02,OP-04
2025-12-25,MP-0122,salida,14.0,CONS-114878,BOD-01,OP-04
2025-12-25,MP-0132,salida,23.3,CONS-114885,BOD-02,OP-01
2025-12-25,MP-0131,salida,8.6,CONS-114892,BOD-01,OP-06
2025-12-25,MP-0216,salida,18.0,CONS-114899,BOD-02,OP-05
2025-12-25,MP-0272,salida,2.3,CONS-114906,BOD-01,OP-04
2025-12-25,MP-0010,salida,22.8,CONS-114913,BOD-02,OP-06
2025-12-25,MP-0002,salida,13.0,CONS-114920,BOD-03,OP-02
2025-12-25,MP-0150,salida,18.1,CONS-114927,BOD-03,OP-05
2025-12-25,MP-0085,salida,21.0,CONS-114934,BOD-03,OP-05
2025-12-25,MP-0202,salida,27.8,CONS-114941,BOD-02,OP-04
2025-12-25,MP-0153,salida,12.8,CONS-114948,BOD-01,OP-01
2025-12-25,MP-0178,salida,6.0,CONS-114955,BOD-02,OP-05
2025-12-25,MP-0229,salida,28.5,CONS-114962,BOD-02,OP-02
2025-12-25,MP-0013,salida,59.6,CONS-114969,BOD-03,OP-03
2025-12-25,MP-0020,salida,88.2,CONS-114976,BOD-02,OP-04
2025-12-25,MP-0106,salida,39.2,CONS-114983,BOD-03,OP-01
2025-12-25,MP-0051,salida,133.9,CONS-114990,BOD-03,OP-05
2025-12-25,MP-0411,salida,59.2,CONS-114997,BOD-01,OP-02
2025-12-25,MP-0238,salida,55.7,CONS-115004,BOD-03,OP-06
2025-12-25,MP-0004,salida,55.9,CONS-115011,BOD-01,OP-06
2025-12-25,MP-0033,salida,49.4,CONS-115018,BOD-02,OP-05
2025-12-25,MP-0045,salida,31.3,CONS-115025,BOD-02,OP-03
2025-12-25,MP-0386,salida,69.3,CONS-115032,BOD-03,OP-04
2025-12-25,MP-0393,salida,22.2,CONS-115039,BOD-01,OP-02
2025-12-25,MP-0373,salida,157.2,CONS-115046,BOD-01,OP-05
2025-12-25,MP-0015,salida,20.1,CONS-115053,BOD-02,OP-01
2025-12-25,MP-0012,salida,30.4,CONS-115060,BOD-02,OP-04
2025-12-25,MP-0142,salida,30.6,CONS-115067,BOD-02,OP-05
2025-12-25,MP-0102,salida,37.3,CONS-115074,BOD-01,OP-06
2025-12-25,MP-0114,salida,8.9,CONS-115081,BOD-02,OP-04
2025-12-25,MP-0325,salida,23.9,CONS-115088,BOD-03,OP-02
2025-12-25,MP-0193,salida,21.6,CONS-115095,BOD-03,OP-02
2025-12-25,MP-0330,salida,10.0,CONS-115102,BOD-02,OP-06
2025-12-25,MP-0024,salida,173.8,CONS-115109,BOD-02,OP-03
2025-12-25,MP-0117,salida,67.5,CONS-115116,BOD-03,OP-04
2025-12-25,MP-0060,salida,-60.4,CONS-115123,BOD-01,OP-01
2025-12-25,MP-0357,salida,74.3,CONS-115130,BOD-01,OP-04
2025-12-25,MP-0162,salida,11.4,CONS-115137,BOD-03,OP-03
2025-12-25,MP-0009,salida,75.0,CONS-115144,BOD-02,OP-05
2025-12-25,MP-0076,salida,103.7,CONS-115151,BOD-03,OP-06
2025-12-25,MP-0077,salida,109.3,CONS-115158,BOD-01,OP-04
2025-12-25,MP-0273,salida,116.6,CONS-115165,BOD-03,OP-06
2025-12-25,MP-0111,salida,103.1,CONS-115179,BOD-01,OP-05
2025-12-25,MP-0071,salida,81.8,CONS-115186,BOD-01,OP-02
2025-12-25,MP-0388,salida,78.7,CONS-115193,BOD-03,OP-04
2025-12-25,MP-0227,salida,47.2,CONS-115200,BOD-01,OP-01
2025-12-25,MP-0088,salida,20.2,CONS-115207,BOD-02,OP-05
2025-12-25,MP-0143,salida,22.6,CONS-115214,BOD-02,OP-03
2025-12-25,MP-0181,salida,19.0,CONS-115221,BOD-02,OP-02
2025-12-25,MP-0385,salida,5.6,CONS-115228,BOD-03,OP-04
2025-12-25,MP-0321,salida,10.2,CONS-115235,BOD-02,OP-06
2025-12-25,MP-0343,salida,22.8,CONS-115242,BOD-02,OP-06
2025-12-25,MP-0080,salida,44.4,CONS-115256,BOD-01,OP-01
2025-12-25,MP-0139,salida,81.9,CONS-115263,BOD-01,OP-03
2025-12-25,MP-0356,salida,52.4,CONS-115270,BOD-02,OP-04
2025-12-25,MP-0339,salida,17.5,CONS-115277,BOD-03,OP-02
2025-12-25,MP-0059,salida,53.3,CONS-115291,BOD-03,OP-06
2025-12-25,MP-0211,salida,41.8,CONS-115298,BOD-01,OP-04
2025-12-25,MP-0340,salida,41.8,CONS-115305,BOD-01,OP-06
2025-12-25,MP-0390,salida,30.0,CONS-115312,BOD-03,OP-02
2025-12-25,MP-0268,salida,27.4,CONS-115319,BOD-01,OP-03
2025-12-25,MP-0039,salida,3.9,CONS-115326,BOD-02,OP-02
2025-12-25,MP-0032,salida,7.7,CONS-115333,BOD-01,OP-04
2025-12-25,MP-0129,salida,26.1,CONS-115340,BOD-03,OP-01
2025-12-25,MP-0136,salida,22.5,CONS-115347,BOD-01,OP-05
2025-12-25,MP-0217,salida,19.8,CONS-115354,BOD-01,OP-03
2025-12-25,MP-0344,salida,32.9,CONS-115361,BOD-01,OP-04
2025-12-26,MP-0030,entrada,1757,REC-OC-5410,BOD-03,OP-03
2025-12-26,MP-0046,entrada,409,REC-OC-5629,BOD-01,OP-06
2025-12-26,MP-0110,entrada,239,REC-OC-5969,BOD-02,OP-03
2025-12-27,MP-0053,entrada,349,REC-OC-5662,BOD-01,OP-03
2025-12-27,MP-0027,entrada,520,REC-OC-5375,BOD-01,OP-05
2025-12-28,MP-0030,entrada,1973,REC-OC-5426,BOD-03,OP-06
2025-12-28,MP-0040,entrada,1161,REC-OC-5586,BOD-02,OP-05
2025-12-29,MP-0030,entrada,1510,REC-OC-5424,BOD-03,OP-02
2025-12-30,MP-0127,entrada,217,REC-OC-6050,BOD-01,OP-05
2025-12-30,MP-0102,entrada,266,REC-OC-5929,BOD-01,OP-02
2025-12-31,MP-0036,entrada,355,REC-OC-5534,BOD-01,OP-03
2025-12-31,MP-0013,entrada,995,REC-OC-5172,BOD-02,OP-05
2026-01-01,MP-0019,salida,-60.9,CONS-115362,BOD-03,OP-04
2026-01-01,MP-0022,salida,75.7,CONS-115369,BOD-02,OP-03
2026-01-01,MP-0074,salida,34.6,CONS-115383,BOD-02,OP-04
2026-01-01,MP-0370,salida,11.2,CONS-115390,BOD-03,OP-06
2026-01-01,MP-0299,salida,43.2,CONS-115397,BOD-02,OP-05
2026-01-01,MP-0418,salida,36.4,CONS-115411,BOD-02,OP-03
2026-01-01,MP-0008,salida,123.2,CONS-115418,BOD-03,OP-06
2026-01-01,MP-0005,salida,55.3,CONS-115425,BOD-02,OP-01
2026-01-01,MP-0133,salida,26.8,CONS-115432,BOD-01,OP-05
2026-01-01,MP-0101,salida,23.6,CONS-115439,BOD-03,OP-06
2026-01-01,MP-0149,salida,112.4,CONS-115446,BOD-02,OP-06
2026-01-01,MP-0189,salida,19.1,CONS-115453,BOD-03,OP-06
2026-01-01,MP-0254,salida,-27.8,CONS-115460,BOD-01,OP-03
2026-01-01,MP-0161,salida,10.4,CONS-115467,BOD-01,OP-02
2026-01-01,MP-0197,salida,25.1,CONS-115474,BOD-02,OP-03
2026-01-01,MP-0037,salida,49.5,CONS-115481,BOD-01,OP-02
2026-01-01,MP-0018,salida,8.2,CONS-115488,BOD-01,OP-02
2026-01-01,MP-0137,salida,41.5,CONS-115495,BOD-03,OP-02
2026-01-01,MP-0073,salida,59.8,CONS-115502,BOD-03,OP-01
2026-01-01,MP-0118,salida,53.8,CONS-115509,BOD-03,OP-05
2026-01-01,MP-0199,salida,-50.9,CONS-115516,BOD-02,OP-01
2026-01-01,MP-0232,salida,45.5,CONS-115523,BOD-01,OP-01
2026-01-01,MP-0116,salida,46.7,CONS-115537,BOD-01,OP-06
2026-01-01,MP-0108,salida,83.4,CONS-115544,BOD-03,OP-02
2026-01-01,MP-0293,salida,82.0,CONS-115551,BOD-01,OP-01
2026-01-01,MP-0239,salida,38.9,CONS-115558,BOD-02,OP-04
2026-01-01,MP-0016,salida,219.9,CONS-115565,BOD-02,OP-02
2026-01-01,MP-0030,salida,33.5,CONS-115572,BOD-02,OP-02
2026-01-01,MP-0120,salida,160.2,CONS-115579,BOD-02,OP-01
2026-01-01,MP-0043,salida,92.6,CONS-115586,BOD-01,OP-04
2026-01-01,MP-0182,salida,243.5,CONS-115593,BOD-01,OP-03
2026-01-01,MP-0369,salida,186.4,CONS-115600,BOD-02,OP-02
2026-01-01,MP-0157,salida,161.7,CONS-115607,BOD-03,OP-04
2026-01-01,MP-0001,salida,186.8,CONS-115614,BOD-03,OP-06
2026-01-01,MP-0014,salida,151.8,CONS-115621,BOD-03,OP-05
2026-01-01,MP-0128,salida,206.7,CONS-115628,BOD-01,OP-03
2026-01-01,MP-0047,salida,80.2,CONS-115635,BOD-03,OP-02
2026-01-01,MP-0122,salida,62.8,CONS-115649,BOD-03,OP-05
2026-01-01,MP-0132,salida,104.2,CONS-115656,BOD-03,OP-06
2026-01-01,MP-0131,salida,38.5,CONS-115663,BOD-03,OP-06
2026-01-01,MP-0216,salida,80.6,CONS-115670,BOD-03,OP-02
2026-01-01,MP-0010,salida,205.4,CONS-115684,BOD-02,OP-04
2026-01-01,MP-0002,salida,116.7,CONS-115691,BOD-03,OP-04
2026-01-01,MP-0150,salida,163.3,CONS-115698,BOD-02,OP-04
2026-01-01,MP-0085,salida,134.3,CONS-115705,BOD-02,OP-02
2026-01-01,MP-0202,salida,250.4,CONS-115712,BOD-03,OP-01
2026-01-01,MP-0153,salida,115.1,CONS-115719,BOD-02,OP-04
2026-01-01,MP-0178,salida,54.3,CONS-115726,BOD-02,OP-01
2026-01-01,MP-0229,salida,256.5,CONS-115733,BOD-03,OP-03
2026-01-01,MP-0013,salida,64.6,CONS-115740,BOD-02,OP-03
2026-01-01,MP-0020,salida,50.6,CONS-115747,BOD-03,OP-01
2026-01-01,MP-0051,salida,153.7,CONS-115761,BOD-01,OP-04
2026-01-01,MP-0411,salida,64.1,CONS-115768,BOD-03,OP-05
2026-01-01,MP-0238,salida,60.3,CONS-115775,BOD-03,OP-06
2026-01-01,MP-0004,salida,67.6,CONS-115782,BOD-02,OP-02
2026-01-01,MP-0033,salida,59.7,CONS-115789,BOD-03,OP-03
2026-01-01,MP-0045,salida,37.9,CONS-115796,BOD-01,OP-04
2026-01-01,MP-0386,salida,83.8,CONS-115803,BOD-01,OP-01
2026-01-01,MP-0393,salida,26.9,CONS-115810,BOD-01,OP-06
2026-01-01,MP-0373,salida,173.9,CONS-115817,BOD-01,OP-04
2026-01-01,MP-0015,salida,33.6,CONS-115824,BOD-03,OP-04
2026-01-01,MP-0012,salida,51.0,CONS-115831,BOD-02,OP-03
2026-01-01,MP-0142,salida,51.2,CONS-115838,BOD-02,OP-05
2026-01-01,MP-0102,salida,62.5,CONS-115845,BOD-02,OP-01
2026-01-01,MP-0114,salida,14.9,CONS-115852,BOD-01,OP-06
2026-01-01,MP-0325,salida,40.1,CONS-115859,BOD-03,OP-05
2026-01-01,MP-0193,salida,36.2,CONS-115866,BOD-02,OP-05
2026-01-01,MP-0024,salida,-120.3,CONS-115880,BOD-01,OP-05
2026-01-01,MP-0117,salida,17.8,CONS-115887,BOD-03,OP-04
2026-01-01,MP-0060,salida,15.9,CONS-115894,BOD-03,OP-01
2026-01-01,MP-0357,salida,19.5,CONS-115901,BOD-02,OP-01
2026-01-01,MP-0162,salida,3.0,CONS-115908,BOD-01,OP-03
2026-01-01,MP-0076,salida,100.7,CONS-115922,BOD-02,OP-02
2026-01-01,MP-0026,salida,24.7,CONS-115943,BOD-01,OP-04
2026-01-01,MP-0111,salida,37.9,CONS-115950,BOD-03,OP-06
2026-01-01,MP-0071,salida,30.1,CONS-115957,BOD-01,OP-05
2026-01-01,MP-0388,salida,29.0,CONS-115964,BOD-02,OP-04
2026-01-01,MP-0227,salida,17.4,CONS-115971,BOD-01,OP-01
2026-01-01,MP-0088,salida,90.9,CONS-115978,BOD-03,OP-06
2026-01-01,MP-0143,salida,101.7,CONS-115985,BOD-02,OP-04
2026-01-01,MP-0181,salida,85.4,CONS-115992,BOD-01,OP-05
2026-01-01,MP-0385,salida,25.0,CONS-115999,BOD-03,OP-03
2026-01-01,MP-0321,salida,46.1,CONS-116006,BOD-01,OP-04
2026-01-01,MP-0343,salida,102.4,CONS-116013,BOD-03,OP-03
2026-01-01,MP-0036,salida,38.0,CONS-116020,BOD-03,OP-06
2026-01-01,MP-0080,salida,42.0,CONS-116027,BOD-01,OP-01
2026-01-01,MP-0139,salida,77.4,CONS-116034,BOD-02,OP-04
2026-01-01,MP-0356,salida,49.6,CONS-116041,BOD-01,OP-06
2026-01-01,MP-0339,salida,16.5,CONS-116048,BOD-02,OP-04
2026-01-01,MP-0078,salida,29.9,CONS-116055,BOD-01,OP-06
2026-01-01,MP-0211,salida,14.4,CONS-116069,BOD-02,OP-04
2026-01-01,MP-0340,salida,14.4,CONS-116076,BOD-03,OP-05
2026-01-01,MP-0390,salida,10.4,CONS-116083,BOD-02,OP-03
2026-01-01,MP-0268,salida,9.5,CONS-116090,BOD-03,OP-03
2026-01-01,MP-0039,salida,12.1,CONS-116097,BOD-03,OP-06
2026-01-01,MP-0032,salida,23.6,CONS-116104,BOD-03,OP-03
2026-01-01,MP-0129,salida,80.1,CONS-116111,BOD-01,OP-03
2026-01-01,MP-0217,salida,60.8,CONS-116125,BOD-02,OP-05
2026-01-02,MP-0286,entrada,80,REC-OC-6330,BOD-03,OP-03
2026-01-02,MP-0136,entrada,218,REC-OC-6108,BOD-03,OP-03
2026-01-03,MP-0131,entrada,278,REC-OC-6079,BOD-01,OP-05
2026-01-03,MP-0128,entrada,297,REC-OC-6056,BOD-03,OP-01
2026-01-03,MP-0402,entrada,74,REC-OC-6452,BOD-03,OP-03
2026-01-03,MP-0377,ajuste,-11,AJU-120054,BOD-03,AUDIT
2026-01-04,MP-0005,entrada,1064,REC-OC-5061,BOD-02,OP-03
2026-01-04,MP-0044,entrada,392,REC-OC-5614,BOD-03,OP-05
2026-01-04,MP-0140,ajuste,11,AJU-120036,BOD-03,AUDIT
2026-01-04,MP-0261,ajuste,40,AJU-120065,BOD-02,AUDIT
2026-01-05,MP-0014,entrada,1369,REC-OC-5179,BOD-01,OP-06
2026-01-05,MP-0019,salida,60.9,CONS-115363,BOD-03,OP-01
2026-01-05,MP-0022,salida,75.7,CONS-115370,BOD-03,OP-03
2026-01-05,MP-0094,salida,33.3,CONS-115377,BOD-02,OP-02
2026-01-05,MP-0074,salida,34.6,CONS-115384,BOD-03,OP-06
2026-01-05,MP-0370,salida,11.2,CONS-115391,BOD-01,OP-04
2026-01-05,MP-0299,salida,43.2,CONS-115398,BOD-03,OP-03
2026-01-05,MP-0309,salida,39.3,CONS-115405,BOD-01,OP-04
2026-01-05,MP-0418,salida,36.4,CONS-115412,BOD-03,OP-02
2026-01-05,MP-0008,salida,123.2,CONS-115419,BOD-03,OP-05
2026-01-05,MP-0005,salida,55.3,CONS-115426,BOD-03,OP-02
2026-01-05,MP-0133,salida,26.8,CONS-115433,BOD-02,OP-02
2026-01-05,MP-0101,salida,23.6,CONS-115440,BOD-03,OP-05
2026-01-05,MP-0149,salida,112.4,CONS-115447,BOD-03,OP-05
2026-01-05,MP-0189,salida,19.1,CONS-115454,BOD-03,OP-05
2026-01-05,MP-0161,salida,10.4,CONS-115468,BOD-03,OP-04
2026-01-05,MP-0197,salida,25.1,CONS-115475,BOD-03,OP-05
2026-01-05,MP-0037,salida,49.5,CONS-115482,BOD-01,OP-04
2026-01-05,MP-0018,salida,8.2,CONS-115489,BOD-03,OP-03
2026-01-05,MP-0137,salida,41.5,CONS-115496,BOD-01,OP-04
2026-01-05,MP-0073,salida,59.8,CONS-115503,BOD-03,OP-03
2026-01-05,MP-0118,salida,53.8,CONS-115510,BOD-01,OP-03
2026-01-05,MP-0199,salida,50.9,CONS-115517,BOD-03,OP-01
2026-01-05,MP-0232,salida,45.5,CONS-115524,BOD-03,OP-06
2026-01-05,MP-0027,salida,15.5,CONS-115531,BOD-01,OP-05
2026-01-05,MP-0116,salida,46.7,CONS-115538,BOD-03,OP-05
2026-01-05,MP-0108,salida,83.4,CONS-115545,BOD-01,OP-01
2026-01-05,MP-0293,salida,82.0,CONS-115552,BOD-02,OP-03
2026-01-05,MP-0239,salida,38.9,CONS-115559,BOD-03,OP-01
2026-01-05,MP-0016,salida,219.9,CONS-115566,BOD-02,OP-05
2026-01-05,MP-0030,salida,33.5,CONS-115573,BOD-01,OP-03
2026-01-05,MP-0043,salida,92.6,CONS-115587,BOD-02,OP-06
2026-01-05,MP-0182,salida,243.5,CONS-115594,BOD-02,OP-04
2026-01-05,MP-0369,salida,186.4,CONS-115601,BOD-02,OP-06
2026-01-05,MP-0157,salida,161.7,CONS-115608,BOD-02,OP-03
2026-01-05,MP-0001,salida,186.8,CONS-115615,BOD-03,OP-05
2026-01-05,MP-0014,salida,151.8,CONS-115622,BOD-01,OP-04
2026-01-05,MP-0128,salida,206.7,CONS-115629,BOD-02,OP-01
2026-01-05,MP-0047,salida,80.2,CONS-115636,BOD-03,OP-03
2026-01-05,MP-0244,salida,90.5,CONS-115643,BOD-01,OP-02
2026-01-05,MP-0122,salida,62.8,CONS-115650,BOD-01,OP-05
2026-01-05,MP-0132,salida,104.2,CONS-115657,BOD-03,OP-02
2026-01-05,MP-0131,salida,38.5,CONS-115664,BOD-03,OP-06
2026-01-05,MP-0216,salida,80.6,CONS-115671,BOD-02,OP-05
2026-01-05,MP-0272,salida,10.2,CONS-115678,BOD-02,OP-05
2026-01-05,MP-0010,salida,205.4,CONS-115685,BOD-01,OP-04
2026-01-05,MP-0002,salida,116.7,CONS-115692,BOD-01,OP-02
2026-01-05,MP-0150,salida,163.3,CONS-115699,BOD-03,OP-04
2026-01-05,MP-0085,salida,134.3,CONS-115706,BOD-02,OP-06
2026-01-05,MP-0202,salida,250.4,CONS-115713,BOD-03,OP-05
2026-01-05,MP-0153,salida,115.1,CONS-115720,BOD-02,OP-02
2026-01-05,MP-0178,salida,54.3,CONS-115727,BOD-03,OP-05
2026-01-05,MP-0229,salida,256.5,CONS-115734,BOD-03,OP-04
2026-01-05,MP-0013,salida,64.6,CONS-115741,BOD-02,OP-06
2026-01-05,MP-0020,salida,-50.6,CONS-115748,BOD-01,OP-01
2026-01-05,MP-0106,salida,42.5,CONS-115755,BOD-03,OP-03
2026-01-05,MP-0051,salida,153.7,CONS-115762,BOD-01,OP-01
2026-01-05,MP-0411,salida,64.1,CONS-115769,BOD-01,OP-03
2026-01-05,MP-0238,salida,60.3,CONS-115776,BOD-02,OP-04
2026-01-05,MP-0004,salida,67.6,CONS-115783,BOD-01,OP-04
2026-01-05,MP-0033,salida,59.7,CONS-115790,BOD-03,OP-02
2026-01-05,MP-0045,salida,37.9,CONS-115797,BOD-02,OP-01
2026-01-05,MP-0386,salida,83.8,CONS-115804,BOD-01,OP-01
2026-01-05,MP-0393,salida,26.9,CONS-115811,BOD-03,OP-05
2026-01-05,MP-0373,salida,173.9,CONS-115818,BOD-03,OP-05
2026-01-05,MP-0015,salida,33.6,CONS-115825,BOD-02,OP-03
2026-01-05,MP-0012,salida,51.0,CONS-115832,BOD-01,OP-01
2026-01-05,MP-0142,salida,51.2,CONS-115839,BOD-02,OP-02
2026-01-05,MP-0102,salida,62.5,CONS-115846,BOD-01,OP-02
2026-01-05,MP-0114,salida,14.9,CONS-115853,BOD-03,OP-04
2026-01-05,MP-0325,salida,40.1,CONS-115860,BOD-03,OP-05
2026-01-05,MP-0193,salida,36.2,CONS-115867,BOD-02,OP-02
2026-01-05,MP-0330,salida,16.7,CONS-115874,BOD-01,OP-06
2026-01-05,MP-0024,salida,120.3,CONS-115881,BOD-03,OP-05
2026-01-05,MP-0117,salida,17.8,CONS-115888,BOD-01,OP-03
2026-01-05,MP-0060,salida,15.9,CONS-115895,BOD-03,OP-05
2026-01-05,MP-0357,salida,19.5,CONS-115902,BOD-02,OP-02
2026-01-05,MP-0162,salida,3.0,CONS-115909,BOD-03,OP-03
2026-01-05,MP-0009,salida,72.8,CONS-115916,BOD-03,OP-04
2026-01-05,MP-0076,salida,100.7,CONS-115923,BOD-03,OP-01
2026-01-05,MP-0077,salida,106.1,CONS-115930,BOD-02,OP-04
2026-01-05,MP-0273,salida,113.1,CONS-115937,BOD-01,OP-01
2026-01-05,MP-0026,salida,24.7,CONS-115944,BOD-03,OP-06
2026-01-05,MP-0111,salida,37.9,CONS-115951,BOD-01,OP-02
2026-01-05,MP-0071,salida,30.1,CONS-115958,BOD-03,OP-05
2026-01-05,MP-0388,salida,29.0,CONS-115965,BOD-03,OP-01
2026-01-05,MP-0227,salida,17.4,CONS-115972,BOD-01,OP-05
2026-01-05,MP-0088,salida,90.9,CONS-115979,BOD-01,OP-05
2026-01-05,MP-0143,salida,101.7,CONS-115986,BOD-01,OP-06
2026-01-05,MP-0181,salida,85.4,CONS-115993,BOD-03,OP-02
2026-01-05,MP-0385,salida,25.0,CONS-116000,BOD-01,OP-03
2026-01-05,MP-0343,salida,102.4,CONS-116014,BOD-03,OP-04
2026-01-05,MP-0080,salida,42.0,CONS-116028,BOD-02,OP-03
2026-01-05,MP-0139,salida,77.4,CONS-116035,BOD-03,OP-05
2026-01-05,MP-0356,salida,49.6,CONS-116042,BOD-03,OP-06
2026-01-05,MP-0078,salida,-29.9,CONS-116056,BOD-01,OP-03
2026-01-05,MP-0059,salida,18.4,CONS-116063,BOD-02,OP-06
2026-01-05,MP-0211,salida,14.4,CONS-116070,BOD-03,OP-02
2026-01-05,MP-0340,salida,-14.4,CONS-116077,BOD-01,OP-05
2026-01-05,MP-0390,salida,10.4,CONS-116084,BOD-03,OP-05
2026-01-05,MP-0268,salida,9.5,CONS-116091,BOD-02,OP-04
2026-01-05,MP-0039,salida,12.1,CONS-116098,BOD-03,OP-04
2026-01-05,MP-0032,salida,23.6,CONS-116105,BOD-01,OP-04
2026-01-05,MP-0129,salida,80.1,CONS-116112,BOD-03,OP-03
2026-01-05,MP-0136,salida,68.9,CONS-116119,BOD-01,OP-05
2026-01-05,MP-0217,salida,60.8,CONS-116126,BOD-03,OP-03
2026-01-05,MP-0344,salida,100.8,CONS-116133,BOD-02,OP-02
2026-01-06,MP-0181,entrada,47,REC-OC-6223,BOD-01,OP-01
2026-01-06,MP-0030,entrada,1832,REC-OC-5417,BOD-02,OP-04
2026-01-06,MP-0074,entrada,263,REC-OC-5773,BOD-02,OP-04
2026-01-07,MP-0390,entrada,56,REC-OC-6440,BOD-03,OP-04
2026-01-07,MP-0035,entrada,1261,REC-OC-5526,BOD-03,OP-03
2026-01-07,MP-0004,ajuste,40,AJU-120071,BOD-01,AUDIT
2026-01-08,MP-0085,entrada,179,REC-OC-5822,BOD-02,OP-06
2026-01-09,MP-0036,entrada,413,REC-OC-5535,BOD-01,OP-02
2026-01-09,MP-0019,salida,60.9,CONS-115364,BOD-03,OP-01
2026-01-09,MP-0022,salida,75.7,CONS-115371,BOD-03,OP-02
2026-01-09,MP-0094,salida,33.3,CONS-115378,BOD-02,OP-02
2026-01-09,MP-0074,salida,34.6,CONS-115385,BOD-01,OP-06
2026-01-09,MP-0370,salida,11.2,CONS-115392,BOD-01,OP-06
2026-01-09,MP-0299,salida,43.2,CONS-115399,BOD-02,OP-06
2026-01-09,MP-0309,salida,39.3,CONS-115406,BOD-02,OP-03
2026-01-09,MP-0418,salida,36.4,CONS-115413,BOD-02,OP-05
2026-01-09,MP-0008,salida,123.2,CONS-115420,BOD-03,OP-04
2026-01-09,MP-0005,salida,55.3,CONS-115427,BOD-03,OP-05
2026-01-09,MP-0133,salida,26.8,CONS-115434,BOD-01,OP-02
2026-01-09,MP-0101,salida,23.6,CONS-115441,BOD-01,OP-05
2026-01-09,MP-0149,salida,112.4,CONS-115448,BOD-03,OP-03
2026-01-09,MP-0189,salida,19.1,CONS-115455,BOD-01,OP-06
2026-01-09,MP-0254,salida,27.8,CONS-115462,BOD-01,OP-02
2026-01-09,MP-0161,salida,10.4,CONS-115469,BOD-03,OP-03
2026-01-09,MP-0197,salida,25.1,CONS-115476,BOD-03,OP-05
2026-01-09,MP-0037,salida,49.5,CONS-115483,BOD-03,OP-05
2026-01-09,MP-0018,salida,8.2,CONS-115490,BOD-01,OP-02
2026-01-09,MP-0137,salida,41.5,CONS-115497,BOD-02,OP-04
2026-01-09,MP-0073,salida,59.8,CONS-115504,BOD-03,OP-02
2026-01-09,MP-0199,salida,50.9,CONS-115518,BOD-01,OP-02
2026-01-09,MP-0232,salida,45.5,CONS-115525,BOD-01,OP-02
2026-01-09,MP-0027,salida,15.5,CONS-115532,BOD-01,OP-05
2026-01-09,MP-0116,salida,46.7,CONS-115539,BOD-03,OP-01
2026-01-09,MP-0108,salida,83.4,CONS-115546,BOD-03,OP-06
2026-01-09,MP-0293,salida,82.0,CONS-115553,BOD-01,OP-02
2026-01-09,MP-0016,salida,219.9,CONS-115567,BOD-02,OP-03
2026-01-09,MP-0030,salida,33.5,CONS-115574,BOD-02,OP-05
2026-01-09,MP-0120,salida,160.2,CONS-115581,BOD-01,OP-05
2026-01-09,MP-0043,salida,92.6,CONS-115588,BOD-01,OP-06
2026-01-09,MP-0182,salida,243.5,CONS-115595,BOD-01,OP-04
2026-01-09,MP-0369,salida,186.4,CONS-115602,BOD-02,OP-04
2026-01-09,MP-0001,salida,186.8,CONS-115616,BOD-02,OP-01
2026-01-09,MP-0014,salida,151.8,CONS-115623,BOD-01,OP-05
2026-01-09,MP-0128,salida,206.7,CONS-115630,BOD-01,OP-05
2026-01-09,MP-0047,salida,80.2,CONS-115637,BOD-01,OP-04
2026-01-09,MP-0244,salida,90.5,CONS-115644,BOD-01,OP-05
2026-01-09,MP-0122,salida,62.8,CONS-115651,BOD-03,OP-04
2026-01-09,MP-0132,salida,104.2,CONS-115658,BOD-03,OP-03
2026-01-09,MP-0131,salida,38.5,CONS-115665,BOD-01,OP-06
2026-01-09,MP-0216,salida,-80.6,CONS-115672,BOD-02,OP-03
2026-01-09,MP-0272,salida,10.2,CONS-115679,BOD-02,OP-05
2026-01-09,MP-0010,salida,-205.4,CONS-115686,BOD-02,OP-01
2026-01-09,MP-0002,salida,116.7,CONS-115693,BOD-03,OP-01
2026-01-09,MP-0150,salida,163.3,CONS-115700,BOD-02,OP-04
2026-01-09,MP-0085,salida,134.3,CONS-115707,BOD-03,OP-05
2026-01-09,MP-0202,salida,250.4,CONS-115714,BOD-03,OP-06
2026-01-09,MP-0153,salida,115.1,CONS-115721,BOD-02,OP-05
2026-01-09,MP-0178,salida,54.3,CONS-115728,BOD-03,OP-04
2026-01-09,MP-0229,salida,256.5,CONS-115735,BOD-02,OP-06
2026-01-09,MP-0013,salida,64.6,CONS-115742,BOD-02,OP-01
2026-01-09,MP-0106,salida,42.5,CONS-115756,BOD-03,OP-01
2026-01-09,MP-0051,salida,153.7,CONS-115763,BOD-01,OP-04
2026-01-09,MP-0411,salida,64.1,CONS-115770,BOD-02,OP-03
2026-01-09,MP-0238,salida,60.3,CONS-115777,BOD-01,OP-04
2026-01-09,MP-0004,salida,67.6,CONS-115784,BOD-02,OP-03
2026-01-09,MP-0033,salida,59.7,CONS-115791,BOD-02,OP-06
2026-01-09,MP-0045,salida,37.9,CONS-115798,BOD-03,OP-06
2026-01-09,MP-0386,salida,83.8,CONS-115805,BOD-02,OP-04
2026-01-09,MP-0393,salida,26.9,CONS-115812,BOD-01,OP-03
2026-01-09,MP-0373,salida,173.9,CONS-115819,BOD-02,OP-06
2026-01-09,MP-0015,salida,33.6,CONS-115826,BOD-03,OP-05
2026-01-09,MP-0012,salida,51.0,CONS-115833,BOD-03,OP-06
2026-01-09,MP-0114,salida,14.9,CONS-115854,BOD-03,OP-01
2026-01-09,MP-0325,salida,40.1,CONS-115861,BOD-01,OP-06
2026-01-09,MP-0193,salida,36.2,CONS-115868,BOD-02,OP-01
2026-01-09,MP-0330,salida,16.7,CONS-115875,BOD-01,OP-06
2026-01-09,MP-0024,salida,120.3,CONS-115882,BOD-03,OP-02
2026-01-09,MP-0117,salida,17.8,CONS-115889,BOD-03,OP-02
2026-01-09,MP-0060,salida,15.9,CONS-115896,BOD-03,OP-03
2026-01-09,MP-0357,salida,19.5,CONS-115903,BOD-02,OP-06
2026-01-09,MP-0162,salida,3.0,CONS-115910,BOD-01,OP-02
2026-01-09,MP-0009,salida,72.8,CONS-115917,BOD-03,OP-01
2026-01-09,MP-0076,salida,100.7,CONS-115924,BOD-03,OP-06
2026-01-09,MP-0077,salida,106.1,CONS-115931,BOD-01,OP-01
2026-01-09,MP-0026,salida,24.7,CONS-115945,BOD-03,OP-04
2026-01-09,MP-0111,salida,37.9,CONS-115952,BOD-03,OP-03
2026-01-09,MP-0388,salida,29.0,CONS-115966,BOD-01,OP-06
2026-01-09,MP-0227,salida,17.4,CONS-115973,BOD-01,OP-06
2026-01-09,MP-0088,salida,90.9,CONS-115980,BOD-03,OP-06
2026-01-09,MP-0143,salida,101.7,CONS-115987,BOD-02,OP-05
2026-01-09,MP-0181,salida,85.4,CONS-115994,BOD-02,OP-01
2026-01-09,MP-0385,salida,-25.0,CONS-116001,BOD-01,OP-02
2026-01-09,MP-0321,salida,46.1,CONS-116008,BOD-03,OP-01
2026-01-09,MP-0343,salida,102.4,CONS-116015,BOD-02,OP-03
2026-01-09,MP-0036,salida,-38.0,CONS-116022,BOD-01,OP-06
2026-01-09,MP-0080,salida,42.0,CONS-116029,BOD-02,OP-03
2026-01-09,MP-0139,salida,77.4,CONS-116036,BOD-02,OP-05
2026-01-09,MP-0356,salida,49.6,CONS-116043,BOD-01,OP-05
2026-01-09,MP-0078,salida,29.9,CONS-116057,BOD-02,OP-05
2026-01-09,MP-0059,salida,18.4,CONS-116064,BOD-03,OP-05
2026-01-09,MP-0211,salida,14.4,CONS-116071,BOD-03,OP-04
2026-01-09,MP-0340,salida,-14.4,CONS-116078,BOD-01,OP-06
2026-01-09,MP-0390,salida,10.4,CONS-116085,BOD-01,OP-06
2026-01-09,MP-0268,salida,9.5,CONS-116092,BOD-02,OP-04
2026-01-09,MP-0039,salida,12.1,CONS-116099,BOD-01,OP-06
2026-01-09,MP-0032,salida,23.6,CONS-116106,BOD-03,OP-01
2026-01-09,MP-0129,salida,80.1,CONS-116113,BOD-03,OP-05
2026-01-09,MP-0136,salida,68.9,CONS-116120,BOD-01,OP-03
2026-01-09,MP-0217,salida,60.8,CONS-116127,BOD-03,OP-02
2026-01-09,MP-0344,salida,100.8,CONS-116134,BOD-01,OP-02
2026-01-10,MP-0276,entrada,56,REC-OC-6320,BOD-01,OP-06
2026-01-11,MP-0042,entrada,245,REC-OC-5597,BOD-02,OP-03
2026-01-13,MP-0136,entrada,336,REC-OC-6105,BOD-01,OP-03
2026-01-13,MP-0278,entrada,39,REC-OC-6322,BOD-02,OP-04
2026-01-13,MP-0026,entrada,905,REC-OC-5371,BOD-01,OP-02
2026-01-13,MP-0006,entrada,489,REC-OC-5078,BOD-02,OP-06
2026-01-13,MP-0019,salida,60.9,CONS-115365,BOD-01,OP-03
2026-01-13,MP-0022,salida,75.7,CONS-115372,BOD-01,OP-04
2026-01-13,MP-0074,salida,-34.6,CONS-115386,BOD-03,OP-01
2026-01-13,MP-0370,salida,11.2,CONS-115393,BOD-01,OP-02
2026-01-13,MP-0299,salida,43.2,CONS-115400,BOD-03,OP-01
2026-01-13,MP-0309,salida,39.3,CONS-115407,BOD-01,OP-06
2026-01-13,MP-0418,salida,36.4,CONS-115414,BOD-02,OP-04
2026-01-13,MP-0008,salida,123.2,CONS-115421,BOD-02,OP-02
2026-01-13,MP-0005,salida,55.3,CONS-115428,BOD-01,OP-01
2026-01-13,MP-0133,salida,26.8,CONS-115435,BOD-03,OP-06
2026-01-13,MP-0101,salida,-23.6,CONS-115442,BOD-03,OP-03
2026-01-13,MP-0149,salida,112.4,CONS-115449,BOD-01,OP-05
2026-01-13,MP-0189,salida,19.1,CONS-115456,BOD-03,OP-06
2026-01-13,MP-0254,salida,27.8,CONS-115463,BOD-01,OP-04
2026-01-13,MP-0161,salida,10.4,CONS-115470,BOD-03,OP-01
2026-01-13,MP-0197,salida,25.1,CONS-115477,BOD-01,OP-05
2026-01-13,MP-0037,salida,49.5,CONS-115484,BOD-02,OP-06
2026-01-13,MP-0018,salida,8.2,CONS-115491,BOD-03,OP-04
2026-01-13,MP-0137,salida,41.5,CONS-115498,BOD-02,OP-01
2026-01-13,MP-0073,salida,59.8,CONS-115505,BOD-01,OP-06
2026-01-13,MP-0118,salida,53.8,CONS-115512,BOD-03,OP-04
2026-01-13,MP-0199,salida,50.9,CONS-115519,BOD-02,OP-02
2026-01-13,MP-0232,salida,45.5,CONS-115526,BOD-03,OP-02
2026-01-13,MP-0116,salida,46.7,CONS-115540,BOD-02,OP-04
2026-01-13,MP-0108,salida,83.4,CONS-115547,BOD-01,OP-05
2026-01-13,MP-0293,salida,82.0,CONS-115554,BOD-02,OP-01
2026-01-13,MP-0239,salida,38.9,CONS-115561,BOD-02,OP-02
2026-01-13,MP-0016,salida,219.9,CONS-115568,BOD-01,OP-06
2026-01-13,MP-0030,salida,33.5,CONS-115575,BOD-03,OP-03
2026-01-13,MP-0120,salida,160.2,CONS-115582,BOD-03,OP-01
2026-01-13,MP-0043,salida,92.6,CONS-115589,BOD-02,OP-01
2026-01-13,MP-0182,salida,243.5,CONS-115596,BOD-03,OP-05
2026-01-13,MP-0369,salida,186.4,CONS-115603,BOD-02,OP-01
2026-01-13,MP-0157,salida,161.7,CONS-115610,BOD-01,OP-05
2026-01-13,MP-0001,salida,186.8,CONS-115617,BOD-02,OP-06
2026-01-13,MP-0014,salida,151.8,CONS-115624,BOD-01,OP-02
2026-01-13,MP-0128,salida,206.7,CONS-115631,BOD-03,OP-06
2026-01-13,MP-0047,salida,80.2,CONS-115638,BOD-01,OP-05
2026-01-13,MP-0244,salida,90.5,CONS-115645,BOD-03,OP-01
2026-01-13,MP-0122,salida,62.8,CONS-115652,BOD-02,OP-05
2026-01-13,MP-0131,salida,38.5,CONS-115666,BOD-03,OP-05
2026-01-13,MP-0272,salida,10.2,CONS-115680,BOD-03,OP-06
2026-01-13,MP-0010,salida,205.4,CONS-115687,BOD-02,OP-04
2026-01-13,MP-0002,salida,116.7,CONS-115694,BOD-01,OP-02
2026-01-13,MP-0150,salida,163.3,CONS-115701,BOD-03,OP-06
2026-01-13,MP-0085,salida,134.3,CONS-115708,BOD-02,OP-02
2026-01-13,MP-0202,salida,250.4,CONS-115715,BOD-03,OP-05
2026-01-13,MP-0153,salida,115.1,CONS-115722,BOD-02,OP-05
2026-01-13,MP-0178,salida,54.3,CONS-115729,BOD-03,OP-02
2026-01-13,MP-0229,salida,256.5,CONS-115736,BOD-02,OP-02
2026-01-13,MP-0013,salida,64.6,CONS-115743,BOD-02,OP-06
2026-01-13,MP-0020,salida,50.6,CONS-115750,BOD-02,OP-01
2026-01-13,MP-0106,salida,42.5,CONS-115757,BOD-03,OP-01
2026-01-13,MP-0051,salida,153.7,CONS-115764,BOD-02,OP-06
2026-01-13,MP-0411,salida,64.1,CONS-115771,BOD-01,OP-02
2026-01-13,MP-0238,salida,60.3,CONS-115778,BOD-03,OP-06
2026-01-13,MP-0004,salida,67.6,CONS-115785,BOD-03,OP-05
2026-01-13,MP-0033,salida,59.7,CONS-115792,BOD-02,OP-02
2026-01-13,MP-0386,salida,83.8,CONS-115806,BOD-03,OP-04
2026-01-13,MP-0393,salida,26.9,CONS-115813,BOD-01,OP-04
2026-01-13,MP-0373,salida,173.9,CONS-115820,BOD-03,OP-06
2026-01-13,MP-0015,salida,33.6,CONS-115827,BOD-01,OP-02
2026-01-13,MP-0012,salida,51.0,CONS-115834,BOD-02,OP-05
2026-01-13,MP-0142,salida,51.2,CONS-115841,BOD-03,OP-02
2026-01-13,MP-0102,salida,62.5,CONS-115848,BOD-01,OP-02
2026-01-13,MP-0114,salida,14.9,CONS-115855,BOD-01,OP-05
2026-01-13,MP-0325,salida,40.1,CONS-115862,BOD-03,OP-05
2026-01-13,MP-0193,salida,36.2,CONS-115869,BOD-01,OP-03
2026-01-13,MP-0330,salida,16.7,CONS-115876,BOD-02,OP-03
2026-01-13,MP-0024,salida,120.3,CONS-115883,BOD-02,OP-01
2026-01-13,MP-0117,salida,17.8,CONS-115890,BOD-02,OP-05
2026-01-13,MP-0060,salida,15.9,CONS-115897,BOD-03,OP-06
2026-01-13,MP-0357,salida,19.5,CONS-115904,BOD-03,OP-01
2026-01-13,MP-0009,salida,72.8,CONS-115918,BOD-02,OP-04
2026-01-13,MP-0076,salida,100.7,CONS-115925,BOD-03,OP-02
2026-01-13,MP-0077,salida,106.1,CONS-115932,BOD-02,OP-01
2026-01-13,MP-0273,salida,113.1,CONS-115939,BOD-02,OP-05
2026-01-13,MP-0026,salida,24.7,CONS-115946,BOD-03,OP-04
2026-01-13,MP-0111,salida,37.9,CONS-115953,BOD-02,OP-02
2026-01-13,MP-0071,salida,30.1,CONS-115960,BOD-02,OP-04
2026-01-13,MP-0388,salida,29.0,CONS-115967,BOD-03,OP-01
2026-01-13,MP-0227,salida,17.4,CONS-115974,BOD-01,OP-01
2026-01-13,MP-0088,salida,90.9,CONS-115981,BOD-02,OP-01
2026-01-13,MP-0143,salida,101.7,CONS-115988,BOD-03,OP-02
2026-01-13,MP-0181,salida,85.4,CONS-115995,BOD-03,OP-06
2026-01-13,MP-0385,salida,25.0,CONS-116002,BOD-02,OP-05
2026-01-13,MP-0321,salida,46.1,CONS-116009,BOD-02,OP-04
2026-01-13,MP-0343,salida,102.4,CONS-116016,BOD-03,OP-04
2026-01-13,MP-0036,salida,38.0,CONS-116023,BOD-01,OP-03
2026-01-13,MP-0080,salida,42.0,CONS-116030,BOD-02,OP-04
2026-01-13,MP-0139,salida,77.4,CONS-116037,BOD-01,OP-02
2026-01-13,MP-0356,salida,49.6,CONS-116044,BOD-01,OP-01
2026-01-13,MP-0339,salida,16.5,CONS-116051,BOD-01,OP-01
2026-01-13,MP-0078,salida,29.9,CONS-116058,BOD-02,OP-03
2026-01-13,MP-0059,salida,18.4,CONS-116065,BOD-02,OP-05
2026-01-13,MP-0211,salida,14.4,CONS-116072,BOD-01,OP-05
2026-01-13,MP-0340,salida,14.4,CONS-116079,BOD-01,OP-03
2026-01-13,MP-0390,salida,10.4,CONS-116086,BOD-01,OP-01
2026-01-13,MP-0268,salida,9.5,CONS-116093,BOD-02,OP-03
2026-01-13,MP-0039,salida,12.1,CONS-116100,BOD-01,OP-05
2026-01-13,MP-0032,salida,23.6,CONS-116107,BOD-02,OP-02
2026-01-13,MP-0129,salida,80.1,CONS-116114,BOD-01,OP-06
2026-01-13,MP-0136,salida,68.9,CONS-116121,BOD-03,OP-03
2026-01-13,MP-0217,salida,60.8,CONS-116128,BOD-02,OP-05
2026-01-15,MP-0148,entrada,147,REC-OC-6180,BOD-02,OP-04
2026-01-15,MP-0137,entrada,442,REC-OC-6114,BOD-03,OP-05
2026-01-15,MP-0045,entrada,240,REC-OC-5617,BOD-01,OP-02
2026-01-17,MP-0095,entrada,310,REC-OC-5884,BOD-01,OP-02
2026-01-17,MP-0128,entrada,480,REC-OC-6059,BOD-01,OP-02
2026-01-17,MP-0040,entrada,1060,REC-OC-5573,BOD-02,OP-05
2026-01-17,MP-0019,salida,60.9,CONS-115366,BOD-02,OP-01
2026-01-17,MP-0022,salida,75.7,CONS-115373,BOD-03,OP-01
2026-01-17,MP-0094,salida,33.3,CONS-115380,BOD-03,OP-05
2026-01-17,MP-0074,salida,34.6,CONS-115387,BOD-02,OP-05
2026-01-17,MP-0370,salida,11.2,CONS-115394,BOD-03,OP-05
2026-01-17,MP-0309,salida,39.3,CONS-115408,BOD-03,OP-03
2026-01-17,MP-0418,salida,36.4,CONS-115415,BOD-03,OP-05
2026-01-17,MP-0008,salida,-123.2,CONS-115422,BOD-01,OP-02
2026-01-17,MP-0133,salida,26.8,CONS-115436,BOD-03,OP-02
2026-01-17,MP-0101,salida,23.6,CONS-115443,BOD-03,OP-01
2026-01-17,MP-0149,salida,112.4,CONS-115450,BOD-01,OP-02
2026-01-17,MP-0254,salida,27.8,CONS-115464,BOD-03,OP-03
2026-01-17,MP-0161,salida,10.4,CONS-115471,BOD-02,OP-05
2026-01-17,MP-0197,salida,-25.1,CONS-115478,BOD-02,OP-03
2026-01-17,MP-0018,salida,8.2,CONS-115492,BOD-01,OP-05
2026-01-17,MP-0137,salida,41.5,CONS-115499,BOD-02,OP-06
2026-01-17,MP-0073,salida,59.8,CONS-115506,BOD-03,OP-06
2026-01-17,MP-0118,salida,53.8,CONS-115513,BOD-03,OP-06
2026-01-17,MP-0199,salida,50.9,CONS-115520,BOD-03,OP-06
2026-01-17,MP-0232,salida,45.5,CONS-115527,BOD-01,OP-02
2026-01-17,MP-0027,salida,15.5,CONS-115534,BOD-03,OP-04
2026-01-17,MP-0116,salida,46.7,CONS-115541,BOD-02,OP-03
2026-01-17,MP-0108,salida,83.4,CONS-115548,BOD-01,OP-04
2026-01-17,MP-0293,salida,82.0,CONS-115555,BOD-02,OP-05
2026-01-17,MP-0239,salida,38.9,CONS-115562,BOD-02,OP-01
2026-01-17,MP-0016,salida,219.9,CONS-115569,BOD-01,OP-06
2026-01-17,MP-0120,salida,160.2,CONS-115583,BOD-01,OP-02
2026-01-17,MP-0043,salida,92.6,CONS-115590,BOD-03,OP-05
2026-01-17,MP-0182,salida,243.5,CONS-115597,BOD-01,OP-04
2026-01-17,MP-0369,salida,186.4,CONS-115604,BOD-01,OP-06
2026-01-17,MP-0157,salida,161.7,CONS-115611,BOD-03,OP-06
2026-01-17,MP-0001,salida,186.8,CONS-115618,BOD-01,OP-03
2026-01-17,MP-0014,salida,151.8,CONS-115625,BOD-02,OP-03
2026-01-17,MP-0128,salida,206.7,CONS-115632,BOD-01,OP-01
2026-01-17,MP-0047,salida,80.2,CONS-115639,BOD-03,OP-01
2026-01-17,MP-0244,salida,90.5,CONS-115646,BOD-01,OP-03
2026-01-17,MP-0122,salida,62.8,CONS-115653,BOD-03,OP-02
2026-01-17,MP-0132,salida,-104.2,CONS-115660,BOD-02,OP-06
2026-01-17,MP-0131,salida,38.5,CONS-115667,BOD-02,OP-04
2026-01-17,MP-0216,salida,80.6,CONS-115674,BOD-01,OP-06
2026-01-17,MP-0272,salida,10.2,CONS-115681,BOD-03,OP-03
2026-01-17,MP-0010,salida,205.4,CONS-115688,BOD-03,OP-04
2026-01-17,MP-0002,salida,116.7,CONS-115695,BOD-03,OP-01
2026-01-17,MP-0150,salida,163.3,CONS-115702,BOD-03,OP-02
2026-01-17,MP-0085,salida,134.3,CONS-115709,BOD-02,OP-05
2026-01-17,MP-0202,salida,250.4,CONS-115716,BOD-01,OP-04
2026-01-17,MP-0178,salida,54.3,CONS-115730,BOD-01,OP-05
2026-01-17,MP-0229,salida,256.5,CONS-115737,BOD-01,OP-03
2026-01-17,MP-0013,salida,64.6,CONS-115744,BOD-03,OP-05
2026-01-17,MP-0020,salida,50.6,CONS-115751,BOD-01,OP-03
2026-01-17,MP-0106,salida,42.5,CONS-115758,BOD-01,OP-03
2026-01-17,MP-0051,salida,153.7,CONS-115765,BOD-03,OP-06
2026-01-17,MP-0411,salida,64.1,CONS-115772,BOD-01,OP-02
2026-01-17,MP-0238,salida,60.3,CONS-115779,BOD-02,OP-03
2026-01-17,MP-0004,salida,67.6,CONS-115786,BOD-01,OP-01
2026-01-17,MP-0033,salida,59.7,CONS-115793,BOD-02,OP-02
2026-01-17,MP-0045,salida,37.9,CONS-115800,BOD-03,OP-01
2026-01-17,MP-0386,salida,83.8,CONS-115807,BOD-02,OP-05
2026-01-17,MP-0373,salida,173.9,CONS-115821,BOD-02,OP-02
2026-01-17,MP-0015,salida,33.6,CONS-115828,BOD-02,OP-03
2026-01-17,MP-0142,salida,51.2,CONS-115842,BOD-01,OP-05
2026-01-17,MP-0102,salida,62.5,CONS-115849,BOD-02,OP-04
2026-01-17,MP-0114,salida,14.9,CONS-115856,BOD-03,OP-02
2026-01-17,MP-0325,salida,40.1,CONS-115863,BOD-03,OP-03
2026-01-17,MP-0193,salida,36.2,CONS-115870,BOD-02,OP-02
2026-01-17,MP-0330,salida,16.7,CONS-115877,BOD-01,OP-03
2026-01-17,MP-0024,salida,120.3,CONS-115884,BOD-01,OP-01
2026-01-17,MP-0117,salida,17.8,CONS-115891,BOD-03,OP-01
2026-01-17,MP-0060,salida,15.9,CONS-115898,BOD-03,OP-03
2026-01-17,MP-0357,salida,19.5,CONS-115905,BOD-02,OP-04
2026-01-17,MP-0162,salida,3.0,CONS-115912,BOD-02,OP-06
2026-01-17,MP-0009,salida,72.8,CONS-115919,BOD-02,OP-03
2026-01-17,MP-0076,salida,100.7,CONS-115926,BOD-03,OP-02
2026-01-17,MP-0077,salida,106.1,CONS-115933,BOD-01,OP-05
2026-01-17,MP-0273,salida,113.1,CONS-115940,BOD-01,OP-01
2026-01-17,MP-0026,salida,24.7,CONS-115947,BOD-03,OP-03
2026-01-17,MP-0111,salida,37.9,CONS-115954,BOD-02,OP-06
2026-01-17,MP-0071,salida,30.1,CONS-115961,BOD-01,OP-06
2026-01-17,MP-0388,salida,29.0,CONS-115968,BOD-03,OP-02
2026-01-17,MP-0227,salida,17.4,CONS-115975,BOD-02,OP-06
2026-01-17,MP-0088,salida,90.9,CONS-115982,BOD-01,OP-04
2026-01-17,MP-0143,salida,101.7,CONS-115989,BOD-02,OP-01
2026-01-17,MP-0181,salida,85.4,CONS-115996,BOD-01,OP-05
2026-01-17,MP-0385,salida,25.0,CONS-116003,BOD-03,OP-02
2026-01-17,MP-0343,salida,102.4,CONS-116017,BOD-02,OP-04
2026-01-17,MP-0036,salida,38.0,CONS-116024,BOD-01,OP-02
2026-01-17,MP-0080,salida,42.0,CONS-116031,BOD-03,OP-02
2026-01-17,MP-0139,salida,77.4,CONS-116038,BOD-03,OP-02
2026-01-17,MP-0356,salida,49.6,CONS-116045,BOD-01,OP-04
2026-01-17,MP-0339,salida,16.5,CONS-116052,BOD-03,OP-03
2026-01-17,MP-0078,salida,29.9,CONS-116059,BOD-01,OP-03
2026-01-17,MP-0059,salida,18.4,CONS-116066,BOD-02,OP-02
2026-01-17,MP-0211,salida,14.4,CONS-116073,BOD-02,OP-01
2026-01-17,MP-0340,salida,14.4,CONS-116080,BOD-02,OP-05
2026-01-17,MP-0390,salida,10.4,CONS-116087,BOD-02,OP-02
2026-01-17,MP-0268,salida,9.5,CONS-116094,BOD-01,OP-02
2026-01-17,MP-0039,salida,12.1,CONS-116101,BOD-01,OP-06
2026-01-17,MP-0032,salida,23.6,CONS-116108,BOD-01,OP-01
2026-01-17,MP-0129,salida,80.1,CONS-116115,BOD-02,OP-01
2026-01-17,MP-0136,salida,68.9,CONS-116122,BOD-03,OP-04
2026-01-17,MP-0217,salida,60.8,CONS-116129,BOD-03,OP-01
2026-01-17,MP-0344,salida,100.8,CONS-116136,BOD-02,OP-03
2026-01-18,MP-0146,entrada,312,REC-OC-6164,BOD-03,OP-06
2026-01-18,MP-0088,entrada,347,REC-OC-5841,BOD-02,OP-05
2026-01-19,MP-0014,entrada,1056,REC-OC-5192,BOD-01,OP-01
2026-01-19,MP-0035,entrada,1343,REC-OC-5517,BOD-01,OP-06
2026-01-19,MP-0058,entrada,498,REC-OC-5694,BOD-01,OP-03
2026-01-21,MP-0019,salida,60.9,CONS-115367,BOD-01,OP-03
2026-01-21,MP-0022,salida,75.7,CONS-115374,BOD-02,OP-02
2026-01-21,MP-0094,salida,33.3,CONS-115381,BOD-02,OP-04
2026-01-21,MP-0074,salida,34.6,CONS-115388,BOD-03,OP-05
2026-01-21,MP-0370,salida,11.2,CONS-115395,BOD-03,OP-01
2026-01-21,MP-0299,salida,43.2,CONS-115402,BOD-02,OP-05
2026-01-21,MP-0309,salida,39.3,CONS-115409,BOD-03,OP-01
2026-01-21,MP-0418,salida,36.4,CONS-115416,BOD-03,OP-04
2026-01-21,MP-0005,salida,-55.3,CONS-115430,BOD-01,OP-06
2026-01-21,MP-0133,salida,26.8,CONS-115437,BOD-03,OP-02
2026-01-21,MP-0101,salida,23.6,CONS-115444,BOD-01,OP-03
2026-01-21,MP-0149,salida,112.4,CONS-115451,BOD-01,OP-04
2026-01-21,MP-0189,salida,19.1,CONS-115458,BOD-03,OP-04
2026-01-21,MP-0254,salida,27.8,CONS-115465,BOD-03,OP-04
2026-01-21,MP-0161,salida,10.4,CONS-115472,BOD-02,OP-02
2026-01-21,MP-0197,salida,25.1,CONS-115479,BOD-02,OP-01
2026-01-21,MP-0018,salida,8.2,CONS-115493,BOD-02,OP-06
2026-01-21,MP-0137,salida,41.5,CONS-115500,BOD-03,OP-04
2026-01-21,MP-0073,salida,59.8,CONS-115507,BOD-02,OP-06
2026-01-21,MP-0199,salida,50.9,CONS-115521,BOD-03,OP-02
2026-01-21,MP-0232,salida,45.5,CONS-115528,BOD-03,OP-04
2026-01-21,MP-0027,salida,15.5,CONS-115535,BOD-01,OP-06
2026-01-21,MP-0116,salida,46.7,CONS-115542,BOD-01,OP-05
2026-01-21,MP-0108,salida,83.4,CONS-115549,BOD-03,OP-02
2026-01-21,MP-0293,salida,82.0,CONS-115556,BOD-03,OP-06
2026-01-21,MP-0239,salida,38.9,CONS-115563,BOD-02,OP-02
2026-01-21,MP-0016,salida,219.9,CONS-115570,BOD-03,OP-01
2026-01-21,MP-0030,salida,33.5,CONS-115577,BOD-02,OP-04
2026-01-21,MP-0120,salida,160.2,CONS-115584,BOD-03,OP-03
2026-01-21,MP-0043,salida,92.6,CONS-115591,BOD-03,OP-04
2026-01-21,MP-0182,salida,243.5,CONS-115598,BOD-03,OP-02
2026-01-21,MP-0369,salida,186.4,CONS-115605,BOD-01,OP-02
2026-01-21,MP-0157,salida,161.7,CONS-115612,BOD-01,OP-03
2026-01-21,MP-0001,salida,186.8,CONS-115619,BOD-01,OP-06
2026-01-21,MP-0014,salida,151.8,CONS-115626,BOD-01,OP-01
2026-01-21,MP-0128,salida,206.7,CONS-115633,BOD-02,OP-06
2026-01-21,MP-0047,salida,80.2,CONS-115640,BOD-02,OP-04
2026-01-21,MP-0244,salida,90.5,CONS-115647,BOD-01,OP-04
2026-01-21,MP-0122,salida,62.8,CONS-115654,BOD-03,OP-06
2026-01-21,MP-0132,salida,104.2,CONS-115661,BOD-03,OP-02
2026-01-21,MP-0131,salida,38.5,CONS-115668,BOD-01,OP-02
2026-01-21,MP-0272,salida,10.2,CONS-115682,BOD-01,OP-06
2026-01-21,MP-0002,salida,116.7,CONS-115696,BOD-01,OP-02
2026-01-21,MP-0085,salida,134.3,CONS-115710,BOD-01,OP-01
2026-01-21,MP-0153,salida,115.1,CONS-115724,BOD-01,OP-01
2026-01-21,MP-0178,salida,54.3,CONS-115731,BOD-03,OP-03
2026-01-21,MP-0229,salida,256.5,CONS-115738,BOD-01,OP-05
2026-01-21,MP-0013,salida,64.6,CONS-115745,BOD-02,OP-04
2026-01-21,MP-0020,salida,50.6,CONS-115752,BOD-01,OP-06
2026-01-21,MP-0106,salida,42.5,CONS-115759,BOD-03,OP-03
2026-01-21,MP-0051,salida,153.7,CONS-115766,BOD-01,OP-04
2026-01-21,MP-0411,salida,64.1,CONS-115773,BOD-01,OP-04
2026-01-21,MP-0238,salida,60.3,CONS-115780,BOD-02,OP-05
2026-01-21,MP-0004,salida,67.6,CONS-115787,BOD-02,OP-02
2026-01-21,MP-0033,salida,59.7,CONS-115794,BOD-01,OP-01
2026-01-21,MP-0045,salida,37.9,CONS-115801,BOD-02,OP-05
2026-01-21,MP-0386,salida,83.8,CONS-115808,BOD-01,OP-04
2026-01-21,MP-0393,salida,26.9,CONS-115815,BOD-01,OP-01
2026-01-21,MP-0373,salida,173.9,CONS-115822,BOD-03,OP-05
2026-01-21,MP-0015,salida,33.6,CONS-115829,BOD-01,OP-06
2026-01-21,MP-0012,salida,51.0,CONS-115836,BOD-01,OP-03
2026-01-21,MP-0142,salida,51.2,CONS-115843,BOD-02,OP-06
2026-01-21,MP-0102,salida,62.5,CONS-115850,BOD-01,OP-06
2026-01-21,MP-0114,salida,14.9,CONS-115857,BOD-03,OP-03
2026-01-21,MP-0325,salida,40.1,CONS-115864,BOD-02,OP-01
2026-01-21,MP-0193,salida,36.2,CONS-115871,BOD-03,OP-01
2026-01-21,MP-0330,salida,16.7,CONS-115878,BOD-01,OP-01
2026-01-21,MP-0024,salida,120.3,CONS-115885,BOD-02,OP-04
2026-01-21,MP-0117,salida,17.8,CONS-115892,BOD-02,OP-02
2026-01-21,MP-0060,salida,15.9,CONS-115899,BOD-01,OP-02
2026-01-21,MP-0357,salida,19.5,CONS-115906,BOD-02,OP-06
2026-01-21,MP-0162,salida,3.0,CONS-115913,BOD-02,OP-05
2026-01-21,MP-0009,salida,72.8,CONS-115920,BOD-01,OP-06
2026-01-21,MP-0076,salida,100.7,CONS-115927,BOD-01,OP-03
2026-01-21,MP-0077,salida,106.1,CONS-115934,BOD-02,OP-04
2026-01-21,MP-0273,salida,113.1,CONS-115941,BOD-01,OP-01
2026-01-21,MP-0026,salida,24.7,CONS-115948,BOD-02,OP-06
2026-01-21,MP-0111,salida,37.9,CONS-115955,BOD-03,OP-05
2026-01-21,MP-0071,salida,30.1,CONS-115962,BOD-01,OP-03
2026-01-21,MP-0388,salida,29.0,CONS-115969,BOD-03,OP-03
2026-01-21,MP-0227,salida,17.4,CONS-115976,BOD-01,OP-02
2026-01-21,MP-0088,salida,90.9,CONS-115983,BOD-03,OP-01
2026-01-21,MP-0143,salida,101.7,CONS-115990,BOD-03,OP-05
2026-01-21,MP-0181,salida,85.4,CONS-115997,BOD-03,OP-06
2026-01-21,MP-0385,salida,25.0,CONS-116004,BOD-01,OP-01
2026-01-21,MP-0321,salida,46.1,CONS-116011,BOD-02,OP-01
2026-01-21,MP-0343,salida,102.4,CONS-116018,BOD-03,OP-03
2026-01-21,MP-0036,salida,38.0,CONS-116025,BOD-01,OP-05
2026-01-21,MP-0080,salida,42.0,CONS-116032,BOD-03,OP-01
2026-01-21,MP-0139,salida,77.4,CONS-116039,BOD-01,OP-05
2026-01-21,MP-0356,salida,49.6,CONS-116046,BOD-03,OP-01
2026-01-21,MP-0339,salida,16.5,CONS-116053,BOD-03,OP-04
2026-01-21,MP-0078,salida,29.9,CONS-116060,BOD-02,OP-06
2026-01-21,MP-0059,salida,18.4,CONS-116067,BOD-02,OP-04
2026-01-21,MP-0211,salida,14.4,CONS-116074,BOD-02,OP-04
2026-01-21,MP-0340,salida,14.4,CONS-116081,BOD-01,OP-05
2026-01-21,MP-0390,salida,10.4,CONS-116088,BOD-02,OP-04
2026-01-21,MP-0268,salida,9.5,CONS-116095,BOD-02,OP-05
2026-01-21,MP-0039,salida,12.1,CONS-116102,BOD-01,OP-06
2026-01-21,MP-0136,salida,68.9,CONS-116123,BOD-02,OP-06
2026-01-21,MP-0217,salida,60.8,CONS-116130,BOD-02,OP-04
2026-01-21,MP-0344,salida,100.8,CONS-116137,BOD-03,OP-03
2026-01-22,MP-0023,entrada,1962,REC-OC-5314,BOD-02,OP-06
2026-01-22,MP-0208,entrada,110,REC-OC-6250,BOD-02,OP-01
2026-01-23,MP-0174,entrada,34,REC-OC-6215,BOD-03,OP-06
2026-01-24,MP-0121,entrada,437,REC-OC-6017,BOD-01,OP-02
2026-01-25,MP-0136,entrada,212,REC-OC-6109,BOD-02,OP-06
2026-01-25,MP-0079,entrada,121,REC-OC-5789,BOD-01,OP-01
2026-01-25,MP-0152,entrada,69,REC-OC-6192,BOD-02,OP-02
2026-01-25,MP-0058,entrada,457,REC-OC-5702,BOD-02,OP-06
2026-01-25,MP-0019,salida,60.9,CONS-115368,BOD-01,OP-06
2026-01-25,MP-0022,salida,75.7,CONS-115375,BOD-01,OP-03
2026-01-25,MP-0074,salida,34.6,CONS-115389,BOD-03,OP-02
2026-01-25,MP-0370,salida,11.2,CONS-115396,BOD-02,OP-04
2026-01-25,MP-0299,salida,43.2,CONS-115403,BOD-03,OP-04
2026-01-25,MP-0418,salida,36.4,CONS-115417,BOD-03,OP-02
2026-01-25,MP-0008,salida,123.2,CONS-115424,BOD-02,OP-02
2026-01-25,MP-0005,salida,55.3,CONS-115431,BOD-01,OP-03
2026-01-25,MP-0133,salida,26.8,CONS-115438,BOD-03,OP-06
2026-01-25,MP-0101,salida,23.6,CONS-115445,BOD-03,OP-05
2026-01-25,MP-0149,salida,112.4,CONS-115452,BOD-02,OP-01
2026-01-25,MP-0189,salida,19.1,CONS-115459,BOD-02,OP-03
2026-01-25,MP-0254,salida,27.8,CONS-115466,BOD-02,OP-04
2026-01-25,MP-0161,salida,10.4,CONS-115473,BOD-01,OP-06
2026-01-25,MP-0197,salida,25.1,CONS-115480,BOD-02,OP-06
2026-01-25,MP-0037,salida,49.5,CONS-115487,BOD-01,OP-06
2026-01-25,MP-0018,salida,8.2,CONS-115494,BOD-01,OP-03
2026-01-25,MP-0137,salida,41.5,CONS-115501,BOD-02,OP-05
2026-01-25,MP-0073,salida,59.8,CONS-115508,BOD-02,OP-05
2026-01-25,MP-0118,salida,53.8,CONS-115515,BOD-03,OP-04
2026-01-25,MP-0199,salida,50.9,CONS-115522,BOD-02,OP-05
2026-01-25,MP-0232,salida,45.5,CONS-115529,BOD-01,OP-04
2026-01-25,MP-0027,salida,15.5,CONS-115536,BOD-03,OP-06
2026-01-25,MP-0116,salida,46.7,CONS-115543,BOD-02,OP-02
2026-01-25,MP-0108,salida,-83.4,CONS-115550,BOD-01,OP-02
2026-01-25,MP-0293,salida,82.0,CONS-115557,BOD-03,OP-03
2026-01-25,MP-0239,salida,38.9,CONS-115564,BOD-03,OP-01
2026-01-25,MP-0016,salida,219.9,CONS-115571,BOD-03,OP-01
2026-01-25,MP-0030,salida,33.5,CONS-115578,BOD-01,OP-05
2026-01-25,MP-0120,salida,160.2,CONS-115585,BOD-03,OP-05
2026-01-25,MP-0043,salida,92.6,CONS-115592,BOD-03,OP-02
2026-01-25,MP-0182,salida,243.5,CONS-115599,BOD-03,OP-05
2026-01-25,MP-0369,salida,186.4,CONS-115606,BOD-03,OP-03
2026-01-25,MP-0157,salida,161.7,CONS-115613,BOD-01,OP-01
2026-01-25,MP-0001,salida,186.8,CONS-115620,BOD-02,OP-01
2026-01-25,MP-0014,salida,151.8,CONS-115627,BOD-03,OP-04
2026-01-25,MP-0128,salida,206.7,CONS-115634,BOD-01,OP-06
2026-01-25,MP-0047,salida,-80.2,CONS-115641,BOD-03,OP-03
2026-01-25,MP-0244,salida,90.5,CONS-115648,BOD-02,OP-05
2026-01-25,MP-0122,salida,62.8,CONS-115655,BOD-02,OP-05
2026-01-25,MP-0132,salida,104.2,CONS-115662,BOD-01,OP-04
2026-01-25,MP-0131,salida,38.5,CONS-115669,BOD-03,OP-03
2026-01-25,MP-0010,salida,205.4,CONS-115690,BOD-01,OP-06
2026-01-25,MP-0002,salida,116.7,CONS-115697,BOD-02,OP-05
2026-01-25,MP-0150,salida,163.3,CONS-115704,BOD-02,OP-04
2026-01-25,MP-0085,salida,134.3,CONS-115711,BOD-01,OP-05
2026-01-25,MP-0153,salida,115.1,CONS-115725,BOD-02,OP-05
2026-01-25,MP-0178,salida,54.3,CONS-115732,BOD-03,OP-04
2026-01-25,MP-0229,salida,256.5,CONS-115739,BOD-03,OP-06
2026-01-25,MP-0013,salida,64.6,CONS-115746,BOD-02,OP-06
2026-01-25,MP-0020,salida,50.6,CONS-115753,BOD-01,OP-01
2026-01-25,MP-0106,salida,42.5,CONS-115760,BOD-03,OP-04
2026-01-25,MP-0051,salida,153.7,CONS-115767,BOD-01,OP-06
2026-01-25,MP-0411,salida,64.1,CONS-115774,BOD-03,OP-02
2026-01-25,MP-0238,salida,60.3,CONS-115781,BOD-03,OP-01
2026-01-25,MP-0004,salida,67.6,CONS-115788,BOD-02,OP-06
2026-01-25,MP-0033,salida,59.7,CONS-115795,BOD-03,OP-04
2026-01-25,MP-0386,salida,83.8,CONS-115809,BOD-03,OP-05
2026-01-25,MP-0393,salida,26.9,CONS-115816,BOD-02,OP-04
2026-01-25,MP-0015,salida,33.6,CONS-115830,BOD-03,OP-03
2026-01-25,MP-0012,salida,51.0,CONS-115837,BOD-03,OP-03
2026-01-25,MP-0142,salida,51.2,CONS-115844,BOD-02,OP-02
2026-01-25,MP-0102,salida,62.5,CONS-115851,BOD-03,OP-06
2026-01-25,MP-0114,salida,14.9,CONS-115858,BOD-01,OP-05
2026-01-25,MP-0325,salida,40.1,CONS-115865,BOD-02,OP-04
2026-01-25,MP-0193,salida,36.2,CONS-115872,BOD-01,OP-01
2026-01-25,MP-0330,salida,16.7,CONS-115879,BOD-01,OP-04
2026-01-25,MP-0024,salida,120.3,CONS-115886,BOD-02,OP-03
2026-01-25,MP-0117,salida,17.8,CONS-115893,BOD-03,OP-01
2026-01-25,MP-0060,salida,-15.9,CONS-115900,BOD-01,OP-05
2026-01-25,MP-0357,salida,19.5,CONS-115907,BOD-03,OP-05
2026-01-25,MP-0162,salida,3.0,CONS-115914,BOD-01,OP-04
2026-01-25,MP-0009,salida,72.8,CONS-115921,BOD-03,OP-06
2026-01-25,MP-0076,salida,100.7,CONS-115928,BOD-03,OP-06
2026-01-25,MP-0077,salida,106.1,CONS-115935,BOD-01,OP-01
2026-01-25,MP-0273,salida,113.1,CONS-115942,BOD-03,OP-05
2026-01-25,MP-0026,salida,24.7,CONS-115949,BOD-02,OP-06
2026-01-25,MP-0111,salida,37.9,CONS-115956,BOD-03,OP-05
2026-01-25,MP-0071,salida,30.1,CONS-115963,BOD-03,OP-01
2026-01-25,MP-0388,salida,29.0,CONS-115970,BOD-03,OP-03
2026-01-25,MP-0227,salida,17.4,CONS-115977,BOD-02,OP-05
2026-01-25,MP-0088,salida,90.9,CONS-115984,BOD-03,OP-01
2026-01-25,MP-0143,salida,101.7,CONS-115991,BOD-02,OP-03
2026-01-25,MP-0181,salida,85.4,CONS-115998,BOD-03,OP-04
2026-01-25,MP-0385,salida,25.0,CONS-116005,BOD-03,OP-03
2026-01-25,MP-0321,salida,46.1,CONS-116012,BOD-01,OP-03
2026-01-25,MP-0343,salida,102.4,CONS-116019,BOD-01,OP-04
2026-01-25,MP-0036,salida,38.0,CONS-116026,BOD-03,OP-04
2026-01-25,MP-0080,salida,42.0,CONS-116033,BOD-03,OP-02
2026-01-25,MP-0139,salida,77.4,CONS-116040,BOD-02,OP-04
2026-01-25,MP-0356,salida,49.6,CONS-116047,BOD-02,OP-03
2026-01-25,MP-0339,salida,16.5,CONS-116054,BOD-03,OP-06
2026-01-25,MP-0078,salida,29.9,CONS-116061,BOD-02,OP-03
2026-01-25,MP-0059,salida,18.4,CONS-116068,BOD-01,OP-04
2026-01-25,MP-0211,salida,14.4,CONS-116075,BOD-01,OP-06
2026-01-25,MP-0340,salida,14.4,CONS-116082,BOD-02,OP-06
2026-01-25,MP-0390,salida,10.4,CONS-116089,BOD-01,OP-02
2026-01-25,MP-0268,salida,9.5,CONS-116096,BOD-03,OP-01
2026-01-25,MP-0032,salida,23.6,CONS-116110,BOD-02,OP-03
2026-01-25,MP-0129,salida,80.1,CONS-116117,BOD-03,OP-05
2026-01-25,MP-0136,salida,68.9,CONS-116124,BOD-02,OP-02
2026-01-25,MP-0217,salida,60.8,CONS-116131,BOD-03,OP-06
2026-01-25,MP-0344,salida,100.8,CONS-116138,BOD-02,OP-06
2026-01-26,MP-0025,entrada,717,REC-OC-5357,BOD-03,OP-02
2026-01-26,MP-0302,entrada,67,REC-OC-6347,BOD-02,OP-01
2026-01-26,MP-0395,entrada,53,REC-OC-6445,BOD-01,OP-06
2026-01-26,MP-0039,entrada,1002,REC-OC-5562,BOD-01,OP-03
2026-01-27,MP-0043,entrada,189,REC-OC-5601,BOD-03,OP-05
2026-01-27,MP-0018,entrada,1545,REC-OC-5253,BOD-01,OP-04
2026-01-27,MP-0379,entrada,4,REC-OC-6428,BOD-02,OP-06
2026-01-27,MP-0130,entrada,254,REC-OC-6072,BOD-03,OP-01
2026-01-27,MP-0213,entrada,17,REC-OC-6255,BOD-01,OP-01
2026-01-27,MP-0012,entrada,1029,REC-OC-5161,BOD-03,OP-03
2026-01-28,MP-0066,entrada,378,REC-OC-5732,BOD-02,OP-03
2026-01-28,MP-0043,entrada,268,REC-OC-5602,BOD-02,OP-06
2026-01-29,MP-0032,entrada,1540,REC-OC-5461,BOD-03,OP-04
2026-01-29,MP-0011,entrada,1657,REC-OC-5143,BOD-01,OP-06
2026-01-29,MP-0054,entrada,303,REC-OC-5667,BOD-01,OP-04
2026-01-29,MP-0145,entrada,458,REC-OC-6159,BOD-03,OP-06
2026-01-29,MP-0030,entrada,1513,REC-OC-5412,BOD-01,OP-03
2026-01-30,MP-0111,entrada,178,REC-OC-5972,BOD-02,OP-03
2026-01-30,MP-0029,entrada,899,REC-OC-5391,BOD-01,OP-04
2026-02-01,MP-0002,entrada,2444,REC-OC-5025,BOD-03,OP-01
2026-02-01,MP-0019,salida,90.6,CONS-116139,BOD-02,OP-06
2026-02-01,MP-0022,salida,133.4,CONS-116146,BOD-01,OP-02
2026-02-01,MP-0094,salida,65.8,CONS-116153,BOD-02,OP-03
2026-02-01,MP-0074,salida,68.4,CONS-116160,BOD-03,OP-06
2026-02-01,MP-0370,salida,22.1,CONS-116167,BOD-01,OP-02
2026-02-01,MP-0309,salida,77.6,CONS-116181,BOD-01,OP-06
2026-02-01,MP-0418,salida,72.0,CONS-116188,BOD-03,OP-06
2026-02-01,MP-0008,salida,117.8,CONS-116195,BOD-01,OP-02
2026-02-01,MP-0005,salida,96.5,CONS-116202,BOD-02,OP-03
2026-02-01,MP-0133,salida,120.2,CONS-116209,BOD-02,OP-06
2026-02-01,MP-0101,salida,105.6,CONS-116216,BOD-02,OP-02
2026-02-01,MP-0149,salida,148.5,CONS-116223,BOD-03,OP-02
2026-02-01,MP-0189,salida,85.4,CONS-116230,BOD-03,OP-06
2026-02-01,MP-0254,salida,124.3,CONS-116237,BOD-02,OP-01
2026-02-01,MP-0161,salida,46.4,CONS-116244,BOD-02,OP-02
2026-02-01,MP-0197,salida,112.5,CONS-116251,BOD-02,OP-02
2026-02-01,MP-0037,salida,23.9,CONS-116258,BOD-03,OP-03
2026-02-01,MP-0018,salida,4.0,CONS-116265,BOD-03,OP-02
2026-02-01,MP-0137,salida,20.0,CONS-116272,BOD-03,OP-06
2026-02-01,MP-0073,salida,28.9,CONS-116279,BOD-03,OP-03
2026-02-01,MP-0118,salida,25.9,CONS-116286,BOD-01,OP-06
2026-02-01,MP-0232,salida,21.9,CONS-116300,BOD-01,OP-06
2026-02-01,MP-0027,salida,12.6,CONS-116307,BOD-02,OP-03
2026-02-01,MP-0116,salida,38.0,CONS-116314,BOD-01,OP-01
2026-02-01,MP-0108,salida,86.8,CONS-116321,BOD-03,OP-03
2026-02-01,MP-0293,salida,66.8,CONS-116328,BOD-01,OP-05
2026-02-01,MP-0239,salida,31.7,CONS-116335,BOD-02,OP-04
2026-02-01,MP-0016,salida,108.4,CONS-116342,BOD-03,OP-02
2026-02-01,MP-0030,salida,15.6,CONS-116349,BOD-02,OP-06
2026-02-01,MP-0120,salida,74.5,CONS-116356,BOD-01,OP-02
2026-02-01,MP-0182,salida,166.3,CONS-116370,BOD-02,OP-02
2026-02-01,MP-0157,salida,164.7,CONS-116384,BOD-03,OP-04
2026-02-01,MP-0001,salida,170.7,CONS-116391,BOD-02,OP-01
2026-02-01,MP-0014,salida,138.7,CONS-116398,BOD-02,OP-02
2026-02-01,MP-0128,salida,206.5,CONS-116405,BOD-02,OP-02
2026-02-01,MP-0047,salida,73.4,CONS-116412,BOD-02,OP-03
2026-02-01,MP-0244,salida,82.7,CONS-116419,BOD-02,OP-01
2026-02-01,MP-0132,salida,61.0,CONS-116433,BOD-03,OP-03
2026-02-01,MP-0131,salida,22.6,CONS-116440,BOD-01,OP-03
2026-02-01,MP-0272,salida,6.0,CONS-116454,BOD-01,OP-06
2026-02-01,MP-0010,salida,91.3,CONS-116461,BOD-03,OP-04
2026-02-01,MP-0002,salida,51.9,CONS-116468,BOD-03,OP-05
2026-02-01,MP-0150,salida,72.6,CONS-116475,BOD-01,OP-06
2026-02-01,MP-0085,salida,81.2,CONS-116482,BOD-01,OP-01
2026-02-01,MP-0202,salida,111.3,CONS-116489,BOD-02,OP-03
2026-02-01,MP-0153,salida,51.1,CONS-116496,BOD-02,OP-01
2026-02-01,MP-0229,salida,114.0,CONS-116510,BOD-01,OP-02
2026-02-01,MP-0013,salida,36.2,CONS-116517,BOD-03,OP-05
2026-02-01,MP-0106,salida,23.8,CONS-116531,BOD-02,OP-04
2026-02-01,MP-0051,salida,130.3,CONS-116538,BOD-03,OP-01
2026-02-01,MP-0238,salida,33.8,CONS-116552,BOD-01,OP-04
2026-02-01,MP-0004,salida,74.1,CONS-116559,BOD-02,OP-05
2026-02-01,MP-0033,salida,65.5,CONS-116566,BOD-02,OP-01
2026-02-01,MP-0045,salida,41.5,CONS-116573,BOD-03,OP-06
2026-02-01,MP-0386,salida,91.9,CONS-116580,BOD-03,OP-04
2026-02-01,MP-0393,salida,29.5,CONS-116587,BOD-03,OP-03
2026-02-01,MP-0373,salida,185.7,CONS-116594,BOD-02,OP-04
2026-02-01,MP-0015,salida,-61.9,CONS-116601,BOD-02,OP-05
2026-02-01,MP-0012,salida,93.9,CONS-116608,BOD-01,OP-03
2026-02-01,MP-0142,salida,94.4,CONS-116615,BOD-03,OP-01
2026-02-01,MP-0102,salida,115.0,CONS-116622,BOD-02,OP-04
2026-02-01,MP-0114,salida,27.4,CONS-116629,BOD-02,OP-06
2026-02-01,MP-0325,salida,74.0,CONS-116636,BOD-01,OP-05
2026-02-01,MP-0193,salida,66.6,CONS-116643,BOD-01,OP-05
2026-02-01,MP-0330,salida,30.7,CONS-116650,BOD-01,OP-03
2026-02-01,MP-0024,salida,202.9,CONS-116657,BOD-01,OP-01
2026-02-01,MP-0117,salida,112.8,CONS-116664,BOD-02,OP-02
2026-02-01,MP-0060,salida,100.9,CONS-116671,BOD-03,OP-06
2026-02-01,MP-0357,salida,-124.1,CONS-116678,BOD-01,OP-06
2026-02-01,MP-0162,salida,19.1,CONS-116685,BOD-01,OP-01
2026-02-01,MP-0009,salida,74.3,CONS-116692,BOD-03,OP-02
2026-02-01,MP-0076,salida,102.7,CONS-116699,BOD-02,OP-02
2026-02-01,MP-0077,salida,108.2,CONS-116706,BOD-01,OP-01
2026-02-01,MP-0273,salida,115.4,CONS-116713,BOD-02,OP-02
2026-02-01,MP-0026,salida,27.2,CONS-116720,BOD-01,OP-03
2026-02-01,MP-0111,salida,41.8,CONS-116727,BOD-01,OP-02
2026-02-01,MP-0071,salida,33.2,CONS-116734,BOD-01,OP-01
2026-02-01,MP-0388,salida,31.9,CONS-116741,BOD-03,OP-06
2026-02-01,MP-0227,salida,19.2,CONS-116748,BOD-03,OP-03
2026-02-01,MP-0181,salida,71.6,CONS-116769,BOD-01,OP-05
2026-02-01,MP-0385,salida,21.0,CONS-116776,BOD-03,OP-04
2026-02-01,MP-0321,salida,38.7,CONS-116783,BOD-01,OP-01
2026-02-01,MP-0343,salida,85.8,CONS-116790,BOD-03,OP-05
2026-02-01,MP-0036,salida,31.9,CONS-116797,BOD-01,OP-06
2026-02-01,MP-0080,salida,35.2,CONS-116804,BOD-01,OP-05
2026-02-01,MP-0139,salida,65.0,CONS-116811,BOD-01,OP-03
2026-02-01,MP-0356,salida,41.6,CONS-116818,BOD-03,OP-01
2026-02-01,MP-0339,salida,13.9,CONS-116825,BOD-01,OP-01
2026-02-01,MP-0078,salida,82.3,CONS-116832,BOD-02,OP-01
2026-02-01,MP-0059,salida,50.7,CONS-116839,BOD-03,OP-02
2026-02-01,MP-0211,salida,39.7,CONS-116846,BOD-02,OP-02
2026-02-01,MP-0340,salida,39.7,CONS-116853,BOD-03,OP-02
2026-02-01,MP-0390,salida,28.5,CONS-116860,BOD-01,OP-03
2026-02-01,MP-0268,salida,26.1,CONS-116867,BOD-02,OP-05
2026-02-01,MP-0039,salida,3.5,CONS-116874,BOD-03,OP-04
2026-02-01,MP-0032,salida,6.9,CONS-116881,BOD-01,OP-03
2026-02-01,MP-0129,salida,23.4,CONS-116888,BOD-02,OP-04
2026-02-01,MP-0136,salida,20.1,CONS-116895,BOD-03,OP-03
2026-02-01,MP-0217,salida,17.8,CONS-116902,BOD-01,OP-05
2026-02-01,MP-0344,salida,29.5,CONS-116909,BOD-01,OP-01
2026-02-01,MP-0018,ajuste,-37,AJU-120060,BOD-03,AUDIT
2026-02-02,MP-0126,entrada,256,REC-OC-6046,BOD-02,OP-01
2026-02-04,MP-0035,entrada,1695,REC-OC-5520,BOD-01,OP-03
2026-02-05,MP-0096,entrada,279,REC-OC-5890,BOD-02,OP-06
2026-02-05,MP-0019,salida,90.6,CONS-116140,BOD-03,OP-04
2026-02-05,MP-0022,salida,133.4,CONS-116147,BOD-02,OP-05
2026-02-05,MP-0074,salida,68.4,CONS-116161,BOD-02,OP-04
2026-02-05,MP-0370,salida,22.1,CONS-116168,BOD-01,OP-03
2026-02-05,MP-0299,salida,85.5,CONS-116175,BOD-01,OP-03
2026-02-05,MP-0309,salida,77.6,CONS-116182,BOD-02,OP-02
2026-02-05,MP-0418,salida,72.0,CONS-116189,BOD-01,OP-06
2026-02-05,MP-0008,salida,117.8,CONS-116196,BOD-02,OP-05
2026-02-05,MP-0005,salida,96.5,CONS-116203,BOD-01,OP-03
2026-02-05,MP-0133,salida,120.2,CONS-116210,BOD-02,OP-05
2026-02-05,MP-0101,salida,105.6,CONS-116217,BOD-01,OP-06
2026-02-05,MP-0149,salida,148.5,CONS-116224,BOD-02,OP-04
2026-02-05,MP-0189,salida,85.4,CONS-116231,BOD-01,OP-01
2026-02-05,MP-0254,salida,124.3,CONS-116238,BOD-03,OP-01
2026-02-05,MP-0161,salida,46.4,CONS-116245,BOD-02,OP-02
2026-02-05,MP-0197,salida,112.5,CONS-116252,BOD-02,OP-03
2026-02-05,MP-0037,salida,23.9,CONS-116259,BOD-01,OP-01
2026-02-05,MP-0018,salida,4.0,CONS-116266,BOD-03,OP-02
2026-02-05,MP-0137,salida,20.0,CONS-116273,BOD-01,OP-01
2026-02-05,MP-0073,salida,28.9,CONS-116280,BOD-01,OP-01
2026-02-05,MP-0118,salida,25.9,CONS-116287,BOD-01,OP-06
2026-02-05,MP-0232,salida,21.9,CONS-116301,BOD-01,OP-01
2026-02-05,MP-0027,salida,12.6,CONS-116308,BOD-02,OP-01
2026-02-05,MP-0116,salida,38.0,CONS-116315,BOD-02,OP-04
2026-02-05,MP-0108,salida,86.8,CONS-116322,BOD-03,OP-05
2026-02-05,MP-0293,salida,66.8,CONS-116329,BOD-03,OP-06
2026-02-05,MP-0239,salida,-31.7,CONS-116336,BOD-02,OP-01
2026-02-05,MP-0016,salida,108.4,CONS-116343,BOD-02,OP-04
2026-02-05,MP-0030,salida,15.6,CONS-116350,BOD-03,OP-04
2026-02-05,MP-0120,salida,74.5,CONS-116357,BOD-02,OP-01
2026-02-05,MP-0043,salida,43.1,CONS-116364,BOD-03,OP-02
2026-02-05,MP-0182,salida,166.3,CONS-116371,BOD-01,OP-06
2026-02-05,MP-0369,salida,86.7,CONS-116378,BOD-01,OP-05
2026-02-05,MP-0157,salida,164.7,CONS-116385,BOD-02,OP-04
2026-02-05,MP-0014,salida,138.7,CONS-116399,BOD-02,OP-03
2026-02-05,MP-0128,salida,206.5,CONS-116406,BOD-01,OP-02
2026-02-05,MP-0047,salida,73.4,CONS-116413,BOD-01,OP-01
2026-02-05,MP-0244,salida,82.7,CONS-116420,BOD-02,OP-06
2026-02-05,MP-0122,salida,36.8,CONS-116427,BOD-03,OP-03
2026-02-05,MP-0132,salida,61.0,CONS-116434,BOD-01,OP-02
2026-02-05,MP-0131,salida,22.6,CONS-116441,BOD-03,OP-01
2026-02-05,MP-0216,salida,47.1,CONS-116448,BOD-02,OP-06
2026-02-05,MP-0010,salida,91.3,CONS-116462,BOD-02,OP-01
2026-02-05,MP-0002,salida,51.9,CONS-116469,BOD-03,OP-01
2026-02-05,MP-0085,salida,81.2,CONS-116483,BOD-01,OP-02
2026-02-05,MP-0202,salida,111.3,CONS-116490,BOD-01,OP-04
2026-02-05,MP-0153,salida,51.1,CONS-116497,BOD-03,OP-02
2026-02-05,MP-0229,salida,114.0,CONS-116511,BOD-02,OP-03
2026-02-05,MP-0013,salida,36.2,CONS-116518,BOD-01,OP-03
2026-02-05,MP-0020,salida,111.9,CONS-116525,BOD-01,OP-04
2026-02-05,MP-0106,salida,23.8,CONS-116532,BOD-03,OP-04
2026-02-05,MP-0051,salida,130.3,CONS-116539,BOD-01,OP-05
2026-02-05,MP-0411,salida,35.9,CONS-116546,BOD-02,OP-01
2026-02-05,MP-0238,salida,33.8,CONS-116553,BOD-03,OP-06
2026-02-05,MP-0004,salida,74.1,CONS-116560,BOD-01,OP-02
2026-02-05,MP-0033,salida,65.5,CONS-116567,BOD-03,OP-04
2026-02-05,MP-0045,salida,41.5,CONS-116574,BOD-02,OP-02
2026-02-05,MP-0386,salida,91.9,CONS-116581,BOD-01,OP-05
2026-02-05,MP-0393,salida,29.5,CONS-116588,BOD-01,OP-02
2026-02-05,MP-0015,salida,61.9,CONS-116602,BOD-01,OP-04
2026-02-05,MP-0012,salida,93.9,CONS-116609,BOD-02,OP-04
2026-02-05,MP-0142,salida,94.4,CONS-116616,BOD-03,OP-04
2026-02-05,MP-0114,salida,27.4,CONS-116630,BOD-02,OP-06
2026-02-05,MP-0325,salida,74.0,CONS-116637,BOD-02,OP-06
2026-02-05,MP-0193,salida,66.6,CONS-116644,BOD-03,OP-06
2026-02-05,MP-0330,salida,30.7,CONS-116651,BOD-02,OP-05
2026-02-05,MP-0024,salida,202.9,CONS-116658,BOD-01,OP-05
2026-02-05,MP-0117,salida,112.8,CONS-116665,BOD-02,OP-04
2026-02-05,MP-0060,salida,100.9,CONS-116672,BOD-01,OP-06
2026-02-05,MP-0357,salida,124.1,CONS-116679,BOD-02,OP-01
2026-02-05,MP-0162,salida,19.1,CONS-116686,BOD-01,OP-01
2026-02-05,MP-0009,salida,74.3,CONS-116693,BOD-02,OP-04
2026-02-05,MP-0077,salida,108.2,CONS-116707,BOD-01,OP-05
2026-02-05,MP-0273,salida,115.4,CONS-116714,BOD-03,OP-05
2026-02-05,MP-0026,salida,27.2,CONS-116721,BOD-02,OP-01
2026-02-05,MP-0111,salida,41.8,CONS-116728,BOD-02,OP-03
2026-02-05,MP-0071,salida,33.2,CONS-116735,BOD-01,OP-04
2026-02-05,MP-0388,salida,31.9,CONS-116742,BOD-01,OP-03
2026-02-05,MP-0227,salida,19.2,CONS-116749,BOD-01,OP-06
2026-02-05,MP-0088,salida,76.2,CONS-116756,BOD-03,OP-01
2026-02-05,MP-0143,salida,85.3,CONS-116763,BOD-01,OP-04
2026-02-05,MP-0181,salida,71.6,CONS-116770,BOD-02,OP-01
2026-02-05,MP-0385,salida,21.0,CONS-116777,BOD-01,OP-03
2026-02-05,MP-0321,salida,38.7,CONS-116784,BOD-03,OP-06
2026-02-05,MP-0343,salida,85.8,CONS-116791,BOD-01,OP-06
2026-02-05,MP-0036,salida,31.9,CONS-116798,BOD-02,OP-03
2026-02-05,MP-0080,salida,35.2,CONS-116805,BOD-03,OP-06
2026-02-05,MP-0139,salida,65.0,CONS-116812,BOD-02,OP-06
2026-02-05,MP-0356,salida,41.6,CONS-116819,BOD-03,OP-01
2026-02-05,MP-0339,salida,13.9,CONS-116826,BOD-02,OP-04
2026-02-05,MP-0059,salida,50.7,CONS-116840,BOD-02,OP-04
2026-02-05,MP-0211,salida,39.7,CONS-116847,BOD-02,OP-06
2026-02-05,MP-0340,salida,39.7,CONS-116854,BOD-03,OP-05
2026-02-05,MP-0390,salida,28.5,CONS-116861,BOD-02,OP-06
2026-02-05,MP-0268,salida,26.1,CONS-116868,BOD-02,OP-05
2026-02-05,MP-0039,salida,3.5,CONS-116875,BOD-02,OP-02
2026-02-05,MP-0032,salida,6.9,CONS-116882,BOD-01,OP-01
2026-02-05,MP-0129,salida,23.4,CONS-116889,BOD-01,OP-01
2026-02-05,MP-0136,salida,20.1,CONS-116896,BOD-02,OP-05
2026-02-05,MP-0217,salida,17.8,CONS-116903,BOD-01,OP-06
2026-02-05,MP-0344,salida,29.5,CONS-116910,BOD-03,OP-05
2026-02-06,MP-0008,entrada,905,REC-OC-5091,BOD-01,OP-01
2026-02-07,MP-0033,entrada,2066,REC-OC-5483,BOD-03,OP-03
2026-02-09,MP-0138,entrada,262,REC-OC-6122,BOD-01,OP-06
2026-02-09,MP-0091,entrada,253,REC-OC-5860,BOD-03,OP-04
2026-02-09,MP-0200,entrada,54,REC-OC-6242,BOD-01,OP-01
2026-02-09,MP-0019,salida,90.6,CONS-116141,BOD-02,OP-03
2026-02-09,MP-0022,salida,133.4,CONS-116148,BOD-02,OP-03
2026-02-09,MP-0094,salida,65.8,CONS-116155,BOD-03,OP-02
2026-02-09,MP-0074,salida,68.4,CONS-116162,BOD-03,OP-03
2026-02-09,MP-0370,salida,22.1,CONS-116169,BOD-03,OP-02
2026-02-09,MP-0299,salida,85.5,CONS-116176,BOD-02,OP-06
2026-02-09,MP-0309,salida,77.6,CONS-116183,BOD-03,OP-03
2026-02-09,MP-0418,salida,72.0,CONS-116190,BOD-01,OP-03
2026-02-09,MP-0008,salida,117.8,CONS-116197,BOD-01,OP-06
2026-02-09,MP-0005,salida,96.5,CONS-116204,BOD-03,OP-04
2026-02-09,MP-0133,salida,120.2,CONS-116211,BOD-02,OP-06
2026-02-09,MP-0101,salida,105.6,CONS-116218,BOD-03,OP-03
2026-02-09,MP-0149,salida,148.5,CONS-116225,BOD-03,OP-02
2026-02-09,MP-0189,salida,85.4,CONS-116232,BOD-01,OP-04
2026-02-09,MP-0254,salida,124.3,CONS-116239,BOD-01,OP-06
2026-02-09,MP-0161,salida,46.4,CONS-116246,BOD-01,OP-05
2026-02-09,MP-0197,salida,112.5,CONS-116253,BOD-03,OP-04
2026-02-09,MP-0037,salida,23.9,CONS-116260,BOD-01,OP-06
2026-02-09,MP-0018,salida,4.0,CONS-116267,BOD-01,OP-06
2026-02-09,MP-0137,salida,20.0,CONS-116274,BOD-01,OP-04
2026-02-09,MP-0073,salida,28.9,CONS-116281,BOD-03,OP-04
2026-02-09,MP-0232,salida,21.9,CONS-116302,BOD-01,OP-02
2026-02-09,MP-0027,salida,12.6,CONS-116309,BOD-02,OP-06
2026-02-09,MP-0116,salida,38.0,CONS-116316,BOD-01,OP-06
2026-02-09,MP-0108,salida,86.8,CONS-116323,BOD-03,OP-05
2026-02-09,MP-0293,salida,66.8,CONS-116330,BOD-03,OP-01
2026-02-09,MP-0239,salida,31.7,CONS-116337,BOD-01,OP-03
2026-02-09,MP-0016,salida,108.4,CONS-116344,BOD-03,OP-01
2026-02-09,MP-0030,salida,15.6,CONS-116351,BOD-01,OP-05
2026-02-09,MP-0120,salida,74.5,CONS-116358,BOD-02,OP-01
2026-02-09,MP-0043,salida,43.1,CONS-116365,BOD-03,OP-04
2026-02-09,MP-0182,salida,166.3,CONS-116372,BOD-01,OP-02
2026-02-09,MP-0369,salida,86.7,CONS-116379,BOD-01,OP-04
2026-02-09,MP-0001,salida,170.7,CONS-116393,BOD-03,OP-05
2026-02-09,MP-0014,salida,138.7,CONS-116400,BOD-01,OP-04
2026-02-09,MP-0128,salida,206.5,CONS-116407,BOD-01,OP-02
2026-02-09,MP-0047,salida,73.4,CONS-116414,BOD-02,OP-04
2026-02-09,MP-0122,salida,36.8,CONS-116428,BOD-03,OP-01
2026-02-09,MP-0132,salida,61.0,CONS-116435,BOD-02,OP-06
2026-02-09,MP-0216,salida,47.1,CONS-116449,BOD-02,OP-01
2026-02-09,MP-0010,salida,91.3,CONS-116463,BOD-01,OP-04
2026-02-09,MP-0002,salida,51.9,CONS-116470,BOD-02,OP-01
2026-02-09,MP-0150,salida,72.6,CONS-116477,BOD-01,OP-04
2026-02-09,MP-0085,salida,81.2,CONS-116484,BOD-01,OP-05
2026-02-09,MP-0202,salida,111.3,CONS-116491,BOD-02,OP-04
2026-02-09,MP-0153,salida,51.1,CONS-116498,BOD-01,OP-06
2026-02-09,MP-0178,salida,24.1,CONS-116505,BOD-02,OP-02
2026-02-09,MP-0229,salida,114.0,CONS-116512,BOD-01,OP-06
2026-02-09,MP-0013,salida,36.2,CONS-116519,BOD-01,OP-03
2026-02-09,MP-0020,salida,111.9,CONS-116526,BOD-02,OP-03
2026-02-09,MP-0106,salida,23.8,CONS-116533,BOD-03,OP-04
2026-02-09,MP-0051,salida,130.3,CONS-116540,BOD-03,OP-06
2026-02-09,MP-0411,salida,35.9,CONS-116547,BOD-01,OP-03
2026-02-09,MP-0238,salida,33.8,CONS-116554,BOD-02,OP-06
2026-02-09,MP-0004,salida,74.1,CONS-116561,BOD-02,OP-04
2026-02-09,MP-0033,salida,65.5,CONS-116568,BOD-03,OP-06
2026-02-09,MP-0045,salida,41.5,CONS-116575,BOD-02,OP-06
2026-02-09,MP-0386,salida,91.9,CONS-116582,BOD-01,OP-05
2026-02-09,MP-0393,salida,29.5,CONS-116589,BOD-02,OP-03
2026-02-09,MP-0373,salida,185.7,CONS-116596,BOD-03,OP-05
2026-02-09,MP-0015,salida,61.9,CONS-116603,BOD-03,OP-01
2026-02-09,MP-0012,salida,93.9,CONS-116610,BOD-01,OP-01
2026-02-09,MP-0142,salida,94.4,CONS-116617,BOD-01,OP-05
2026-02-09,MP-0102,salida,115.0,CONS-116624,BOD-02,OP-03
2026-02-09,MP-0114,salida,27.4,CONS-116631,BOD-02,OP-04
2026-02-09,MP-0325,salida,74.0,CONS-116638,BOD-02,OP-04
2026-02-09,MP-0193,salida,66.6,CONS-116645,BOD-02,OP-03
2026-02-09,MP-0330,salida,30.7,CONS-116652,BOD-03,OP-03
2026-02-09,MP-0024,salida,202.9,CONS-116659,BOD-03,OP-02
2026-02-09,MP-0060,salida,100.9,CONS-116673,BOD-01,OP-01
2026-02-09,MP-0357,salida,124.1,CONS-116680,BOD-03,OP-03
2026-02-09,MP-0162,salida,19.1,CONS-116687,BOD-01,OP-06
2026-02-09,MP-0009,salida,74.3,CONS-116694,BOD-02,OP-01
2026-02-09,MP-0076,salida,102.7,CONS-116701,BOD-01,OP-04
2026-02-09,MP-0077,salida,108.2,CONS-116708,BOD-01,OP-05
2026-02-09,MP-0273,salida,115.4,CONS-116715,BOD-03,OP-01
2026-02-09,MP-0026,salida,27.2,CONS-116722,BOD-02,OP-04
2026-02-09,MP-0111,salida,41.8,CONS-116729,BOD-01,OP-02
2026-02-09,MP-0071,salida,33.2,CONS-116736,BOD-02,OP-01
2026-02-09,MP-0388,salida,31.9,CONS-116743,BOD-03,OP-05
2026-02-09,MP-0227,salida,-19.2,CONS-116750,BOD-01,OP-03
2026-02-09,MP-0088,salida,76.2,CONS-116757,BOD-02,OP-06
2026-02-09,MP-0143,salida,85.3,CONS-116764,BOD-01,OP-01
2026-02-09,MP-0181,salida,71.6,CONS-116771,BOD-01,OP-06
2026-02-09,MP-0385,salida,21.0,CONS-116778,BOD-02,OP-05
2026-02-09,MP-0321,salida,38.7,CONS-116785,BOD-03,OP-06
2026-02-09,MP-0343,salida,-85.8,CONS-116792,BOD-03,OP-01
2026-02-09,MP-0036,salida,31.9,CONS-116799,BOD-01,OP-06
2026-02-09,MP-0080,salida,35.2,CONS-116806,BOD-01,OP-05
2026-02-09,MP-0139,salida,65.0,CONS-116813,BOD-01,OP-06
2026-02-09,MP-0356,salida,-41.6,CONS-116820,BOD-03,OP-06
2026-02-09,MP-0339,salida,13.9,CONS-116827,BOD-02,OP-03
2026-02-09,MP-0059,salida,50.7,CONS-116841,BOD-01,OP-06
2026-02-09,MP-0211,salida,39.7,CONS-116848,BOD-03,OP-04
2026-02-09,MP-0340,salida,39.7,CONS-116855,BOD-02,OP-01
2026-02-09,MP-0390,salida,28.5,CONS-116862,BOD-03,OP-06
2026-02-09,MP-0268,salida,26.1,CONS-116869,BOD-02,OP-05
2026-02-09,MP-0039,salida,3.5,CONS-116876,BOD-01,OP-01
2026-02-09,MP-0032,salida,6.9,CONS-116883,BOD-03,OP-03
2026-02-09,MP-0129,salida,23.4,CONS-116890,BOD-02,OP-03
2026-02-09,MP-0136,salida,20.1,CONS-116897,BOD-03,OP-01
2026-02-09,MP-0217,salida,17.8,CONS-116904,BOD-03,OP-02
2026-02-09,MP-0344,salida,-29.5,CONS-116911,BOD-01,OP-03
2026-02-10,MP-0021,entrada,615,REC-OC-5286,BOD-03,OP-06
2026-02-10,MP-0011,entrada,1111,REC-OC-5136,BOD-03,OP-01
2026-02-10,MP-0137,entrada,375,REC-OC-6110,BOD-02,OP-02
2026-02-11,MP-0037,entrada,602,REC-OC-5550,BOD-03,OP-06
2026-02-11,MP-0149,entrada,179,REC-OC-6185,BOD-03,OP-03
2026-02-11,MP-0371,entrada,32,REC-OC-6420,BOD-01,OP-05
2026-02-12,MP-0144,entrada,191,REC-OC-6150,BOD-03,OP-05
2026-02-13,MP-0001,entrada,485,REC-OC-5004,BOD-03,OP-06
2026-02-13,MP-0020,entrada,500,REC-OC-5271,BOD-02,OP-02
2026-02-13,MP-0326,entrada,60,REC-OC-6374,BOD-03,OP-06
2026-02-13,MP-0135,entrada,362,REC-OC-6104,BOD-03,OP-01
2026-02-13,MP-0019,salida,90.6,CONS-116142,BOD-03,OP-04
2026-02-13,MP-0094,salida,65.8,CONS-116156,BOD-01,OP-01
2026-02-13,MP-0074,salida,68.4,CONS-116163,BOD-01,OP-02
2026-02-13,MP-0299,salida,85.5,CONS-116177,BOD-02,OP-02
2026-02-13,MP-0309,salida,77.6,CONS-116184,BOD-01,OP-06
2026-02-13,MP-0418,salida,72.0,CONS-116191,BOD-01,OP-06
2026-02-13,MP-0008,salida,117.8,CONS-116198,BOD-02,OP-03
2026-02-13,MP-0005,salida,96.5,CONS-116205,BOD-03,OP-06
2026-02-13,MP-0189,salida,85.4,CONS-116233,BOD-01,OP-06
2026-02-13,MP-0254,salida,124.3,CONS-116240,BOD-03,OP-05
2026-02-13,MP-0161,salida,46.4,CONS-116247,BOD-01,OP-02
2026-02-13,MP-0197,salida,112.5,CONS-116254,BOD-03,OP-04
2026-02-13,MP-0037,salida,23.9,CONS-116261,BOD-03,OP-02
2026-02-13,MP-0018,salida,4.0,CONS-116268,BOD-03,OP-03
2026-02-13,MP-0137,salida,20.0,CONS-116275,BOD-02,OP-04
2026-02-13,MP-0073,salida,28.9,CONS-116282,BOD-01,OP-03
2026-02-13,MP-0118,salida,25.9,CONS-116289,BOD-03,OP-02
2026-02-13,MP-0199,salida,24.5,CONS-116296,BOD-02,OP-06
2026-02-13,MP-0232,salida,21.9,CONS-116303,BOD-03,OP-05
2026-02-13,MP-0027,salida,12.6,CONS-116310,BOD-01,OP-03
2026-02-13,MP-0116,salida,38.0,CONS-116317,BOD-02,OP-05
2026-02-13,MP-0108,salida,86.8,CONS-116324,BOD-03,OP-03
2026-02-13,MP-0293,salida,66.8,CONS-116331,BOD-01,OP-03
2026-02-13,MP-0239,salida,31.7,CONS-116338,BOD-02,OP-02
2026-02-13,MP-0016,salida,108.4,CONS-116345,BOD-01,OP-04
2026-02-13,MP-0030,salida,15.6,CONS-116352,BOD-02,OP-06
2026-02-13,MP-0120,salida,74.5,CONS-116359,BOD-03,OP-05
2026-02-13,MP-0043,salida,43.1,CONS-116366,BOD-02,OP-04
2026-02-13,MP-0182,salida,166.3,CONS-116373,BOD-03,OP-04
2026-02-13,MP-0369,salida,86.7,CONS-116380,BOD-01,OP-06
2026-02-13,MP-0157,salida,164.7,CONS-116387,BOD-01,OP-04
2026-02-13,MP-0001,salida,170.7,CONS-116394,BOD-01,OP-04
2026-02-13,MP-0014,salida,138.7,CONS-116401,BOD-01,OP-01
2026-02-13,MP-0128,salida,206.5,CONS-116408,BOD-02,OP-04
2026-02-13,MP-0047,salida,73.4,CONS-116415,BOD-01,OP-05
2026-02-13,MP-0244,salida,82.7,CONS-116422,BOD-02,OP-02
2026-02-13,MP-0122,salida,36.8,CONS-116429,BOD-03,OP-01
2026-02-13,MP-0132,salida,61.0,CONS-116436,BOD-03,OP-03
2026-02-13,MP-0131,salida,22.6,CONS-116443,BOD-03,OP-03
2026-02-13,MP-0216,salida,47.1,CONS-116450,BOD-03,OP-02
2026-02-13,MP-0010,salida,91.3,CONS-116464,BOD-03,OP-01
2026-02-13,MP-0002,salida,51.9,CONS-116471,BOD-01,OP-01
2026-02-13,MP-0150,salida,72.6,CONS-116478,BOD-03,OP-06
2026-02-13,MP-0085,salida,81.2,CONS-116485,BOD-03,OP-03
2026-02-13,MP-0202,salida,111.3,CONS-116492,BOD-02,OP-02
2026-02-13,MP-0153,salida,51.1,CONS-116499,BOD-01,OP-06
2026-02-13,MP-0178,salida,24.1,CONS-116506,BOD-02,OP-06
2026-02-13,MP-0229,salida,114.0,CONS-116513,BOD-01,OP-01
2026-02-13,MP-0013,salida,36.2,CONS-116520,BOD-01,OP-04
2026-02-13,MP-0020,salida,-111.9,CONS-116527,BOD-01,OP-06
2026-02-13,MP-0051,salida,130.3,CONS-116541,BOD-02,OP-02
2026-02-13,MP-0411,salida,-35.9,CONS-116548,BOD-02,OP-01
2026-02-13,MP-0238,salida,33.8,CONS-116555,BOD-03,OP-02
2026-02-13,MP-0004,salida,74.1,CONS-116562,BOD-02,OP-04
2026-02-13,MP-0033,salida,65.5,CONS-116569,BOD-01,OP-02
2026-02-13,MP-0045,salida,41.5,CONS-116576,BOD-01,OP-04
2026-02-13,MP-0386,salida,91.9,CONS-116583,BOD-02,OP-03
2026-02-13,MP-0373,salida,185.7,CONS-116597,BOD-01,OP-02
2026-02-13,MP-0015,salida,61.9,CONS-116604,BOD-03,OP-02
2026-02-13,MP-0012,salida,93.9,CONS-116611,BOD-02,OP-03
2026-02-13,MP-0142,salida,94.4,CONS-116618,BOD-01,OP-03
2026-02-13,MP-0102,salida,115.0,CONS-116625,BOD-03,OP-06
2026-02-13,MP-0114,salida,27.4,CONS-116632,BOD-01,OP-05
2026-02-13,MP-0325,salida,74.0,CONS-116639,BOD-01,OP-03
2026-02-13,MP-0193,salida,66.6,CONS-116646,BOD-03,OP-01
2026-02-13,MP-0330,salida,30.7,CONS-116653,BOD-02,OP-05
2026-02-13,MP-0024,salida,202.9,CONS-116660,BOD-01,OP-04
2026-02-13,MP-0117,salida,112.8,CONS-116667,BOD-03,OP-05
2026-02-13,MP-0357,salida,124.1,CONS-116681,BOD-02,OP-04
2026-02-13,MP-0162,salida,19.1,CONS-116688,BOD-01,OP-01
2026-02-13,MP-0009,salida,74.3,CONS-116695,BOD-01,OP-05
2026-02-13,MP-0076,salida,102.7,CONS-116702,BOD-03,OP-05
2026-02-13,MP-0077,salida,108.2,CONS-116709,BOD-02,OP-05
2026-02-13,MP-0026,salida,27.2,CONS-116723,BOD-03,OP-02
2026-02-13,MP-0111,salida,41.8,CONS-116730,BOD-01,OP-04
2026-02-13,MP-0071,salida,33.2,CONS-116737,BOD-02,OP-05
2026-02-13,MP-0388,salida,31.9,CONS-116744,BOD-01,OP-05
2026-02-13,MP-0088,salida,76.2,CONS-116758,BOD-02,OP-05
2026-02-13,MP-0143,salida,85.3,CONS-116765,BOD-01,OP-05
2026-02-13,MP-0181,salida,71.6,CONS-116772,BOD-03,OP-01
2026-02-13,MP-0385,salida,21.0,CONS-116779,BOD-02,OP-02
2026-02-13,MP-0321,salida,38.7,CONS-116786,BOD-01,OP-06
2026-02-13,MP-0036,salida,31.9,CONS-116800,BOD-01,OP-02
2026-02-13,MP-0080,salida,35.2,CONS-116807,BOD-01,OP-04
2026-02-13,MP-0139,salida,65.0,CONS-116814,BOD-02,OP-06
2026-02-13,MP-0356,salida,41.6,CONS-116821,BOD-01,OP-01
2026-02-13,MP-0339,salida,13.9,CONS-116828,BOD-01,OP-01
2026-02-13,MP-0078,salida,82.3,CONS-116835,BOD-03,OP-03
2026-02-13,MP-0059,salida,50.7,CONS-116842,BOD-02,OP-04
2026-02-13,MP-0211,salida,39.7,CONS-116849,BOD-02,OP-02
2026-02-13,MP-0340,salida,39.7,CONS-116856,BOD-03,OP-03
2026-02-13,MP-0390,salida,28.5,CONS-116863,BOD-01,OP-03
2026-02-13,MP-0268,salida,26.1,CONS-116870,BOD-01,OP-02
2026-02-13,MP-0039,salida,3.5,CONS-116877,BOD-01,OP-04
2026-02-13,MP-0032,salida,6.9,CONS-116884,BOD-03,OP-01
2026-02-13,MP-0129,salida,23.4,CONS-116891,BOD-01,OP-06
2026-02-13,MP-0136,salida,20.1,CONS-116898,BOD-03,OP-06
2026-02-13,MP-0217,salida,17.8,CONS-116905,BOD-01,OP-01
2026-02-14,MP-0018,entrada,1902,REC-OC-5247,BOD-01,OP-02
2026-02-15,MP-0016,entrada,1104,REC-OC-5217,BOD-02,OP-01
2026-02-15,MP-0413,entrada,90,REC-OC-6464,BOD-01,OP-02
2026-02-15,MP-0135,entrada,279,REC-OC-6098,BOD-01,OP-01
2026-02-15,MP-0012,entrada,802,REC-OC-5154,BOD-01,OP-03
2026-02-15,MP-0273,entrada,2,REC-OC-6317,BOD-02,OP-02
2026-02-16,MP-0001,entrada,498,REC-OC-5005,BOD-01,OP-04
2026-02-16,MP-0026,entrada,941,REC-OC-5361,BOD-01,OP-01
2026-02-16,MP-0008,entrada,766,REC-OC-5089,BOD-02,OP-06
2026-02-17,MP-0040,entrada,1825,REC-OC-5574,BOD-03,OP-03
2026-02-17,MP-0234,entrada,46,REC-OC-6277,BOD-01,OP-01
2026-02-17,MP-0147,entrada,403,REC-OC-6178,BOD-03,OP-03
2026-02-17,MP-0034,entrada,1777,REC-OC-5499,BOD-01,OP-03
2026-02-17,MP-0019,salida,90.6,CONS-116143,BOD-03,OP-06
2026-02-17,MP-0022,salida,133.4,CONS-116150,BOD-01,OP-04
2026-02-17,MP-0074,salida,68.4,CONS-116164,BOD-03,OP-05
2026-02-17,MP-0299,salida,85.5,CONS-116178,BOD-03,OP-05
2026-02-17,MP-0309,salida,77.6,CONS-116185,BOD-01,OP-02
2026-02-17,MP-0418,salida,72.0,CONS-116192,BOD-01,OP-01
2026-02-17,MP-0008,salida,117.8,CONS-116199,BOD-01,OP-05
2026-02-17,MP-0005,salida,96.5,CONS-116206,BOD-03,OP-04
2026-02-17,MP-0133,salida,120.2,CONS-116213,BOD-02,OP-02
2026-02-17,MP-0101,salida,105.6,CONS-116220,BOD-01,OP-05
2026-02-17,MP-0149,salida,148.5,CONS-116227,BOD-01,OP-01
2026-02-17,MP-0189,salida,85.4,CONS-116234,BOD-03,OP-05
2026-02-17,MP-0254,salida,124.3,CONS-116241,BOD-03,OP-01
2026-02-17,MP-0161,salida,46.4,CONS-116248,BOD-01,OP-06
2026-02-17,MP-0197,salida,112.5,CONS-116255,BOD-03,OP-04
2026-02-17,MP-0037,salida,23.9,CONS-116262,BOD-02,OP-06
2026-02-17,MP-0018,salida,4.0,CONS-116269,BOD-03,OP-01
2026-02-17,MP-0073,salida,28.9,CONS-116283,BOD-01,OP-02
2026-02-17,MP-0118,salida,25.9,CONS-116290,BOD-02,OP-03
2026-02-17,MP-0199,salida,24.5,CONS-116297,BOD-01,OP-02
2026-02-17,MP-0232,salida,21.9,CONS-116304,BOD-02,OP-02
2026-02-17,MP-0027,salida,12.6,CONS-116311,BOD-01,OP-06
2026-02-17,MP-0116,salida,38.0,CONS-116318,BOD-02,OP-05
2026-02-17,MP-0108,salida,86.8,CONS-116325,BOD-03,OP-02
2026-02-17,MP-0293,salida,66.8,CONS-116332,BOD-02,OP-05
2026-02-17,MP-0239,salida,31.7,CONS-116339,BOD-01,OP-06
2026-02-17,MP-0016,salida,108.4,CONS-116346,BOD-01,OP-03
2026-02-17,MP-0030,salida,15.6,CONS-116353,BOD-01,OP-03
2026-02-17,MP-0043,salida,43.1,CONS-116367,BOD-01,OP-05
2026-02-17,MP-0182,salida,166.3,CONS-116374,BOD-02,OP-04
2026-02-17,MP-0369,salida,86.7,CONS-116381,BOD-01,OP-01
2026-02-17,MP-0001,salida,170.7,CONS-116395,BOD-02,OP-01
2026-02-17,MP-0014,salida,138.7,CONS-116402,BOD-01,OP-06
2026-02-17,MP-0128,salida,-206.5,CONS-116409,BOD-02,OP-03
2026-02-17,MP-0047,salida,73.4,CONS-116416,BOD-03,OP-05
2026-02-17,MP-0244,salida,82.7,CONS-116423,BOD-02,OP-04
2026-02-17,MP-0122,salida,36.8,CONS-116430,BOD-03,OP-04
2026-02-17,MP-0132,salida,61.0,CONS-116437,BOD-02,OP-02
2026-02-17,MP-0131,salida,-22.6,CONS-116444,BOD-01,OP-04
2026-02-17,MP-0216,salida,47.1,CONS-116451,BOD-02,OP-03
2026-02-17,MP-0272,salida,6.0,CONS-116458,BOD-02,OP-02
2026-02-17,MP-0010,salida,91.3,CONS-116465,BOD-03,OP-04
2026-02-17,MP-0002,salida,51.9,CONS-116472,BOD-02,OP-05
2026-02-17,MP-0150,salida,72.6,CONS-116479,BOD-03,OP-02
2026-02-17,MP-0085,salida,81.2,CONS-116486,BOD-02,OP-02
2026-02-17,MP-0202,salida,111.3,CONS-116493,BOD-03,OP-01
2026-02-17,MP-0153,salida,51.1,CONS-116500,BOD-02,OP-03
2026-02-17,MP-0178,salida,24.1,CONS-116507,BOD-02,OP-05
2026-02-17,MP-0229,salida,114.0,CONS-116514,BOD-01,OP-05
2026-02-17,MP-0013,salida,36.2,CONS-116521,BOD-01,OP-03
2026-02-17,MP-0020,salida,111.9,CONS-116528,BOD-01,OP-01
2026-02-17,MP-0106,salida,23.8,CONS-116535,BOD-03,OP-05
2026-02-17,MP-0051,salida,130.3,CONS-116542,BOD-02,OP-04
2026-02-17,MP-0411,salida,35.9,CONS-116549,BOD-02,OP-01
2026-02-17,MP-0004,salida,74.1,CONS-116563,BOD-01,OP-01
2026-02-17,MP-0033,salida,65.5,CONS-116570,BOD-02,OP-01
2026-02-17,MP-0045,salida,41.5,CONS-116577,BOD-03,OP-06
2026-02-17,MP-0393,salida,29.5,CONS-116591,BOD-02,OP-04
2026-02-17,MP-0373,salida,185.7,CONS-116598,BOD-03,OP-05
2026-02-17,MP-0015,salida,61.9,CONS-116605,BOD-02,OP-05
2026-02-17,MP-0142,salida,94.4,CONS-116619,BOD-02,OP-03
2026-02-17,MP-0102,salida,115.0,CONS-116626,BOD-03,OP-03
2026-02-17,MP-0114,salida,27.4,CONS-116633,BOD-02,OP-04
2026-02-17,MP-0325,salida,74.0,CONS-116640,BOD-01,OP-02
2026-02-17,MP-0193,salida,66.6,CONS-116647,BOD-01,OP-03
2026-02-17,MP-0330,salida,30.7,CONS-116654,BOD-03,OP-04
2026-02-17,MP-0024,salida,202.9,CONS-116661,BOD-02,OP-02
2026-02-17,MP-0060,salida,100.9,CONS-116675,BOD-03,OP-03
2026-02-17,MP-0357,salida,124.1,CONS-116682,BOD-03,OP-06
2026-02-17,MP-0162,salida,19.1,CONS-116689,BOD-02,OP-04
2026-02-17,MP-0077,salida,108.2,CONS-116710,BOD-01,OP-06
2026-02-17,MP-0273,salida,115.4,CONS-116717,BOD-02,OP-01
2026-02-17,MP-0026,salida,27.2,CONS-116724,BOD-02,OP-05
2026-02-17,MP-0111,salida,41.8,CONS-116731,BOD-01,OP-05
2026-02-17,MP-0071,salida,33.2,CONS-116738,BOD-02,OP-06
2026-02-17,MP-0388,salida,31.9,CONS-116745,BOD-01,OP-01
2026-02-17,MP-0227,salida,19.2,CONS-116752,BOD-03,OP-02
2026-02-17,MP-0143,salida,85.3,CONS-116766,BOD-03,OP-01
2026-02-17,MP-0181,salida,71.6,CONS-116773,BOD-01,OP-06
2026-02-17,MP-0385,salida,21.0,CONS-116780,BOD-01,OP-01
2026-02-17,MP-0321,salida,38.7,CONS-116787,BOD-02,OP-01
2026-02-17,MP-0343,salida,85.8,CONS-116794,BOD-01,OP-05
2026-02-17,MP-0036,salida,31.9,CONS-116801,BOD-01,OP-02
2026-02-17,MP-0080,salida,35.2,CONS-116808,BOD-01,OP-05
2026-02-17,MP-0139,salida,65.0,CONS-116815,BOD-02,OP-01
2026-02-17,MP-0356,salida,41.6,CONS-116822,BOD-02,OP-05
2026-02-17,MP-0078,salida,82.3,CONS-116836,BOD-03,OP-03
2026-02-17,MP-0059,salida,50.7,CONS-116843,BOD-02,OP-01
2026-02-17,MP-0211,salida,39.7,CONS-116850,BOD-01,OP-04
2026-02-17,MP-0340,salida,39.7,CONS-116857,BOD-01,OP-01
2026-02-17,MP-0390,salida,28.5,CONS-116864,BOD-02,OP-02
2026-02-17,MP-0268,salida,26.1,CONS-116871,BOD-03,OP-05
2026-02-17,MP-0039,salida,3.5,CONS-116878,BOD-02,OP-04
2026-02-17,MP-0032,salida,6.9,CONS-116885,BOD-03,OP-01
2026-02-17,MP-0129,salida,23.4,CONS-116892,BOD-03,OP-05
2026-02-17,MP-0136,salida,20.1,CONS-116899,BOD-03,OP-05
2026-02-17,MP-0217,salida,17.8,CONS-116906,BOD-03,OP-01
2026-02-17,MP-0344,salida,29.5,CONS-116913,BOD-01,OP-04
2026-02-18,MP-0034,entrada,1843,REC-OC-5502,BOD-01,OP-03
2026-02-18,MP-0023,entrada,1724,REC-OC-5329,BOD-01,OP-05
2026-02-19,MP-0173,entrada,57,REC-OC-6214,BOD-02,OP-06
2026-02-19,MP-0089,entrada,428,REC-OC-5850,BOD-03,OP-05
2026-02-20,MP-0145,entrada,296,REC-OC-6157,BOD-03,OP-03
2026-02-21,MP-0129,entrada,376,REC-OC-6062,BOD-01,OP-02
2026-02-21,MP-0019,salida,90.6,CONS-116144,BOD-03,OP-01
2026-02-21,MP-0022,salida,133.4,CONS-116151,BOD-02,OP-03
2026-02-21,MP-0094,salida,65.8,CONS-116158,BOD-01,OP-05
2026-02-21,MP-0074,salida,68.4,CONS-116165,BOD-03,OP-05
2026-02-21,MP-0370,salida,22.1,CONS-116172,BOD-02,OP-03
2026-02-21,MP-0299,salida,85.5,CONS-116179,BOD-02,OP-06
2026-02-21,MP-0309,salida,77.6,CONS-116186,BOD-03,OP-06
2026-02-21,MP-0418,salida,72.0,CONS-116193,BOD-03,OP-02
2026-02-21,MP-0008,salida,117.8,CONS-116200,BOD-01,OP-03
2026-02-21,MP-0005,salida,96.5,CONS-116207,BOD-03,OP-01
2026-02-21,MP-0133,salida,120.2,CONS-116214,BOD-03,OP-03
2026-02-21,MP-0101,salida,105.6,CONS-116221,BOD-03,OP-01
2026-02-21,MP-0149,salida,148.5,CONS-116228,BOD-01,OP-05
2026-02-21,MP-0189,salida,85.4,CONS-116235,BOD-03,OP-04
2026-02-21,MP-0254,salida,124.3,CONS-116242,BOD-02,OP-05
2026-02-21,MP-0161,salida,46.4,CONS-116249,BOD-01,OP-05
2026-02-21,MP-0037,salida,23.9,CONS-116263,BOD-03,OP-05
2026-02-21,MP-0018,salida,-4.0,CONS-116270,BOD-02,OP-02
2026-02-21,MP-0137,salida,20.0,CONS-116277,BOD-01,OP-04
2026-02-21,MP-0073,salida,-28.9,CONS-116284,BOD-02,OP-02
2026-02-21,MP-0118,salida,25.9,CONS-116291,BOD-03,OP-02
2026-02-21,MP-0199,salida,24.5,CONS-116298,BOD-03,OP-01
2026-02-21,MP-0232,salida,21.9,CONS-116305,BOD-03,OP-06
2026-02-21,MP-0027,salida,12.6,CONS-116312,BOD-03,OP-05
2026-02-21,MP-0116,salida,38.0,CONS-116319,BOD-01,OP-04
2026-02-21,MP-0108,salida,86.8,CONS-116326,BOD-01,OP-04
2026-02-21,MP-0293,salida,66.8,CONS-116333,BOD-03,OP-02
2026-02-21,MP-0239,salida,31.7,CONS-116340,BOD-02,OP-06
2026-02-21,MP-0016,salida,108.4,CONS-116347,BOD-02,OP-02
2026-02-21,MP-0030,salida,15.6,CONS-116354,BOD-03,OP-06
2026-02-21,MP-0120,salida,74.5,CONS-116361,BOD-01,OP-06
2026-02-21,MP-0043,salida,43.1,CONS-116368,BOD-03,OP-04
2026-02-21,MP-0182,salida,166.3,CONS-116375,BOD-01,OP-05
2026-02-21,MP-0369,salida,86.7,CONS-116382,BOD-02,OP-03
2026-02-21,MP-0001,salida,170.7,CONS-116396,BOD-03,OP-01
2026-02-21,MP-0014,salida,138.7,CONS-116403,BOD-01,OP-02
2026-02-21,MP-0128,salida,206.5,CONS-116410,BOD-01,OP-02
2026-02-21,MP-0047,salida,73.4,CONS-116417,BOD-03,OP-03
2026-02-21,MP-0244,salida,-82.7,CONS-116424,BOD-03,OP-05
2026-02-21,MP-0122,salida,36.8,CONS-116431,BOD-03,OP-04
2026-02-21,MP-0132,salida,61.0,CONS-116438,BOD-01,OP-06
2026-02-21,MP-0131,salida,22.6,CONS-116445,BOD-02,OP-04
2026-02-21,MP-0216,salida,47.1,CONS-116452,BOD-01,OP-04
2026-02-21,MP-0272,salida,6.0,CONS-116459,BOD-03,OP-04
2026-02-21,MP-0010,salida,91.3,CONS-116466,BOD-03,OP-05
2026-02-21,MP-0002,salida,51.9,CONS-116473,BOD-03,OP-06
2026-02-21,MP-0150,salida,-72.6,CONS-116480,BOD-01,OP-06
2026-02-21,MP-0085,salida,81.2,CONS-116487,BOD-02,OP-06
2026-02-21,MP-0202,salida,111.3,CONS-116494,BOD-01,OP-01
2026-02-21,MP-0153,salida,51.1,CONS-116501,BOD-02,OP-04
2026-02-21,MP-0178,salida,24.1,CONS-116508,BOD-03,OP-05
2026-02-21,MP-0229,salida,114.0,CONS-116515,BOD-02,OP-05
2026-02-21,MP-0013,salida,36.2,CONS-116522,BOD-02,OP-02
2026-02-21,MP-0020,salida,111.9,CONS-116529,BOD-03,OP-01
2026-02-21,MP-0106,salida,23.8,CONS-116536,BOD-02,OP-03
2026-02-21,MP-0051,salida,130.3,CONS-116543,BOD-02,OP-01
2026-02-21,MP-0411,salida,35.9,CONS-116550,BOD-01,OP-04
2026-02-21,MP-0238,salida,33.8,CONS-116557,BOD-03,OP-02
2026-02-21,MP-0004,salida,74.1,CONS-116564,BOD-01,OP-06
2026-02-21,MP-0045,salida,41.5,CONS-116578,BOD-01,OP-02
2026-02-21,MP-0386,salida,91.9,CONS-116585,BOD-01,OP-06
2026-02-21,MP-0393,salida,29.5,CONS-116592,BOD-03,OP-01
2026-02-21,MP-0373,salida,185.7,CONS-116599,BOD-02,OP-03
2026-02-21,MP-0015,salida,61.9,CONS-116606,BOD-02,OP-05
2026-02-21,MP-0012,salida,93.9,CONS-116613,BOD-01,OP-02
2026-02-21,MP-0142,salida,94.4,CONS-116620,BOD-01,OP-06
2026-02-21,MP-0102,salida,115.0,CONS-116627,BOD-01,OP-03
2026-02-21,MP-0114,salida,27.4,CONS-116634,BOD-01,OP-03
2026-02-21,MP-0325,salida,74.0,CONS-116641,BOD-03,OP-05
2026-02-21,MP-0193,salida,66.6,CONS-116648,BOD-02,OP-03
2026-02-21,MP-0330,salida,30.7,CONS-116655,BOD-01,OP-04
2026-02-21,MP-0024,salida,202.9,CONS-116662,BOD-02,OP-02
2026-02-21,MP-0117,salida,112.8,CONS-116669,BOD-01,OP-03
2026-02-21,MP-0060,salida,100.9,CONS-116676,BOD-03,OP-02
2026-02-21,MP-0357,salida,124.1,CONS-116683,BOD-03,OP-05
2026-02-21,MP-0162,salida,19.1,CONS-116690,BOD-01,OP-05
2026-02-21,MP-0009,salida,74.3,CONS-116697,BOD-03,OP-06
2026-02-21,MP-0076,salida,102.7,CONS-116704,BOD-01,OP-01
2026-02-21,MP-0077,salida,108.2,CONS-116711,BOD-01,OP-05
2026-02-21,MP-0273,salida,115.4,CONS-116718,BOD-01,OP-05
2026-02-21,MP-0026,salida,27.2,CONS-116725,BOD-01,OP-05
2026-02-21,MP-0111,salida,41.8,CONS-116732,BOD-03,OP-02
2026-02-21,MP-0071,salida,33.2,CONS-116739,BOD-02,OP-01
2026-02-21,MP-0388,salida,31.9,CONS-116746,BOD-01,OP-01
2026-02-21,MP-0227,salida,19.2,CONS-116753,BOD-01,OP-02
2026-02-21,MP-0088,salida,76.2,CONS-116760,BOD-02,OP-01
2026-02-21,MP-0181,salida,71.6,CONS-116774,BOD-01,OP-03
2026-02-21,MP-0385,salida,21.0,CONS-116781,BOD-02,OP-02
2026-02-21,MP-0321,salida,38.7,CONS-116788,BOD-02,OP-01
2026-02-21,MP-0343,salida,85.8,CONS-116795,BOD-01,OP-03
2026-02-21,MP-0036,salida,31.9,CONS-116802,BOD-03,OP-01
2026-02-21,MP-0080,salida,35.2,CONS-116809,BOD-02,OP-06
2026-02-21,MP-0139,salida,65.0,CONS-116816,BOD-03,OP-03
2026-02-21,MP-0356,salida,41.6,CONS-116823,BOD-03,OP-01
2026-02-21,MP-0339,salida,13.9,CONS-116830,BOD-01,OP-02
2026-02-21,MP-0078,salida,82.3,CONS-116837,BOD-02,OP-01
2026-02-21,MP-0059,salida,50.7,CONS-116844,BOD-02,OP-02
2026-02-21,MP-0211,salida,39.7,CONS-116851,BOD-02,OP-05
2026-02-21,MP-0340,salida,39.7,CONS-116858,BOD-03,OP-04
2026-02-21,MP-0390,salida,28.5,CONS-116865,BOD-01,OP-02
2026-02-21,MP-0268,salida,26.1,CONS-116872,BOD-02,OP-04
2026-02-21,MP-0039,salida,3.5,CONS-116879,BOD-03,OP-01
2026-02-21,MP-0032,salida,6.9,CONS-116886,BOD-01,OP-04
2026-02-21,MP-0129,salida,23.4,CONS-116893,BOD-02,OP-05
2026-02-21,MP-0136,salida,20.1,CONS-116900,BOD-01,OP-05
2026-02-21,MP-0217,salida,17.8,CONS-116907,BOD-03,OP-06
2026-02-21,MP-0344,salida,29.5,CONS-116914,BOD-01,OP-06
2026-02-22,MP-0141,entrada,343,REC-OC-6134,BOD-01,OP-03
2026-02-22,MP-0032,entrada,2299,REC-OC-5458,BOD-01,OP-06
2026-02-22,MP-0016,entrada,858,REC-OC-5208,BOD-01,OP-06
2026-02-23,MP-0127,entrada,184,REC-OC-6048,BOD-02,OP-06
2026-02-24,MP-0411,entrada,34,REC-OC-6462,BOD-03,OP-01
2026-02-24,MP-0017,entrada,1779,REC-OC-5232,BOD-02,OP-03
2026-02-24,MP-0073,entrada,243,REC-OC-5762,BOD-03,OP-02
2026-02-24,MP-0024,entrada,1596,REC-OC-5343,BOD-03,OP-02
2026-02-24,MP-0126,entrada,209,REC-OC-6045,BOD-01,OP-05
2026-02-25,MP-0217,entrada,26,REC-OC-6259,BOD-01,OP-01
2026-02-25,MP-0005,entrada,985,REC-OC-5066,BOD-01,OP-02
2026-02-25,MP-0032,entrada,2174,REC-OC-5452,BOD-02,OP-05
2026-02-25,MP-0019,salida,90.6,CONS-116145,BOD-01,OP-04
2026-02-25,MP-0022,salida,133.4,CONS-116152,BOD-02,OP-06
2026-02-25,MP-0094,salida,65.8,CONS-116159,BOD-01,OP-01
2026-02-25,MP-0074,salida,68.4,CONS-116166,BOD-03,OP-04
2026-02-25,MP-0370,salida,22.1,CONS-116173,BOD-03,OP-05
2026-02-25,MP-0299,salida,85.5,CONS-116180,BOD-02,OP-05
2026-02-25,MP-0309,salida,77.6,CONS-116187,BOD-02,OP-05
2026-02-25,MP-0418,salida,72.0,CONS-116194,BOD-02,OP-05
2026-02-25,MP-0008,salida,117.8,CONS-116201,BOD-03,OP-05
2026-02-25,MP-0005,salida,96.5,CONS-116208,BOD-01,OP-03
2026-02-25,MP-0101,salida,105.6,CONS-116222,BOD-03,OP-01
2026-02-25,MP-0149,salida,148.5,CONS-116229,BOD-03,OP-04
2026-02-25,MP-0254,salida,124.3,CONS-116243,BOD-03,OP-05
2026-02-25,MP-0197,salida,112.5,CONS-116257,BOD-01,OP-04
2026-02-25,MP-0037,salida,23.9,CONS-116264,BOD-02,OP-06
2026-02-25,MP-0018,salida,4.0,CONS-116271,BOD-01,OP-06
2026-02-25,MP-0137,salida,20.0,CONS-116278,BOD-03,OP-02
2026-02-25,MP-0073,salida,28.9,CONS-116285,BOD-02,OP-03
2026-02-25,MP-0118,salida,25.9,CONS-116292,BOD-02,OP-03
2026-02-25,MP-0199,salida,24.5,CONS-116299,BOD-02,OP-03
2026-02-25,MP-0232,salida,21.9,CONS-116306,BOD-02,OP-04
2026-02-25,MP-0027,salida,12.6,CONS-116313,BOD-03,OP-02
2026-02-25,MP-0116,salida,38.0,CONS-116320,BOD-01,OP-04
2026-02-25,MP-0108,salida,86.8,CONS-116327,BOD-01,OP-01
2026-02-25,MP-0293,salida,66.8,CONS-116334,BOD-01,OP-06
2026-02-25,MP-0239,salida,31.7,CONS-116341,BOD-03,OP-06
2026-02-25,MP-0016,salida,108.4,CONS-116348,BOD-02,OP-04
2026-02-25,MP-0030,salida,15.6,CONS-116355,BOD-03,OP-05
2026-02-25,MP-0120,salida,74.5,CONS-116362,BOD-01,OP-04
2026-02-25,MP-0043,salida,43.1,CONS-116369,BOD-01,OP-01
2026-02-25,MP-0182,salida,166.3,CONS-116376,BOD-02,OP-01
2026-02-25,MP-0369,salida,86.7,CONS-116383,BOD-02,OP-01
2026-02-25,MP-0157,salida,164.7,CONS-116390,BOD-01,OP-02
2026-02-25,MP-0001,salida,170.7,CONS-116397,BOD-01,OP-04
2026-02-25,MP-0014,salida,138.7,CONS-116404,BOD-02,OP-02
2026-02-25,MP-0128,salida,206.5,CONS-116411,BOD-02,OP-01
2026-02-25,MP-0047,salida,73.4,CONS-116418,BOD-03,OP-05
2026-02-25,MP-0244,salida,82.7,CONS-116425,BOD-02,OP-03
2026-02-25,MP-0122,salida,36.8,CONS-116432,BOD-03,OP-03
2026-02-25,MP-0132,salida,61.0,CONS-116439,BOD-02,OP-02
2026-02-25,MP-0131,salida,22.6,CONS-116446,BOD-03,OP-06
2026-02-25,MP-0216,salida,47.1,CONS-116453,BOD-03,OP-02
2026-02-25,MP-0272,salida,6.0,CONS-116460,BOD-01,OP-02
2026-02-25,MP-0010,salida,91.3,CONS-116467,BOD-03,OP-01
2026-02-25,MP-0002,salida,51.9,CONS-116474,BOD-02,OP-06
2026-02-25,MP-0150,salida,72.6,CONS-116481,BOD-03,OP-06
2026-02-25,MP-0085,salida,81.2,CONS-116488,BOD-01,OP-02
2026-02-25,MP-0202,salida,111.3,CONS-116495,BOD-01,OP-02
2026-02-25,MP-0153,salida,51.1,CONS-116502,BOD-03,OP-01
2026-02-25,MP-0178,salida,24.1,CONS-116509,BOD-01,OP-05
2026-02-25,MP-0229,salida,114.0,CONS-116516,BOD-03,OP-06
2026-02-25,MP-0013,salida,36.2,CONS-116523,BOD-01,OP-02
2026-02-25,MP-0020,salida,111.9,CONS-116530,BOD-02,OP-05
2026-02-25,MP-0106,salida,23.8,CONS-116537,BOD-03,OP-03
2026-02-25,MP-0051,salida,130.3,CONS-116544,BOD-03,OP-03
2026-02-25,MP-0238,salida,33.8,CONS-116558,BOD-02,OP-01
2026-02-25,MP-0004,salida,74.1,CONS-116565,BOD-02,OP-01
2026-02-25,MP-0033,salida,65.5,CONS-116572,BOD-03,OP-04
2026-02-25,MP-0045,salida,41.5,CONS-116579,BOD-01,OP-02
2026-02-25,MP-0386,salida,91.9,CONS-116586,BOD-02,OP-04
2026-02-25,MP-0393,salida,29.5,CONS-116593,BOD-01,OP-05
2026-02-25,MP-0373,salida,185.7,CONS-116600,BOD-03,OP-01
2026-02-25,MP-0015,salida,61.9,CONS-116607,BOD-01,OP-01
2026-02-25,MP-0012,salida,93.9,CONS-116614,BOD-02,OP-05
2026-02-25,MP-0142,salida,94.4,CONS-116621,BOD-03,OP-02
2026-02-25,MP-0102,salida,-115.0,CONS-116628,BOD-03,OP-04
2026-02-25,MP-0114,salida,27.4,CONS-116635,BOD-03,OP-02
2026-02-25,MP-0325,salida,74.0,CONS-116642,BOD-03,OP-04
2026-02-25,MP-0193,salida,66.6,CONS-116649,BOD-02,OP-01
2026-02-25,MP-0330,salida,30.7,CONS-116656,BOD-03,OP-05
2026-02-25,MP-0024,salida,202.9,CONS-116663,BOD-03,OP-06
2026-02-25,MP-0117,salida,112.8,CONS-116670,BOD-03,OP-06
2026-02-25,MP-0060,salida,100.9,CONS-116677,BOD-01,OP-03
2026-02-25,MP-0357,salida,124.1,CONS-116684,BOD-01,OP-05
2026-02-25,MP-0162,salida,19.1,CONS-116691,BOD-01,OP-02
2026-02-25,MP-0009,salida,74.3,CONS-116698,BOD-01,OP-03
2026-02-25,MP-0076,salida,102.7,CONS-116705,BOD-03,OP-06
2026-02-25,MP-0077,salida,108.2,CONS-116712,BOD-03,OP-05
2026-02-25,MP-0273,salida,115.4,CONS-116719,BOD-01,OP-03
2026-02-25,MP-0026,salida,27.2,CONS-116726,BOD-01,OP-02
2026-02-25,MP-0111,salida,41.8,CONS-116733,BOD-02,OP-03
2026-02-25,MP-0071,salida,33.2,CONS-116740,BOD-02,OP-03
2026-02-25,MP-0388,salida,31.9,CONS-116747,BOD-01,OP-05
2026-02-25,MP-0088,salida,76.2,CONS-116761,BOD-02,OP-02
2026-02-25,MP-0143,salida,85.3,CONS-116768,BOD-03,OP-06
2026-02-25,MP-0181,salida,71.6,CONS-116775,BOD-03,OP-02
2026-02-25,MP-0385,salida,21.0,CONS-116782,BOD-02,OP-06
2026-02-25,MP-0321,salida,38.7,CONS-116789,BOD-03,OP-04
2026-02-25,MP-0343,salida,85.8,CONS-116796,BOD-03,OP-01
2026-02-25,MP-0036,salida,31.9,CONS-116803,BOD-03,OP-06
2026-02-25,MP-0080,salida,35.2,CONS-116810,BOD-01,OP-01
2026-02-25,MP-0139,salida,65.0,CONS-116817,BOD-03,OP-05
2026-02-25,MP-0356,salida,41.6,CONS-116824,BOD-01,OP-06
2026-02-25,MP-0339,salida,13.9,CONS-116831,BOD-01,OP-02
2026-02-25,MP-0078,salida,82.3,CONS-116838,BOD-03,OP-06
2026-02-25,MP-0059,salida,50.7,CONS-116845,BOD-03,OP-04
2026-02-25,MP-0211,salida,39.7,CONS-116852,BOD-02,OP-04
2026-02-25,MP-0340,salida,39.7,CONS-116859,BOD-03,OP-04
2026-02-25,MP-0390,salida,28.5,CONS-116866,BOD-01,OP-01
2026-02-25,MP-0268,salida,26.1,CONS-116873,BOD-02,OP-05
2026-02-25,MP-0032,salida,6.9,CONS-116887,BOD-03,OP-06
2026-02-25,MP-0129,salida,23.4,CONS-116894,BOD-01,OP-05
2026-02-25,MP-0217,salida,17.8,CONS-116908,BOD-01,OP-03
2026-02-25,MP-0344,salida,29.5,CONS-116915,BOD-01,OP-04
2026-02-26,MP-0021,entrada,1009,REC-OC-5285,BOD-01,OP-04
2026-02-26,MP-0078,entrada,122,REC-OC-5787,BOD-01,OP-05
2026-02-26,MP-0102,entrada,211,REC-OC-5928,BOD-02,OP-02
2026-02-27,MP-0005,entrada,1067,REC-OC-5056,BOD-02,OP-04
2026-02-27,MP-0054,entrada,283,REC-OC-5672,BOD-01,OP-06
2026-02-27,MP-0074,entrada,268,REC-OC-5767,BOD-03,OP-06
2026-02-28,MP-0032,entrada,1585,REC-OC-5454,BOD-03,OP-04
2026-02-28,MP-0002,entrada,2092,REC-OC-5022,BOD-03,OP-02
2026-02-28,MP-0010,entrada,1992,REC-OC-5116,BOD-02,OP-03
2026-02-28,MP-0022,entrada,1616,REC-OC-5310,BOD-01,OP-01
2026-03-01,MP-0359,entrada,11,REC-OC-6408,BOD-03,OP-02
2026-03-01,MP-0282,entrada,27,REC-OC-6326,BOD-02,OP-02
2026-03-01,MP-0022,salida,106.7,CONS-116923,BOD-01,OP-05
2026-03-01,MP-0094,salida,52.7,CONS-116930,BOD-01,OP-06
2026-03-01,MP-0074,salida,54.7,CONS-116937,BOD-01,OP-06
2026-03-01,MP-0370,salida,17.7,CONS-116944,BOD-01,OP-02
2026-03-01,MP-0299,salida,68.4,CONS-116951,BOD-01,OP-02
2026-03-01,MP-0309,salida,62.1,CONS-116958,BOD-03,OP-03
2026-03-01,MP-0418,salida,57.6,CONS-116965,BOD-02,OP-06
2026-03-01,MP-0005,salida,79.7,CONS-116979,BOD-03,OP-06
2026-03-01,MP-0101,salida,50.9,CONS-116993,BOD-03,OP-04
2026-03-01,MP-0149,salida,93.5,CONS-117000,BOD-01,OP-04
2026-03-01,MP-0189,salida,41.2,CONS-117007,BOD-01,OP-04
2026-03-01,MP-0254,salida,59.9,CONS-117014,BOD-03,OP-02
2026-03-01,MP-0161,salida,22.4,CONS-117021,BOD-03,OP-01
2026-03-01,MP-0197,salida,54.2,CONS-117028,BOD-02,OP-02
2026-03-01,MP-0037,salida,21.2,CONS-117035,BOD-01,OP-05
2026-03-01,MP-0018,salida,3.5,CONS-117042,BOD-03,OP-01
2026-03-01,MP-0137,salida,17.8,CONS-117049,BOD-01,OP-03
2026-03-01,MP-0073,salida,25.6,CONS-117056,BOD-02,OP-05
2026-03-01,MP-0199,salida,21.8,CONS-117070,BOD-01,OP-06
2026-03-01,MP-0232,salida,19.5,CONS-117077,BOD-01,OP-06
2026-03-01,MP-0027,salida,9.6,CONS-117084,BOD-02,OP-04
2026-03-01,MP-0116,salida,28.9,CONS-117091,BOD-01,OP-02
2026-03-01,MP-0108,salida,58.2,CONS-117098,BOD-02,OP-02
2026-03-01,MP-0293,salida,50.7,CONS-117105,BOD-01,OP-03
2026-03-01,MP-0239,salida,24.1,CONS-117112,BOD-03,OP-04
2026-03-01,MP-0016,salida,208.0,CONS-117119,BOD-01,OP-03
2026-03-01,MP-0030,salida,29.3,CONS-117126,BOD-01,OP-02
2026-03-01,MP-0120,salida,140.3,CONS-117133,BOD-03,OP-05
2026-03-01,MP-0043,salida,81.2,CONS-117140,BOD-02,OP-06
2026-03-01,MP-0182,salida,136.3,CONS-117147,BOD-01,OP-05
2026-03-01,MP-0369,salida,163.3,CONS-117154,BOD-02,OP-03
2026-03-01,MP-0157,salida,180.5,CONS-117161,BOD-02,OP-01
2026-03-01,MP-0128,salida,71.7,CONS-117182,BOD-01,OP-04
2026-03-01,MP-0047,salida,-17.9,CONS-117189,BOD-01,OP-03
2026-03-01,MP-0244,salida,20.2,CONS-117196,BOD-01,OP-03
2026-03-01,MP-0122,salida,74.2,CONS-117203,BOD-01,OP-02
2026-03-01,MP-0132,salida,123.1,CONS-117210,BOD-01,OP-06
2026-03-01,MP-0131,salida,45.5,CONS-117217,BOD-02,OP-04
2026-03-01,MP-0216,salida,-95.1,CONS-117224,BOD-02,OP-05
2026-03-01,MP-0272,salida,12.1,CONS-117231,BOD-03,OP-03
2026-03-01,MP-0010,salida,-110.5,CONS-117238,BOD-02,OP-05
2026-03-01,MP-0002,salida,62.7,CONS-117245,BOD-02,OP-01
2026-03-01,MP-0150,salida,87.8,CONS-117252,BOD-02,OP-05
2026-03-01,MP-0202,salida,134.7,CONS-117266,BOD-03,OP-06
2026-03-01,MP-0153,salida,61.9,CONS-117273,BOD-03,OP-06
2026-03-01,MP-0178,salida,29.2,CONS-117280,BOD-01,OP-06
2026-03-01,MP-0229,salida,137.9,CONS-117287,BOD-03,OP-04
2026-03-01,MP-0013,salida,29.1,CONS-117294,BOD-01,OP-05
2026-03-01,MP-0020,salida,49.5,CONS-117301,BOD-02,OP-04
2026-03-01,MP-0106,salida,19.2,CONS-117308,BOD-03,OP-05
2026-03-01,MP-0051,salida,72.5,CONS-117315,BOD-02,OP-04
2026-03-01,MP-0411,salida,28.9,CONS-117322,BOD-03,OP-06
2026-03-01,MP-0004,salida,33.1,CONS-117336,BOD-01,OP-01
2026-03-01,MP-0033,salida,29.3,CONS-117343,BOD-01,OP-04
2026-03-01,MP-0045,salida,18.6,CONS-117350,BOD-02,OP-04
2026-03-01,MP-0386,salida,41.1,CONS-117357,BOD-03,OP-03
2026-03-01,MP-0393,salida,13.2,CONS-117364,BOD-01,OP-03
2026-03-01,MP-0015,salida,49.6,CONS-117378,BOD-01,OP-06
2026-03-01,MP-0012,salida,75.1,CONS-117385,BOD-01,OP-06
2026-03-01,MP-0142,salida,75.5,CONS-117392,BOD-03,OP-04
2026-03-01,MP-0102,salida,92.0,CONS-117399,BOD-02,OP-04
2026-03-01,MP-0114,salida,22.0,CONS-117406,BOD-02,OP-06
2026-03-01,MP-0325,salida,59.2,CONS-117413,BOD-03,OP-06
2026-03-01,MP-0193,salida,53.3,CONS-117420,BOD-02,OP-05
2026-03-01,MP-0330,salida,24.6,CONS-117427,BOD-02,OP-02
2026-03-01,MP-0024,salida,127.7,CONS-117434,BOD-02,OP-02
2026-03-01,MP-0117,salida,40.9,CONS-117441,BOD-02,OP-04
2026-03-01,MP-0060,salida,36.5,CONS-117448,BOD-03,OP-01
2026-03-01,MP-0357,salida,44.9,CONS-117455,BOD-03,OP-01
2026-03-01,MP-0162,salida,6.9,CONS-117462,BOD-02,OP-06
2026-03-01,MP-0009,salida,58.9,CONS-117469,BOD-01,OP-06
2026-03-01,MP-0076,salida,81.4,CONS-117476,BOD-03,OP-01
2026-03-01,MP-0077,salida,85.7,CONS-117483,BOD-01,OP-02
2026-03-01,MP-0273,salida,91.4,CONS-117490,BOD-01,OP-03
2026-03-01,MP-0026,salida,60.1,CONS-117497,BOD-03,OP-02
2026-03-01,MP-0111,salida,92.4,CONS-117504,BOD-03,OP-06
2026-03-01,MP-0071,salida,73.3,CONS-117511,BOD-01,OP-03
2026-03-01,MP-0388,salida,70.6,CONS-117518,BOD-01,OP-01
2026-03-01,MP-0227,salida,42.3,CONS-117525,BOD-02,OP-02
2026-03-01,MP-0088,salida,109.3,CONS-117532,BOD-01,OP-01
2026-03-01,MP-0143,salida,122.2,CONS-117539,BOD-03,OP-02
2026-03-01,MP-0181,salida,102.7,CONS-117546,BOD-02,OP-03
2026-03-01,MP-0385,salida,30.1,CONS-117553,BOD-01,OP-05
2026-03-01,MP-0321,salida,55.4,CONS-117560,BOD-02,OP-01
2026-03-01,MP-0343,salida,123.1,CONS-117567,BOD-01,OP-06
2026-03-01,MP-0036,salida,56.0,CONS-117574,BOD-03,OP-02
2026-03-01,MP-0080,salida,61.8,CONS-117581,BOD-01,OP-02
2026-03-01,MP-0139,salida,113.9,CONS-117588,BOD-02,OP-01
2026-03-01,MP-0356,salida,73.0,CONS-117595,BOD-02,OP-04
2026-03-01,MP-0339,salida,24.3,CONS-117602,BOD-02,OP-05
2026-03-01,MP-0078,salida,67.3,CONS-117609,BOD-01,OP-06
2026-03-01,MP-0059,salida,41.5,CONS-117616,BOD-01,OP-06
2026-03-01,MP-0211,salida,32.5,CONS-117623,BOD-01,OP-06
2026-03-01,MP-0340,salida,-32.5,CONS-117630,BOD-01,OP-03
2026-03-01,MP-0390,salida,23.3,CONS-117637,BOD-03,OP-03
2026-03-01,MP-0268,salida,21.3,CONS-117644,BOD-01,OP-05
2026-03-01,MP-0039,salida,7.3,CONS-117651,BOD-03,OP-03
2026-03-01,MP-0032,salida,14.3,CONS-117658,BOD-01,OP-02
2026-03-01,MP-0129,salida,-48.6,CONS-117665,BOD-03,OP-04
2026-03-01,MP-0136,salida,41.8,CONS-117672,BOD-02,OP-04
2026-03-01,MP-0217,salida,36.9,CONS-117679,BOD-02,OP-05
2026-03-01,MP-0344,salida,61.2,CONS-117686,BOD-02,OP-02
2026-03-02,MP-0110,entrada,223,REC-OC-5970,BOD-03,OP-03
2026-03-02,MP-0205,entrada,66,REC-OC-6247,BOD-01,OP-03
2026-03-02,MP-0147,entrada,348,REC-OC-6171,BOD-02,OP-01
2026-03-03,MP-0030,entrada,2074,REC-OC-5411,BOD-01,OP-03
2026-03-03,MP-0040,entrada,1372,REC-OC-5578,BOD-02,OP-03
2026-03-04,MP-0138,entrada,212,REC-OC-6125,BOD-03,OP-01
2026-03-04,MP-0004,entrada,734,REC-OC-5041,BOD-01,OP-04
2026-03-04,MP-0024,entrada,1728,REC-OC-5345,BOD-03,OP-05
2026-03-05,MP-0022,entrada,1381,REC-OC-5292,BOD-02,OP-02
2026-03-05,MP-0097,entrada,139,REC-OC-5891,BOD-01,OP-01
2026-03-05,MP-0022,salida,106.7,CONS-116924,BOD-03,OP-05
2026-03-05,MP-0074,salida,54.7,CONS-116938,BOD-03,OP-02
2026-03-05,MP-0370,salida,17.7,CONS-116945,BOD-02,OP-01
2026-03-05,MP-0299,salida,68.4,CONS-116952,BOD-01,OP-01
2026-03-05,MP-0309,salida,62.1,CONS-116959,BOD-03,OP-04
2026-03-05,MP-0418,salida,57.6,CONS-116966,BOD-03,OP-01
2026-03-05,MP-0008,salida,156.9,CONS-116973,BOD-01,OP-01
2026-03-05,MP-0005,salida,79.7,CONS-116980,BOD-01,OP-02
2026-03-05,MP-0133,salida,57.9,CONS-116987,BOD-03,OP-06
2026-03-05,MP-0101,salida,50.9,CONS-116994,BOD-03,OP-02
2026-03-05,MP-0149,salida,93.5,CONS-117001,BOD-03,OP-03
2026-03-05,MP-0254,salida,59.9,CONS-117015,BOD-01,OP-05
2026-03-05,MP-0161,salida,22.4,CONS-117022,BOD-03,OP-05
2026-03-05,MP-0197,salida,54.2,CONS-117029,BOD-02,OP-01
2026-03-05,MP-0037,salida,21.2,CONS-117036,BOD-02,OP-04
2026-03-05,MP-0018,salida,3.5,CONS-117043,BOD-02,OP-05
2026-03-05,MP-0137,salida,17.8,CONS-117050,BOD-02,OP-06
2026-03-05,MP-0073,salida,25.6,CONS-117057,BOD-02,OP-01
2026-03-05,MP-0118,salida,-23.0,CONS-117064,BOD-01,OP-02
2026-03-05,MP-0199,salida,21.8,CONS-117071,BOD-02,OP-05
2026-03-05,MP-0232,salida,19.5,CONS-117078,BOD-03,OP-02
2026-03-05,MP-0027,salida,9.6,CONS-117085,BOD-01,OP-01
2026-03-05,MP-0116,salida,28.9,CONS-117092,BOD-01,OP-01
2026-03-05,MP-0108,salida,58.2,CONS-117099,BOD-02,OP-03
2026-03-05,MP-0293,salida,50.7,CONS-117106,BOD-02,OP-05
2026-03-05,MP-0239,salida,24.1,CONS-117113,BOD-01,OP-03
2026-03-05,MP-0016,salida,208.0,CONS-117120,BOD-03,OP-01
2026-03-05,MP-0030,salida,29.3,CONS-117127,BOD-01,OP-05
2026-03-05,MP-0120,salida,140.3,CONS-117134,BOD-03,OP-01
2026-03-05,MP-0043,salida,-81.2,CONS-117141,BOD-03,OP-05
2026-03-05,MP-0182,salida,136.3,CONS-117148,BOD-02,OP-04
2026-03-05,MP-0369,salida,163.3,CONS-117155,BOD-01,OP-06
2026-03-05,MP-0157,salida,180.5,CONS-117162,BOD-01,OP-02
2026-03-05,MP-0001,salida,41.6,CONS-117169,BOD-03,OP-04
2026-03-05,MP-0014,salida,33.8,CONS-117176,BOD-02,OP-06
2026-03-05,MP-0128,salida,71.7,CONS-117183,BOD-01,OP-03
2026-03-05,MP-0047,salida,17.9,CONS-117190,BOD-02,OP-01
2026-03-05,MP-0244,salida,20.2,CONS-117197,BOD-02,OP-01
2026-03-05,MP-0122,salida,74.2,CONS-117204,BOD-01,OP-05
2026-03-05,MP-0132,salida,123.1,CONS-117211,BOD-03,OP-04
2026-03-05,MP-0131,salida,45.5,CONS-117218,BOD-01,OP-02
2026-03-05,MP-0216,salida,95.1,CONS-117225,BOD-02,OP-05
2026-03-05,MP-0272,salida,-12.1,CONS-117232,BOD-01,OP-01
2026-03-05,MP-0010,salida,110.5,CONS-117239,BOD-01,OP-05
2026-03-05,MP-0002,salida,62.7,CONS-117246,BOD-03,OP-02
2026-03-05,MP-0150,salida,87.8,CONS-117253,BOD-03,OP-05
2026-03-05,MP-0085,salida,108.5,CONS-117260,BOD-01,OP-01
2026-03-05,MP-0202,salida,134.7,CONS-117267,BOD-01,OP-01
2026-03-05,MP-0153,salida,61.9,CONS-117274,BOD-01,OP-01
2026-03-05,MP-0178,salida,29.2,CONS-117281,BOD-03,OP-05
2026-03-05,MP-0229,salida,137.9,CONS-117288,BOD-01,OP-06
2026-03-05,MP-0013,salida,29.1,CONS-117295,BOD-03,OP-05
2026-03-05,MP-0020,salida,49.5,CONS-117302,BOD-02,OP-06
2026-03-05,MP-0106,salida,19.2,CONS-117309,BOD-03,OP-02
2026-03-05,MP-0051,salida,72.5,CONS-117316,BOD-03,OP-04
2026-03-05,MP-0411,salida,28.9,CONS-117323,BOD-01,OP-01
2026-03-05,MP-0238,salida,27.2,CONS-117330,BOD-02,OP-01
2026-03-05,MP-0004,salida,33.1,CONS-117337,BOD-03,OP-06
2026-03-05,MP-0033,salida,29.3,CONS-117344,BOD-01,OP-05
2026-03-05,MP-0045,salida,18.6,CONS-117351,BOD-03,OP-02
2026-03-05,MP-0386,salida,41.1,CONS-117358,BOD-03,OP-04
2026-03-05,MP-0393,salida,13.2,CONS-117365,BOD-02,OP-01
2026-03-05,MP-0373,salida,106.1,CONS-117372,BOD-01,OP-06
2026-03-05,MP-0012,salida,75.1,CONS-117386,BOD-02,OP-05
2026-03-05,MP-0142,salida,75.5,CONS-117393,BOD-01,OP-02
2026-03-05,MP-0102,salida,92.0,CONS-117400,BOD-01,OP-05
2026-03-05,MP-0114,salida,22.0,CONS-117407,BOD-03,OP-03
2026-03-05,MP-0325,salida,59.2,CONS-117414,BOD-02,OP-06
2026-03-05,MP-0193,salida,53.3,CONS-117421,BOD-03,OP-05
2026-03-05,MP-0330,salida,24.6,CONS-117428,BOD-03,OP-06
2026-03-05,MP-0024,salida,-127.7,CONS-117435,BOD-01,OP-06
2026-03-05,MP-0117,salida,40.9,CONS-117442,BOD-01,OP-03
2026-03-05,MP-0060,salida,36.5,CONS-117449,BOD-01,OP-01
2026-03-05,MP-0357,salida,44.9,CONS-117456,BOD-01,OP-03
2026-03-05,MP-0162,salida,6.9,CONS-117463,BOD-03,OP-01
2026-03-05,MP-0009,salida,58.9,CONS-117470,BOD-03,OP-01
2026-03-05,MP-0076,salida,81.4,CONS-117477,BOD-03,OP-01
2026-03-05,MP-0077,salida,85.7,CONS-117484,BOD-03,OP-06
2026-03-05,MP-0273,salida,91.4,CONS-117491,BOD-03,OP-05
2026-03-05,MP-0026,salida,60.1,CONS-117498,BOD-01,OP-04
2026-03-05,MP-0111,salida,92.4,CONS-117505,BOD-02,OP-01
2026-03-05,MP-0388,salida,70.6,CONS-117519,BOD-03,OP-05
2026-03-05,MP-0227,salida,42.3,CONS-117526,BOD-03,OP-02
2026-03-05,MP-0143,salida,-122.2,CONS-117540,BOD-02,OP-04
2026-03-05,MP-0181,salida,102.7,CONS-117547,BOD-01,OP-03
2026-03-05,MP-0321,salida,55.4,CONS-117561,BOD-02,OP-06
2026-03-05,MP-0343,salida,123.1,CONS-117568,BOD-03,OP-02
2026-03-05,MP-0036,salida,56.0,CONS-117575,BOD-03,OP-03
2026-03-05,MP-0139,salida,113.9,CONS-117589,BOD-03,OP-03
2026-03-05,MP-0356,salida,73.0,CONS-117596,BOD-02,OP-01
2026-03-05,MP-0339,salida,24.3,CONS-117603,BOD-03,OP-02
2026-03-05,MP-0078,salida,67.3,CONS-117610,BOD-01,OP-06
2026-03-05,MP-0059,salida,41.5,CONS-117617,BOD-01,OP-04
2026-03-05,MP-0211,salida,32.5,CONS-117624,BOD-01,OP-06
2026-03-05,MP-0340,salida,32.5,CONS-117631,BOD-02,OP-01
2026-03-05,MP-0390,salida,23.3,CONS-117638,BOD-02,OP-04
2026-03-05,MP-0268,salida,21.3,CONS-117645,BOD-03,OP-05
2026-03-05,MP-0039,salida,7.3,CONS-117652,BOD-01,OP-01
2026-03-05,MP-0032,salida,14.3,CONS-117659,BOD-02,OP-06
2026-03-05,MP-0136,salida,41.8,CONS-117673,BOD-02,OP-01
2026-03-05,MP-0217,salida,36.9,CONS-117680,BOD-02,OP-02
2026-03-05,MP-0344,salida,61.2,CONS-117687,BOD-01,OP-01
2026-03-06,MP-0186,entrada,48,REC-OC-6228,BOD-01,OP-03
2026-03-06,MP-0026,entrada,1171,REC-OC-5366,BOD-03,OP-05
2026-03-07,MP-0023,entrada,1791,REC-OC-5330,BOD-02,OP-04
2026-03-07,MP-0032,entrada,1868,REC-OC-5469,BOD-03,OP-06
2026-03-08,MP-0022,entrada,1419,REC-OC-5300,BOD-02,OP-03
2026-03-09,MP-0026,entrada,896,REC-OC-5365,BOD-03,OP-06
2026-03-09,MP-0019,salida,93.5,CONS-116918,BOD-02,OP-03
2026-03-09,MP-0022,salida,106.7,CONS-116925,BOD-03,OP-02
2026-03-09,MP-0094,salida,52.7,CONS-116932,BOD-03,OP-02
2026-03-09,MP-0074,salida,54.7,CONS-116939,BOD-02,OP-06
2026-03-09,MP-0370,salida,17.7,CONS-116946,BOD-03,OP-05
2026-03-09,MP-0418,salida,57.6,CONS-116967,BOD-01,OP-05
2026-03-09,MP-0008,salida,-156.9,CONS-116974,BOD-02,OP-02
2026-03-09,MP-0005,salida,79.7,CONS-116981,BOD-02,OP-04
2026-03-09,MP-0133,salida,57.9,CONS-116988,BOD-01,OP-02
2026-03-09,MP-0101,salida,50.9,CONS-116995,BOD-02,OP-03
2026-03-09,MP-0149,salida,93.5,CONS-117002,BOD-01,OP-06
2026-03-09,MP-0189,salida,41.2,CONS-117009,BOD-02,OP-05
2026-03-09,MP-0254,salida,59.9,CONS-117016,BOD-01,OP-03
2026-03-09,MP-0197,salida,54.2,CONS-117030,BOD-03,OP-06
2026-03-09,MP-0037,salida,21.2,CONS-117037,BOD-02,OP-05
2026-03-09,MP-0137,salida,17.8,CONS-117051,BOD-03,OP-04
2026-03-09,MP-0073,salida,25.6,CONS-117058,BOD-01,OP-05
2026-03-09,MP-0118,salida,23.0,CONS-117065,BOD-03,OP-06
2026-03-09,MP-0199,salida,21.8,CONS-117072,BOD-02,OP-01
2026-03-09,MP-0232,salida,19.5,CONS-117079,BOD-02,OP-06
2026-03-09,MP-0027,salida,9.6,CONS-117086,BOD-01,OP-05
2026-03-09,MP-0116,salida,28.9,CONS-117093,BOD-01,OP-05
2026-03-09,MP-0108,salida,58.2,CONS-117100,BOD-01,OP-03
2026-03-09,MP-0293,salida,50.7,CONS-117107,BOD-03,OP-04
2026-03-09,MP-0239,salida,24.1,CONS-117114,BOD-02,OP-06
2026-03-09,MP-0016,salida,208.0,CONS-117121,BOD-03,OP-05
2026-03-09,MP-0030,salida,29.3,CONS-117128,BOD-01,OP-02
2026-03-09,MP-0120,salida,140.3,CONS-117135,BOD-01,OP-06
2026-03-09,MP-0043,salida,81.2,CONS-117142,BOD-03,OP-01
2026-03-09,MP-0182,salida,136.3,CONS-117149,BOD-03,OP-01
2026-03-09,MP-0369,salida,163.3,CONS-117156,BOD-02,OP-03
2026-03-09,MP-0157,salida,180.5,CONS-117163,BOD-02,OP-02
2026-03-09,MP-0014,salida,33.8,CONS-117177,BOD-01,OP-06
2026-03-09,MP-0128,salida,71.7,CONS-117184,BOD-01,OP-02
2026-03-09,MP-0047,salida,17.9,CONS-117191,BOD-02,OP-02
2026-03-09,MP-0244,salida,20.2,CONS-117198,BOD-01,OP-03
2026-03-09,MP-0132,salida,123.1,CONS-117212,BOD-01,OP-02
2026-03-09,MP-0131,salida,45.5,CONS-117219,BOD-03,OP-03
2026-03-09,MP-0216,salida,95.1,CONS-117226,BOD-02,OP-06
2026-03-09,MP-0272,salida,12.1,CONS-117233,BOD-03,OP-03
2026-03-09,MP-0002,salida,62.7,CONS-117247,BOD-01,OP-04
2026-03-09,MP-0150,salida,87.8,CONS-117254,BOD-01,OP-01
2026-03-09,MP-0085,salida,108.5,CONS-117261,BOD-03,OP-01
2026-03-09,MP-0202,salida,134.7,CONS-117268,BOD-03,OP-03
2026-03-09,MP-0153,salida,61.9,CONS-117275,BOD-01,OP-01
2026-03-09,MP-0178,salida,29.2,CONS-117282,BOD-02,OP-03
2026-03-09,MP-0229,salida,137.9,CONS-117289,BOD-01,OP-02
2026-03-09,MP-0013,salida,29.1,CONS-117296,BOD-03,OP-06
2026-03-09,MP-0020,salida,49.5,CONS-117303,BOD-03,OP-02
2026-03-09,MP-0106,salida,19.2,CONS-117310,BOD-02,OP-05
2026-03-09,MP-0051,salida,72.5,CONS-117317,BOD-02,OP-05
2026-03-09,MP-0411,salida,-28.9,CONS-117324,BOD-03,OP-05
2026-03-09,MP-0238,salida,27.2,CONS-117331,BOD-02,OP-03
2026-03-09,MP-0004,salida,33.1,CONS-117338,BOD-03,OP-04
2026-03-09,MP-0033,salida,29.3,CONS-117345,BOD-03,OP-02
2026-03-09,MP-0045,salida,18.6,CONS-117352,BOD-02,OP-01
2026-03-09,MP-0393,salida,13.2,CONS-117366,BOD-02,OP-06
2026-03-09,MP-0373,salida,106.1,CONS-117373,BOD-03,OP-06
2026-03-09,MP-0012,salida,75.1,CONS-117387,BOD-02,OP-01
2026-03-09,MP-0142,salida,75.5,CONS-117394,BOD-02,OP-04
2026-03-09,MP-0102,salida,92.0,CONS-117401,BOD-03,OP-03
2026-03-09,MP-0114,salida,22.0,CONS-117408,BOD-02,OP-04
2026-03-09,MP-0325,salida,59.2,CONS-117415,BOD-01,OP-06
2026-03-09,MP-0193,salida,53.3,CONS-117422,BOD-03,OP-05
2026-03-09,MP-0330,salida,24.6,CONS-117429,BOD-03,OP-04
2026-03-09,MP-0024,salida,127.7,CONS-117436,BOD-03,OP-04
2026-03-09,MP-0060,salida,36.5,CONS-117450,BOD-03,OP-05
2026-03-09,MP-0357,salida,44.9,CONS-117457,BOD-03,OP-06
2026-03-09,MP-0162,salida,6.9,CONS-117464,BOD-02,OP-01
2026-03-09,MP-0076,salida,81.4,CONS-117478,BOD-01,OP-04
2026-03-09,MP-0077,salida,85.7,CONS-117485,BOD-01,OP-04
2026-03-09,MP-0273,salida,91.4,CONS-117492,BOD-01,OP-01
2026-03-09,MP-0026,salida,60.1,CONS-117499,BOD-01,OP-03
2026-03-09,MP-0111,salida,92.4,CONS-117506,BOD-02,OP-01
2026-03-09,MP-0071,salida,73.3,CONS-117513,BOD-03,OP-01
2026-03-09,MP-0388,salida,70.6,CONS-117520,BOD-03,OP-03
2026-03-09,MP-0227,salida,42.3,CONS-117527,BOD-02,OP-05
2026-03-09,MP-0088,salida,109.3,CONS-117534,BOD-03,OP-01
2026-03-09,MP-0143,salida,122.2,CONS-117541,BOD-01,OP-01
2026-03-09,MP-0181,salida,102.7,CONS-117548,BOD-03,OP-04
2026-03-09,MP-0385,salida,30.1,CONS-117555,BOD-03,OP-03
2026-03-09,MP-0321,salida,55.4,CONS-117562,BOD-03,OP-01
2026-03-09,MP-0343,salida,123.1,CONS-117569,BOD-02,OP-06
2026-03-09,MP-0036,salida,56.0,CONS-117576,BOD-03,OP-03
2026-03-09,MP-0080,salida,61.8,CONS-117583,BOD-01,OP-06
2026-03-09,MP-0139,salida,113.9,CONS-117590,BOD-01,OP-06
2026-03-09,MP-0339,salida,24.3,CONS-117604,BOD-03,OP-05
2026-03-09,MP-0078,salida,67.3,CONS-117611,BOD-02,OP-06
2026-03-09,MP-0059,salida,41.5,CONS-117618,BOD-02,OP-03
2026-03-09,MP-0211,salida,32.5,CONS-117625,BOD-02,OP-01
2026-03-09,MP-0340,salida,32.5,CONS-117632,BOD-03,OP-05
2026-03-09,MP-0390,salida,23.3,CONS-117639,BOD-03,OP-04
2026-03-09,MP-0268,salida,21.3,CONS-117646,BOD-01,OP-03
2026-03-09,MP-0039,salida,7.3,CONS-117653,BOD-02,OP-06
2026-03-09,MP-0032,salida,14.3,CONS-117660,BOD-03,OP-02
2026-03-09,MP-0129,salida,48.6,CONS-117667,BOD-03,OP-05
2026-03-09,MP-0136,salida,41.8,CONS-117674,BOD-02,OP-06
2026-03-09,MP-0217,salida,36.9,CONS-117681,BOD-01,OP-06
2026-03-09,MP-0344,salida,61.2,CONS-117688,BOD-03,OP-02
2026-03-09,MP-0260,ajuste,29,AJU-120059,BOD-03,AUDIT
2026-03-11,MP-0065,entrada,245,REC-OC-5730,BOD-01,OP-01
2026-03-11,MP-0025,entrada,693,REC-OC-5358,BOD-01,OP-03
2026-03-11,MP-0026,entrada,885,REC-OC-5368,BOD-01,OP-03
2026-03-11,MP-0035,entrada,1382,REC-OC-5532,BOD-03,OP-03
2026-03-12,MP-0148,entrada,121,REC-OC-6181,BOD-02,OP-01
2026-03-12,MP-0022,entrada,1272,REC-OC-5296,BOD-03,OP-06
2026-03-13,MP-0024,entrada,1970,REC-OC-5344,BOD-02,OP-06
2026-03-13,MP-0019,salida,93.5,CONS-116919,BOD-02,OP-01
2026-03-13,MP-0022,salida,106.7,CONS-116926,BOD-03,OP-05
2026-03-13,MP-0094,salida,52.7,CONS-116933,BOD-02,OP-02
2026-03-13,MP-0074,salida,54.7,CONS-116940,BOD-03,OP-05
2026-03-13,MP-0370,salida,17.7,CONS-116947,BOD-01,OP-01
2026-03-13,MP-0299,salida,68.4,CONS-116954,BOD-02,OP-03
2026-03-13,MP-0309,salida,62.1,CONS-116961,BOD-01,OP-03
2026-03-13,MP-0008,salida,156.9,CONS-116975,BOD-03,OP-04
2026-03-13,MP-0005,salida,79.7,CONS-116982,BOD-03,OP-06
2026-03-13,MP-0133,salida,57.9,CONS-116989,BOD-01,OP-05
2026-03-13,MP-0101,salida,50.9,CONS-116996,BOD-01,OP-05
2026-03-13,MP-0149,salida,93.5,CONS-117003,BOD-02,OP-05
2026-03-13,MP-0189,salida,41.2,CONS-117010,BOD-02,OP-02
2026-03-13,MP-0254,salida,59.9,CONS-117017,BOD-03,OP-03
2026-03-13,MP-0161,salida,22.4,CONS-117024,BOD-01,OP-05
2026-03-13,MP-0197,salida,54.2,CONS-117031,BOD-02,OP-03
2026-03-13,MP-0037,salida,21.2,CONS-117038,BOD-03,OP-03
2026-03-13,MP-0018,salida,3.5,CONS-117045,BOD-01,OP-03
2026-03-13,MP-0137,salida,17.8,CONS-117052,BOD-03,OP-04
2026-03-13,MP-0073,salida,25.6,CONS-117059,BOD-03,OP-02
2026-03-13,MP-0118,salida,23.0,CONS-117066,BOD-03,OP-02
2026-03-13,MP-0199,salida,21.8,CONS-117073,BOD-02,OP-01
2026-03-13,MP-0232,salida,19.5,CONS-117080,BOD-02,OP-01
2026-03-13,MP-0027,salida,9.6,CONS-117087,BOD-02,OP-01
2026-03-13,MP-0116,salida,28.9,CONS-117094,BOD-03,OP-03
2026-03-13,MP-0108,salida,58.2,CONS-117101,BOD-01,OP-05
2026-03-13,MP-0293,salida,50.7,CONS-117108,BOD-02,OP-06
2026-03-13,MP-0239,salida,24.1,CONS-117115,BOD-03,OP-04
2026-03-13,MP-0016,salida,208.0,CONS-117122,BOD-02,OP-06
2026-03-13,MP-0030,salida,29.3,CONS-117129,BOD-03,OP-02
2026-03-13,MP-0120,salida,140.3,CONS-117136,BOD-03,OP-05
2026-03-13,MP-0043,salida,81.2,CONS-117143,BOD-01,OP-02
2026-03-13,MP-0182,salida,136.3,CONS-117150,BOD-01,OP-05
2026-03-13,MP-0369,salida,163.3,CONS-117157,BOD-01,OP-05
2026-03-13,MP-0157,salida,180.5,CONS-117164,BOD-01,OP-02
2026-03-13,MP-0001,salida,41.6,CONS-117171,BOD-03,OP-01
2026-03-13,MP-0014,salida,33.8,CONS-117178,BOD-01,OP-06
2026-03-13,MP-0128,salida,71.7,CONS-117185,BOD-02,OP-06
2026-03-13,MP-0047,salida,17.9,CONS-117192,BOD-02,OP-06
2026-03-13,MP-0244,salida,20.2,CONS-117199,BOD-03,OP-05
2026-03-13,MP-0122,salida,74.2,CONS-117206,BOD-01,OP-04
2026-03-13,MP-0131,salida,45.5,CONS-117220,BOD-02,OP-06
2026-03-13,MP-0216,salida,95.1,CONS-117227,BOD-01,OP-05
2026-03-13,MP-0272,salida,12.1,CONS-117234,BOD-01,OP-04
2026-03-13,MP-0010,salida,110.5,CONS-117241,BOD-03,OP-01
2026-03-13,MP-0002,salida,62.7,CONS-117248,BOD-01,OP-05
2026-03-13,MP-0150,salida,87.8,CONS-117255,BOD-01,OP-05
2026-03-13,MP-0085,salida,108.5,CONS-117262,BOD-03,OP-06
2026-03-13,MP-0202,salida,134.7,CONS-117269,BOD-01,OP-06
2026-03-13,MP-0153,salida,61.9,CONS-117276,BOD-01,OP-06
2026-03-13,MP-0178,salida,29.2,CONS-117283,BOD-02,OP-02
2026-03-13,MP-0229,salida,137.9,CONS-117290,BOD-02,OP-04
2026-03-13,MP-0020,salida,49.5,CONS-117304,BOD-03,OP-06
2026-03-13,MP-0106,salida,19.2,CONS-117311,BOD-02,OP-05
2026-03-13,MP-0051,salida,72.5,CONS-117318,BOD-01,OP-02
2026-03-13,MP-0411,salida,28.9,CONS-117325,BOD-03,OP-01
2026-03-13,MP-0238,salida,27.2,CONS-117332,BOD-03,OP-02
2026-03-13,MP-0004,salida,33.1,CONS-117339,BOD-03,OP-02
2026-03-13,MP-0033,salida,29.3,CONS-117346,BOD-02,OP-04
2026-03-13,MP-0045,salida,18.6,CONS-117353,BOD-01,OP-02
2026-03-13,MP-0386,salida,41.1,CONS-117360,BOD-03,OP-04
2026-03-13,MP-0393,salida,13.2,CONS-117367,BOD-03,OP-02
2026-03-13,MP-0373,salida,106.1,CONS-117374,BOD-03,OP-03
2026-03-13,MP-0015,salida,49.6,CONS-117381,BOD-03,OP-04
2026-03-13,MP-0012,salida,75.1,CONS-117388,BOD-01,OP-06
2026-03-13,MP-0102,salida,92.0,CONS-117402,BOD-02,OP-03
2026-03-13,MP-0114,salida,22.0,CONS-117409,BOD-01,OP-04
2026-03-13,MP-0325,salida,59.2,CONS-117416,BOD-01,OP-01
2026-03-13,MP-0193,salida,53.3,CONS-117423,BOD-03,OP-02
2026-03-13,MP-0330,salida,24.6,CONS-117430,BOD-03,OP-06
2026-03-13,MP-0117,salida,40.9,CONS-117444,BOD-03,OP-05
2026-03-13,MP-0060,salida,36.5,CONS-117451,BOD-02,OP-03
2026-03-13,MP-0357,salida,44.9,CONS-117458,BOD-03,OP-01
2026-03-13,MP-0162,salida,6.9,CONS-117465,BOD-02,OP-05
2026-03-13,MP-0009,salida,58.9,CONS-117472,BOD-01,OP-04
2026-03-13,MP-0076,salida,81.4,CONS-117479,BOD-02,OP-04
2026-03-13,MP-0026,salida,60.1,CONS-117500,BOD-02,OP-02
2026-03-13,MP-0111,salida,92.4,CONS-117507,BOD-02,OP-04
2026-03-13,MP-0388,salida,70.6,CONS-117521,BOD-02,OP-02
2026-03-13,MP-0227,salida,42.3,CONS-117528,BOD-03,OP-03
2026-03-13,MP-0088,salida,109.3,CONS-117535,BOD-03,OP-04
2026-03-13,MP-0143,salida,122.2,CONS-117542,BOD-02,OP-05
2026-03-13,MP-0181,salida,102.7,CONS-117549,BOD-03,OP-06
2026-03-13,MP-0385,salida,30.1,CONS-117556,BOD-02,OP-01
2026-03-13,MP-0321,salida,55.4,CONS-117563,BOD-01,OP-04
2026-03-13,MP-0343,salida,123.1,CONS-117570,BOD-03,OP-06
2026-03-13,MP-0036,salida,56.0,CONS-117577,BOD-02,OP-03
2026-03-13,MP-0080,salida,-61.8,CONS-117584,BOD-02,OP-06
2026-03-13,MP-0139,salida,113.9,CONS-117591,BOD-02,OP-02
2026-03-13,MP-0356,salida,73.0,CONS-117598,BOD-01,OP-02
2026-03-13,MP-0339,salida,24.3,CONS-117605,BOD-03,OP-05
2026-03-13,MP-0078,salida,-67.3,CONS-117612,BOD-02,OP-06
2026-03-13,MP-0059,salida,41.5,CONS-117619,BOD-03,OP-04
2026-03-13,MP-0211,salida,32.5,CONS-117626,BOD-03,OP-06
2026-03-13,MP-0340,salida,32.5,CONS-117633,BOD-01,OP-01
2026-03-13,MP-0390,salida,23.3,CONS-117640,BOD-02,OP-04
2026-03-13,MP-0268,salida,21.3,CONS-117647,BOD-03,OP-02
2026-03-13,MP-0039,salida,7.3,CONS-117654,BOD-01,OP-01
2026-03-13,MP-0032,salida,-14.3,CONS-117661,BOD-01,OP-02
2026-03-13,MP-0129,salida,48.6,CONS-117668,BOD-01,OP-05
2026-03-13,MP-0136,salida,41.8,CONS-117675,BOD-02,OP-03
2026-03-13,MP-0217,salida,36.9,CONS-117682,BOD-03,OP-06
2026-03-13,MP-0344,salida,61.2,CONS-117689,BOD-03,OP-01
2026-03-14,MP-0040,entrada,1528,REC-OC-5581,BOD-02,OP-03
2026-03-14,MP-0036,entrada,414,REC-OC-5540,BOD-01,OP-06
2026-03-15,MP-0008,entrada,765,REC-OC-5088,BOD-01,OP-05
2026-03-17,MP-0019,salida,93.5,CONS-116920,BOD-01,OP-04
2026-03-17,MP-0022,salida,106.7,CONS-116927,BOD-02,OP-01
2026-03-17,MP-0094,salida,52.7,CONS-116934,BOD-03,OP-02
2026-03-17,MP-0370,salida,17.7,CONS-116948,BOD-01,OP-02
2026-03-17,MP-0309,salida,62.1,CONS-116962,BOD-03,OP-05
2026-03-17,MP-0418,salida,57.6,CONS-116969,BOD-03,OP-05
2026-03-17,MP-0008,salida,156.9,CONS-116976,BOD-01,OP-02
2026-03-17,MP-0005,salida,79.7,CONS-116983,BOD-02,OP-03
2026-03-17,MP-0133,salida,57.9,CONS-116990,BOD-03,OP-02
2026-03-17,MP-0101,salida,50.9,CONS-116997,BOD-02,OP-06
2026-03-17,MP-0149,salida,93.5,CONS-117004,BOD-01,OP-04
2026-03-17,MP-0189,salida,41.2,CONS-117011,BOD-02,OP-05
2026-03-17,MP-0254,salida,59.9,CONS-117018,BOD-02,OP-06
2026-03-17,MP-0161,salida,22.4,CONS-117025,BOD-03,OP-01
2026-03-17,MP-0197,salida,54.2,CONS-117032,BOD-02,OP-06
2026-03-17,MP-0037,salida,21.2,CONS-117039,BOD-03,OP-01
2026-03-17,MP-0018,salida,3.5,CONS-117046,BOD-01,OP-01
2026-03-17,MP-0137,salida,17.8,CONS-117053,BOD-03,OP-02
2026-03-17,MP-0073,salida,25.6,CONS-117060,BOD-01,OP-03
2026-03-17,MP-0118,salida,23.0,CONS-117067,BOD-03,OP-06
2026-03-17,MP-0232,salida,19.5,CONS-117081,BOD-02,OP-05
2026-03-17,MP-0027,salida,9.6,CONS-117088,BOD-01,OP-02
2026-03-17,MP-0116,salida,28.9,CONS-117095,BOD-02,OP-04
2026-03-17,MP-0108,salida,58.2,CONS-117102,BOD-02,OP-05
2026-03-17,MP-0293,salida,50.7,CONS-117109,BOD-03,OP-04
2026-03-17,MP-0239,salida,24.1,CONS-117116,BOD-01,OP-01
2026-03-17,MP-0016,salida,208.0,CONS-117123,BOD-03,OP-03
2026-03-17,MP-0030,salida,29.3,CONS-117130,BOD-02,OP-04
2026-03-17,MP-0120,salida,140.3,CONS-117137,BOD-03,OP-03
2026-03-17,MP-0369,salida,163.3,CONS-117158,BOD-03,OP-02
2026-03-17,MP-0157,salida,-180.5,CONS-117165,BOD-02,OP-04
2026-03-17,MP-0014,salida,33.8,CONS-117179,BOD-03,OP-06
2026-03-17,MP-0128,salida,71.7,CONS-117186,BOD-03,OP-05
2026-03-17,MP-0244,salida,20.2,CONS-117200,BOD-02,OP-03
2026-03-17,MP-0122,salida,-74.2,CONS-117207,BOD-03,OP-01
2026-03-17,MP-0132,salida,123.1,CONS-117214,BOD-02,OP-06
2026-03-17,MP-0131,salida,45.5,CONS-117221,BOD-03,OP-02
2026-03-17,MP-0216,salida,95.1,CONS-117228,BOD-01,OP-04
2026-03-17,MP-0272,salida,-12.1,CONS-117235,BOD-02,OP-03
2026-03-17,MP-0010,salida,110.5,CONS-117242,BOD-01,OP-04
2026-03-17,MP-0002,salida,62.7,CONS-117249,BOD-01,OP-03
2026-03-17,MP-0150,salida,87.8,CONS-117256,BOD-03,OP-05
2026-03-17,MP-0085,salida,108.5,CONS-117263,BOD-02,OP-05
2026-03-17,MP-0202,salida,134.7,CONS-117270,BOD-02,OP-01
2026-03-17,MP-0153,salida,61.9,CONS-117277,BOD-02,OP-04
2026-03-17,MP-0178,salida,29.2,CONS-117284,BOD-01,OP-04
2026-03-17,MP-0229,salida,137.9,CONS-117291,BOD-02,OP-04
2026-03-17,MP-0013,salida,29.1,CONS-117298,BOD-02,OP-03
2026-03-17,MP-0020,salida,49.5,CONS-117305,BOD-02,OP-03
2026-03-17,MP-0106,salida,19.2,CONS-117312,BOD-03,OP-04
2026-03-17,MP-0051,salida,72.5,CONS-117319,BOD-03,OP-03
2026-03-17,MP-0411,salida,28.9,CONS-117326,BOD-02,OP-04
2026-03-17,MP-0238,salida,27.2,CONS-117333,BOD-02,OP-04
2026-03-17,MP-0004,salida,33.1,CONS-117340,BOD-01,OP-04
2026-03-17,MP-0033,salida,29.3,CONS-117347,BOD-01,OP-04
2026-03-17,MP-0386,salida,41.1,CONS-117361,BOD-01,OP-05
2026-03-17,MP-0393,salida,13.2,CONS-117368,BOD-01,OP-05
2026-03-17,MP-0373,salida,106.1,CONS-117375,BOD-03,OP-02
2026-03-17,MP-0015,salida,49.6,CONS-117382,BOD-03,OP-04
2026-03-17,MP-0012,salida,75.1,CONS-117389,BOD-01,OP-06
2026-03-17,MP-0102,salida,92.0,CONS-117403,BOD-03,OP-05
2026-03-17,MP-0114,salida,22.0,CONS-117410,BOD-03,OP-01
2026-03-17,MP-0325,salida,59.2,CONS-117417,BOD-01,OP-05
2026-03-17,MP-0193,salida,53.3,CONS-117424,BOD-03,OP-06
2026-03-17,MP-0330,salida,24.6,CONS-117431,BOD-02,OP-01
2026-03-17,MP-0024,salida,127.7,CONS-117438,BOD-02,OP-01
2026-03-17,MP-0117,salida,40.9,CONS-117445,BOD-03,OP-04
2026-03-17,MP-0060,salida,36.5,CONS-117452,BOD-03,OP-01
2026-03-17,MP-0357,salida,44.9,CONS-117459,BOD-03,OP-06
2026-03-17,MP-0162,salida,6.9,CONS-117466,BOD-02,OP-03
2026-03-17,MP-0009,salida,58.9,CONS-117473,BOD-01,OP-01
2026-03-17,MP-0076,salida,81.4,CONS-117480,BOD-02,OP-02
2026-03-17,MP-0077,salida,85.7,CONS-117487,BOD-03,OP-05
2026-03-17,MP-0273,salida,91.4,CONS-117494,BOD-01,OP-02
2026-03-17,MP-0111,salida,92.4,CONS-117508,BOD-01,OP-04
2026-03-17,MP-0071,salida,73.3,CONS-117515,BOD-01,OP-04
2026-03-17,MP-0388,salida,70.6,CONS-117522,BOD-01,OP-06
2026-03-17,MP-0227,salida,42.3,CONS-117529,BOD-01,OP-02
2026-03-17,MP-0088,salida,109.3,CONS-117536,BOD-02,OP-01
2026-03-17,MP-0143,salida,122.2,CONS-117543,BOD-02,OP-03
2026-03-17,MP-0181,salida,102.7,CONS-117550,BOD-02,OP-01
2026-03-17,MP-0385,salida,30.1,CONS-117557,BOD-01,OP-04
2026-03-17,MP-0321,salida,55.4,CONS-117564,BOD-01,OP-04
2026-03-17,MP-0343,salida,123.1,CONS-117571,BOD-03,OP-06
2026-03-17,MP-0036,salida,56.0,CONS-117578,BOD-02,OP-05
2026-03-17,MP-0080,salida,61.8,CONS-117585,BOD-02,OP-01
2026-03-17,MP-0139,salida,113.9,CONS-117592,BOD-02,OP-03
2026-03-17,MP-0356,salida,73.0,CONS-117599,BOD-02,OP-06
2026-03-17,MP-0339,salida,24.3,CONS-117606,BOD-03,OP-06
2026-03-17,MP-0078,salida,67.3,CONS-117613,BOD-03,OP-06
2026-03-17,MP-0059,salida,41.5,CONS-117620,BOD-01,OP-05
2026-03-17,MP-0211,salida,32.5,CONS-117627,BOD-01,OP-02
2026-03-17,MP-0340,salida,32.5,CONS-117634,BOD-01,OP-03
2026-03-17,MP-0390,salida,23.3,CONS-117641,BOD-03,OP-06
2026-03-17,MP-0268,salida,21.3,CONS-117648,BOD-03,OP-04
2026-03-17,MP-0039,salida,7.3,CONS-117655,BOD-02,OP-05
2026-03-17,MP-0032,salida,14.3,CONS-117662,BOD-02,OP-02
2026-03-17,MP-0129,salida,48.6,CONS-117669,BOD-03,OP-03
2026-03-17,MP-0136,salida,41.8,CONS-117676,BOD-01,OP-04
2026-03-17,MP-0217,salida,36.9,CONS-117683,BOD-03,OP-01
2026-03-18,MP-0343,entrada,14,REC-OC-6391,BOD-01,OP-02
2026-03-18,MP-0011,entrada,1154,REC-OC-5142,BOD-01,OP-01
2026-03-18,MP-0096,entrada,224,REC-OC-5889,BOD-01,OP-02
2026-03-18,MP-0092,entrada,314,REC-OC-5863,BOD-02,OP-04
2026-03-19,MP-0034,entrada,1286,REC-OC-5506,BOD-02,OP-04
2026-03-19,MP-0047,entrada,229,REC-OC-5634,BOD-03,OP-05
2026-03-19,MP-0121,entrada,472,REC-OC-6013,BOD-02,OP-04
2026-03-19,MP-0099,entrada,574,REC-OC-5905,BOD-02,OP-03
2026-03-20,MP-0131,entrada,395,REC-OC-6078,BOD-02,OP-02
2026-03-20,MP-0332,entrada,88,REC-OC-6380,BOD-03,OP-01
2026-03-21,MP-0019,salida,93.5,CONS-116921,BOD-02,OP-03
2026-03-21,MP-0022,salida,106.7,CONS-116928,BOD-03,OP-05
2026-03-21,MP-0094,salida,52.7,CONS-116935,BOD-03,OP-05
2026-03-21,MP-0074,salida,54.7,CONS-116942,BOD-01,OP-06
2026-03-21,MP-0370,salida,17.7,CONS-116949,BOD-03,OP-03
2026-03-21,MP-0299,salida,68.4,CONS-116956,BOD-01,OP-06
2026-03-21,MP-0008,salida,156.9,CONS-116977,BOD-01,OP-01
2026-03-21,MP-0005,salida,79.7,CONS-116984,BOD-03,OP-03
2026-03-21,MP-0133,salida,57.9,CONS-116991,BOD-02,OP-02
2026-03-21,MP-0149,salida,93.5,CONS-117005,BOD-03,OP-03
2026-03-21,MP-0189,salida,41.2,CONS-117012,BOD-02,OP-05
2026-03-21,MP-0254,salida,59.9,CONS-117019,BOD-02,OP-01
2026-03-21,MP-0161,salida,22.4,CONS-117026,BOD-03,OP-02
2026-03-21,MP-0197,salida,54.2,CONS-117033,BOD-02,OP-02
2026-03-21,MP-0037,salida,21.2,CONS-117040,BOD-02,OP-04
2026-03-21,MP-0137,salida,17.8,CONS-117054,BOD-01,OP-04
2026-03-21,MP-0073,salida,25.6,CONS-117061,BOD-02,OP-04
2026-03-21,MP-0118,salida,23.0,CONS-117068,BOD-01,OP-05
2026-03-21,MP-0199,salida,21.8,CONS-117075,BOD-03,OP-03
2026-03-21,MP-0027,salida,9.6,CONS-117089,BOD-02,OP-05
2026-03-21,MP-0116,salida,28.9,CONS-117096,BOD-02,OP-04
2026-03-21,MP-0108,salida,58.2,CONS-117103,BOD-01,OP-01
2026-03-21,MP-0293,salida,50.7,CONS-117110,BOD-01,OP-05
2026-03-21,MP-0239,salida,24.1,CONS-117117,BOD-02,OP-03
2026-03-21,MP-0030,salida,29.3,CONS-117131,BOD-03,OP-06
2026-03-21,MP-0120,salida,140.3,CONS-117138,BOD-03,OP-02
2026-03-21,MP-0043,salida,81.2,CONS-117145,BOD-01,OP-02
2026-03-21,MP-0182,salida,136.3,CONS-117152,BOD-01,OP-01
2026-03-21,MP-0369,salida,163.3,CONS-117159,BOD-03,OP-06
2026-03-21,MP-0157,salida,180.5,CONS-117166,BOD-02,OP-05
2026-03-21,MP-0001,salida,41.6,CONS-117173,BOD-01,OP-02
2026-03-21,MP-0014,salida,33.8,CONS-117180,BOD-01,OP-02
2026-03-21,MP-0128,salida,71.7,CONS-117187,BOD-02,OP-01
2026-03-21,MP-0047,salida,17.9,CONS-117194,BOD-02,OP-02
2026-03-21,MP-0244,salida,20.2,CONS-117201,BOD-01,OP-06
2026-03-21,MP-0122,salida,74.2,CONS-117208,BOD-01,OP-03
2026-03-21,MP-0132,salida,123.1,CONS-117215,BOD-02,OP-04
2026-03-21,MP-0131,salida,45.5,CONS-117222,BOD-02,OP-01
2026-03-21,MP-0216,salida,95.1,CONS-117229,BOD-02,OP-06
2026-03-21,MP-0272,salida,12.1,CONS-117236,BOD-02,OP-02
2026-03-21,MP-0002,salida,62.7,CONS-117250,BOD-02,OP-04
2026-03-21,MP-0150,salida,87.8,CONS-117257,BOD-02,OP-06
2026-03-21,MP-0085,salida,108.5,CONS-117264,BOD-03,OP-06
2026-03-21,MP-0202,salida,134.7,CONS-117271,BOD-01,OP-06
2026-03-21,MP-0153,salida,61.9,CONS-117278,BOD-03,OP-05
2026-03-21,MP-0178,salida,29.2,CONS-117285,BOD-03,OP-03
2026-03-21,MP-0229,salida,137.9,CONS-117292,BOD-03,OP-03
2026-03-21,MP-0013,salida,29.1,CONS-117299,BOD-03,OP-01
2026-03-21,MP-0020,salida,49.5,CONS-117306,BOD-02,OP-03
2026-03-21,MP-0106,salida,19.2,CONS-117313,BOD-02,OP-03
2026-03-21,MP-0051,salida,72.5,CONS-117320,BOD-03,OP-01
2026-03-21,MP-0411,salida,28.9,CONS-117327,BOD-02,OP-02
2026-03-21,MP-0238,salida,27.2,CONS-117334,BOD-01,OP-03
2026-03-21,MP-0004,salida,33.1,CONS-117341,BOD-03,OP-02
2026-03-21,MP-0033,salida,29.3,CONS-117348,BOD-02,OP-02
2026-03-21,MP-0045,salida,18.6,CONS-117355,BOD-01,OP-05
2026-03-21,MP-0386,salida,41.1,CONS-117362,BOD-02,OP-04
2026-03-21,MP-0393,salida,13.2,CONS-117369,BOD-03,OP-03
2026-03-21,MP-0373,salida,106.1,CONS-117376,BOD-03,OP-01
2026-03-21,MP-0015,salida,49.6,CONS-117383,BOD-02,OP-06
2026-03-21,MP-0012,salida,75.1,CONS-117390,BOD-02,OP-04
2026-03-21,MP-0142,salida,75.5,CONS-117397,BOD-03,OP-04
2026-03-21,MP-0102,salida,92.0,CONS-117404,BOD-01,OP-02
2026-03-21,MP-0114,salida,22.0,CONS-117411,BOD-02,OP-02
2026-03-21,MP-0325,salida,59.2,CONS-117418,BOD-01,OP-03
2026-03-21,MP-0193,salida,53.3,CONS-117425,BOD-03,OP-04
2026-03-21,MP-0330,salida,24.6,CONS-117432,BOD-02,OP-03
2026-03-21,MP-0024,salida,127.7,CONS-117439,BOD-01,OP-04
2026-03-21,MP-0117,salida,40.9,CONS-117446,BOD-02,OP-05
2026-03-21,MP-0060,salida,36.5,CONS-117453,BOD-03,OP-02
2026-03-21,MP-0162,salida,6.9,CONS-117467,BOD-03,OP-01
2026-03-21,MP-0009,salida,58.9,CONS-117474,BOD-02,OP-06
2026-03-21,MP-0077,salida,-85.7,CONS-117488,BOD-03,OP-03
2026-03-21,MP-0273,salida,91.4,CONS-117495,BOD-01,OP-02
2026-03-21,MP-0026,salida,60.1,CONS-117502,BOD-01,OP-05
2026-03-21,MP-0111,salida,92.4,CONS-117509,BOD-03,OP-05
2026-03-21,MP-0071,salida,73.3,CONS-117516,BOD-03,OP-02
2026-03-21,MP-0388,salida,70.6,CONS-117523,BOD-02,OP-05
2026-03-21,MP-0227,salida,42.3,CONS-117530,BOD-03,OP-03
2026-03-21,MP-0088,salida,109.3,CONS-117537,BOD-02,OP-01
2026-03-21,MP-0143,salida,122.2,CONS-117544,BOD-01,OP-01
2026-03-21,MP-0181,salida,102.7,CONS-117551,BOD-01,OP-05
2026-03-21,MP-0385,salida,30.1,CONS-117558,BOD-03,OP-02
2026-03-21,MP-0321,salida,55.4,CONS-117565,BOD-03,OP-04
2026-03-21,MP-0080,salida,61.8,CONS-117586,BOD-03,OP-04
2026-03-21,MP-0139,salida,113.9,CONS-117593,BOD-02,OP-05
2026-03-21,MP-0339,salida,24.3,CONS-117607,BOD-01,OP-01
2026-03-21,MP-0059,salida,41.5,CONS-117621,BOD-03,OP-03
2026-03-21,MP-0211,salida,32.5,CONS-117628,BOD-01,OP-02
2026-03-21,MP-0390,salida,23.3,CONS-117642,BOD-02,OP-01
2026-03-21,MP-0268,salida,21.3,CONS-117649,BOD-01,OP-01
2026-03-21,MP-0039,salida,7.3,CONS-117656,BOD-02,OP-06
2026-03-21,MP-0032,salida,14.3,CONS-117663,BOD-03,OP-06
2026-03-21,MP-0129,salida,48.6,CONS-117670,BOD-01,OP-06
2026-03-21,MP-0136,salida,41.8,CONS-117677,BOD-02,OP-05
2026-03-21,MP-0217,salida,36.9,CONS-117684,BOD-01,OP-01
2026-03-21,MP-0344,salida,61.2,CONS-117691,BOD-03,OP-06
2026-03-22,MP-0048,entrada,236,REC-OC-5636,BOD-03,OP-02
2026-03-22,MP-0218,entrada,92,REC-OC-6261,BOD-01,OP-03
2026-03-24,MP-0132,entrada,234,REC-OC-6085,BOD-02,OP-03
2026-03-25,MP-0035,entrada,1290,REC-OC-5531,BOD-01,OP-04
2026-03-25,MP-0019,salida,93.5,CONS-116922,BOD-01,OP-04
2026-03-25,MP-0022,salida,106.7,CONS-116929,BOD-02,OP-03
2026-03-25,MP-0370,salida,17.7,CONS-116950,BOD-03,OP-01
2026-03-25,MP-0299,salida,68.4,CONS-116957,BOD-01,OP-02
2026-03-25,MP-0309,salida,62.1,CONS-116964,BOD-03,OP-06
2026-03-25,MP-0418,salida,57.6,CONS-116971,BOD-02,OP-05
2026-03-25,MP-0008,salida,156.9,CONS-116978,BOD-03,OP-02
2026-03-25,MP-0005,salida,79.7,CONS-116985,BOD-03,OP-06
2026-03-25,MP-0133,salida,57.9,CONS-116992,BOD-01,OP-05
2026-03-25,MP-0101,salida,50.9,CONS-116999,BOD-03,OP-02
2026-03-25,MP-0149,salida,93.5,CONS-117006,BOD-03,OP-06
2026-03-25,MP-0189,salida,41.2,CONS-117013,BOD-03,OP-05
2026-03-25,MP-0254,salida,59.9,CONS-117020,BOD-02,OP-06
2026-03-25,MP-0161,salida,22.4,CONS-117027,BOD-03,OP-01
2026-03-25,MP-0197,salida,54.2,CONS-117034,BOD-01,OP-01
2026-03-25,MP-0037,salida,21.2,CONS-117041,BOD-03,OP-02
2026-03-25,MP-0018,salida,3.5,CONS-117048,BOD-01,OP-04
2026-03-25,MP-0137,salida,17.8,CONS-117055,BOD-02,OP-01
2026-03-25,MP-0073,salida,25.6,CONS-117062,BOD-03,OP-05
2026-03-25,MP-0118,salida,23.0,CONS-117069,BOD-03,OP-02
2026-03-25,MP-0199,salida,21.8,CONS-117076,BOD-03,OP-03
2026-03-25,MP-0116,salida,28.9,CONS-117097,BOD-02,OP-04
2026-03-25,MP-0108,salida,58.2,CONS-117104,BOD-01,OP-02
2026-03-25,MP-0293,salida,50.7,CONS-117111,BOD-01,OP-04
2026-03-25,MP-0239,salida,24.1,CONS-117118,BOD-01,OP-04
2026-03-25,MP-0016,salida,208.0,CONS-117125,BOD-03,OP-03
2026-03-25,MP-0030,salida,29.3,CONS-117132,BOD-02,OP-03
2026-03-25,MP-0120,salida,140.3,CONS-117139,BOD-03,OP-06
2026-03-25,MP-0043,salida,81.2,CONS-117146,BOD-01,OP-02
2026-03-25,MP-0182,salida,136.3,CONS-117153,BOD-02,OP-03
2026-03-25,MP-0369,salida,163.3,CONS-117160,BOD-01,OP-03
2026-03-25,MP-0157,salida,180.5,CONS-117167,BOD-01,OP-01
2026-03-25,MP-0001,salida,41.6,CONS-117174,BOD-02,OP-04
2026-03-25,MP-0014,salida,33.8,CONS-117181,BOD-03,OP-03
2026-03-25,MP-0047,salida,17.9,CONS-117195,BOD-03,OP-02
2026-03-25,MP-0244,salida,20.2,CONS-117202,BOD-02,OP-01
2026-03-25,MP-0122,salida,74.2,CONS-117209,BOD-01,OP-02
2026-03-25,MP-0132,salida,123.1,CONS-117216,BOD-01,OP-02
2026-03-25,MP-0131,salida,45.5,CONS-117223,BOD-01,OP-05
2026-03-25,MP-0216,salida,95.1,CONS-117230,BOD-02,OP-04
2026-03-25,MP-0272,salida,12.1,CONS-117237,BOD-03,OP-01
2026-03-25,MP-0010,salida,110.5,CONS-117244,BOD-02,OP-04
2026-03-25,MP-0002,salida,62.7,CONS-117251,BOD-03,OP-05
2026-03-25,MP-0150,salida,87.8,CONS-117258,BOD-01,OP-01
2026-03-25,MP-0085,salida,108.5,CONS-117265,BOD-02,OP-01
2026-03-25,MP-0202,salida,134.7,CONS-117272,BOD-01,OP-01
2026-03-25,MP-0153,salida,61.9,CONS-117279,BOD-01,OP-04
2026-03-25,MP-0178,salida,29.2,CONS-117286,BOD-01,OP-03
2026-03-25,MP-0229,salida,137.9,CONS-117293,BOD-01,OP-05
2026-03-25,MP-0013,salida,29.1,CONS-117300,BOD-03,OP-04
2026-03-25,MP-0020,salida,49.5,CONS-117307,BOD-03,OP-04
2026-03-25,MP-0106,salida,19.2,CONS-117314,BOD-02,OP-06
2026-03-25,MP-0051,salida,72.5,CONS-117321,BOD-01,OP-04
2026-03-25,MP-0411,salida,28.9,CONS-117328,BOD-02,OP-04
2026-03-25,MP-0238,salida,27.2,CONS-117335,BOD-03,OP-06
2026-03-25,MP-0033,salida,29.3,CONS-117349,BOD-03,OP-03
2026-03-25,MP-0045,salida,18.6,CONS-117356,BOD-01,OP-01
2026-03-25,MP-0393,salida,13.2,CONS-117370,BOD-03,OP-06
2026-03-25,MP-0373,salida,106.1,CONS-117377,BOD-01,OP-04
2026-03-25,MP-0015,salida,49.6,CONS-117384,BOD-01,OP-02
2026-03-25,MP-0012,salida,75.1,CONS-117391,BOD-02,OP-02
2026-03-25,MP-0142,salida,75.5,CONS-117398,BOD-02,OP-02
2026-03-25,MP-0102,salida,92.0,CONS-117405,BOD-01,OP-01
2026-03-25,MP-0114,salida,22.0,CONS-117412,BOD-03,OP-04
2026-03-25,MP-0325,salida,59.2,CONS-117419,BOD-03,OP-05
2026-03-25,MP-0193,salida,53.3,CONS-117426,BOD-02,OP-02
2026-03-25,MP-0330,salida,24.6,CONS-117433,BOD-03,OP-06
2026-03-25,MP-0024,salida,127.7,CONS-117440,BOD-02,OP-03
2026-03-25,MP-0117,salida,40.9,CONS-117447,BOD-02,OP-02
2026-03-25,MP-0060,salida,36.5,CONS-117454,BOD-01,OP-01
2026-03-25,MP-0357,salida,44.9,CONS-117461,BOD-02,OP-03
2026-03-25,MP-0162,salida,6.9,CONS-117468,BOD-03,OP-06
2026-03-25,MP-0009,salida,58.9,CONS-117475,BOD-03,OP-06
2026-03-25,MP-0076,salida,81.4,CONS-117482,BOD-01,OP-05
2026-03-25,MP-0077,salida,85.7,CONS-117489,BOD-02,OP-02
2026-03-25,MP-0273,salida,91.4,CONS-117496,BOD-01,OP-01
2026-03-25,MP-0026,salida,60.1,CONS-117503,BOD-02,OP-04
2026-03-25,MP-0071,salida,73.3,CONS-117517,BOD-03,OP-04
2026-03-25,MP-0388,salida,-70.6,CONS-117524,BOD-03,OP-06
2026-03-25,MP-0227,salida,42.3,CONS-117531,BOD-01,OP-02
2026-03-25,MP-0088,salida,109.3,CONS-117538,BOD-02,OP-03
2026-03-25,MP-0181,salida,102.7,CONS-117552,BOD-03,OP-04
2026-03-25,MP-0385,salida,30.1,CONS-117559,BOD-01,OP-04
2026-03-25,MP-0321,salida,55.4,CONS-117566,BOD-03,OP-02
2026-03-25,MP-0343,salida,123.1,CONS-117573,BOD-02,OP-02
2026-03-25,MP-0036,salida,56.0,CONS-117580,BOD-01,OP-02
2026-03-25,MP-0080,salida,61.8,CONS-117587,BOD-03,OP-02
2026-03-25,MP-0139,salida,113.9,CONS-117594,BOD-01,OP-01
2026-03-25,MP-0356,salida,73.0,CONS-117601,BOD-01,OP-06
2026-03-25,MP-0339,salida,24.3,CONS-117608,BOD-03,OP-05
2026-03-25,MP-0078,salida,67.3,CONS-117615,BOD-02,OP-05
2026-03-25,MP-0059,salida,41.5,CONS-117622,BOD-03,OP-06
2026-03-25,MP-0211,salida,32.5,CONS-117629,BOD-03,OP-06
2026-03-25,MP-0340,salida,32.5,CONS-117636,BOD-01,OP-06
2026-03-25,MP-0390,salida,23.3,CONS-117643,BOD-02,OP-04
2026-03-25,MP-0268,salida,21.3,CONS-117650,BOD-03,OP-06
2026-03-25,MP-0039,salida,7.3,CONS-117657,BOD-03,OP-03
2026-03-25,MP-0032,salida,14.3,CONS-117664,BOD-02,OP-03
2026-03-25,MP-0129,salida,48.6,CONS-117671,BOD-02,OP-05
2026-03-25,MP-0136,salida,41.8,CONS-117678,BOD-01,OP-04
2026-03-25,MP-0217,salida,-36.9,CONS-117685,BOD-01,OP-01
2026-03-25,MP-0344,salida,61.2,CONS-117692,BOD-03,OP-02
2026-03-26,MP-0133,entrada,194,REC-OC-6088,BOD-02,OP-01
2026-03-26,MP-0046,entrada,302,REC-OC-5628,BOD-02,OP-04
2026-03-28,MP-0038,entrada,668,REC-OC-5552,BOD-01,OP-01
2026-03-28,MP-0061,entrada,166,REC-OC-5716,BOD-01,OP-06
2026-03-28,MP-0062,entrada,197,REC-OC-5718,BOD-01,OP-03
2026-03-29,MP-0037,entrada,796,REC-OC-5548,BOD-01,OP-06
2026-03-29,MP-0226,entrada,17,REC-OC-6269,BOD-01,OP-01
2026-03-29,MP-0089,entrada,271,REC-OC-5847,BOD-03,OP-06
2026-03-29,MP-0378,entrada,86,REC-OC-6427,BOD-02,OP-06
2026-03-30,MP-0032,entrada,1720,REC-OC-5470,BOD-02,OP-02
2026-03-30,MP-0167,entrada,78,REC-OC-6208,BOD-03,OP-02
2026-03-31,MP-0080,entrada,260,REC-OC-5791,BOD-01,OP-03
2026-03-31,MP-0083,entrada,172,REC-OC-5806,BOD-02,OP-02
2026-03-31,MP-0048,entrada,326,REC-OC-5635,BOD-01,OP-03
2026-05-13,MP-0002,salida,48,CONS-120084,BOD-01,OP-99
2026-05-13,MP-0047,salida,26,CONS-120085,BOD-03,OP-99
2026-05-13,MP-0138,salida,41,CONS-120086,BOD-03,OP-99
2026-05-13,MP-0080,salida,27,CONS-120087,BOD-03,OP-99
2026-05-13,MP-0106,salida,42,CONS-120088,BOD-03,OP-99
2026-05-13,MP-0152,salida,6,CONS-120089,BOD-02,OP-99
2026-05-13,MP-0242,salida,18,CONS-120090,BOD-02,OP-99
2026-05-13,MP-0180,salida,33,CONS-120091,BOD-01,OP-99
2026-05-13,MP-0242,salida,41,CONS-120092,BOD-03,OP-99
2026-05-13,MP-0174,salida,25,CONS-120093,BOD-02,OP-99
2026-05-13,MP-0152,salida,27,CONS-120094,BOD-02,OP-99
2026-05-13,MP-0289,salida,31,CONS-120095,BOD-02,OP-99
2026-05-13,MP-0363,salida,11,CONS-120096,BOD-01,OP-99
2026-05-13,MP-0113,salida,47,CONS-120097,BOD-02,OP-99
2026-05-13,MP-0032,salida,42,CONS-120098,BOD-01,OP-99
